-- phpMyAdmin SQL Dump
-- version 4.5.2
-- http://www.phpmyadmin.net
--
-- Host: 127.0.0.1
-- Generation Time: Dec 01, 2018 at 11:56 AM
-- Server version: 5.7.24-0ubuntu0.16.04.1
-- PHP Version: 5.6.20

SET SQL_MODE = "NO_AUTO_VALUE_ON_ZERO";
SET time_zone = "+00:00";


/*!40101 SET @OLD_CHARACTER_SET_CLIENT=@@CHARACTER_SET_CLIENT */;
/*!40101 SET @OLD_CHARACTER_SET_RESULTS=@@CHARACTER_SET_RESULTS */;
/*!40101 SET @OLD_COLLATION_CONNECTION=@@COLLATION_CONNECTION */;
/*!40101 SET NAMES utf8mb4 */;

--
-- Database: `rapp`
--

-- --------------------------------------------------------

--
-- Table structure for table `auth_group`
--

CREATE TABLE `auth_group` (
  `id` int(11) NOT NULL,
  `name` varchar(80) NOT NULL
) ENGINE=InnoDB DEFAULT CHARSET=utf8;

-- --------------------------------------------------------

--
-- Table structure for table `auth_group_permissions`
--

CREATE TABLE `auth_group_permissions` (
  `id` int(11) NOT NULL,
  `group_id` int(11) NOT NULL,
  `permission_id` int(11) NOT NULL
) ENGINE=InnoDB DEFAULT CHARSET=utf8;

-- --------------------------------------------------------

--
-- Table structure for table `auth_permission`
--

CREATE TABLE `auth_permission` (
  `id` int(11) NOT NULL,
  `name` varchar(255) NOT NULL,
  `content_type_id` int(11) NOT NULL,
  `codename` varchar(100) NOT NULL
) ENGINE=InnoDB DEFAULT CHARSET=utf8;

--
-- Dumping data for table `auth_permission`
--

INSERT INTO `auth_permission` (`id`, `name`, `content_type_id`, `codename`) VALUES
(1, 'Can add log entry', 1, 'add_logentry'),
(2, 'Can change log entry', 1, 'change_logentry'),
(3, 'Can delete log entry', 1, 'delete_logentry'),
(4, 'Can add group', 2, 'add_group'),
(5, 'Can change group', 2, 'change_group'),
(6, 'Can delete group', 2, 'delete_group'),
(7, 'Can add user', 3, 'add_user'),
(8, 'Can change user', 3, 'change_user'),
(9, 'Can delete user', 3, 'delete_user'),
(10, 'Can add permission', 4, 'add_permission'),
(11, 'Can change permission', 4, 'change_permission'),
(12, 'Can delete permission', 4, 'delete_permission'),
(13, 'Can add content type', 5, 'add_contenttype'),
(14, 'Can change content type', 5, 'change_contenttype'),
(15, 'Can delete content type', 5, 'delete_contenttype'),
(16, 'Can add session', 6, 'add_session'),
(17, 'Can change session', 6, 'change_session'),
(18, 'Can delete session', 6, 'delete_session'),
(19, 'Can add authors', 7, 'add_authors'),
(20, 'Can change authors', 7, 'change_authors'),
(21, 'Can delete authors', 7, 'delete_authors'),
(22, 'Can add publishers', 8, 'add_publishers'),
(23, 'Can change publishers', 8, 'change_publishers'),
(24, 'Can delete publishers', 8, 'delete_publishers'),
(25, 'Can add ebooks', 9, 'add_ebooks'),
(26, 'Can change ebooks', 9, 'change_ebooks'),
(27, 'Can delete ebooks', 9, 'delete_ebooks'),
(28, 'Can add file', 10, 'add_file'),
(29, 'Can change file', 10, 'change_file'),
(30, 'Can delete file', 10, 'delete_file'),
(31, 'Can add user p', 11, 'add_userp'),
(32, 'Can change user p', 11, 'change_userp'),
(33, 'Can delete user p', 11, 'delete_userp'),
(34, 'Can add subscribers', 12, 'add_subscribers'),
(35, 'Can change subscribers', 12, 'change_subscribers'),
(36, 'Can delete subscribers', 12, 'delete_subscribers'),
(37, 'Can add category', 13, 'add_category'),
(38, 'Can change category', 13, 'change_category'),
(39, 'Can delete category', 13, 'delete_category'),
(40, 'Can add usercart', 14, 'add_usercart'),
(41, 'Can change usercart', 14, 'change_usercart'),
(42, 'Can delete usercart', 14, 'delete_usercart'),
(43, 'Can add wishlist', 15, 'add_wishlist'),
(44, 'Can change wishlist', 15, 'change_wishlist'),
(45, 'Can delete wishlist', 15, 'delete_wishlist'),
(46, 'Can add dashboard', 16, 'add_dashboard'),
(47, 'Can change dashboard', 16, 'change_dashboard'),
(48, 'Can delete dashboard', 16, 'delete_dashboard'),
(49, 'Can add transactions', 17, 'add_transactions'),
(50, 'Can change transactions', 17, 'change_transactions'),
(51, 'Can delete transactions', 17, 'delete_transactions'),
(52, 'Can add notes', 18, 'add_notes'),
(53, 'Can change notes', 18, 'change_notes'),
(54, 'Can delete notes', 18, 'delete_notes'),
(55, 'Can add lastpage', 19, 'add_lastpage'),
(56, 'Can change lastpage', 19, 'change_lastpage'),
(57, 'Can delete lastpage', 19, 'delete_lastpage'),
(58, 'Can add search entry', 20, 'add_searchentry'),
(59, 'Can change search entry', 20, 'change_searchentry'),
(60, 'Can delete search entry', 20, 'delete_searchentry'),
(61, 'Can add uploaded', 21, 'add_uploaded'),
(62, 'Can change uploaded', 21, 'change_uploaded'),
(63, 'Can delete uploaded', 21, 'delete_uploaded'),
(64, 'Can add adminacc', 22, 'add_adminacc'),
(65, 'Can change adminacc', 22, 'change_adminacc'),
(66, 'Can delete adminacc', 22, 'delete_adminacc'),
(67, 'Can add gmailid', 23, 'add_gmailid'),
(68, 'Can change gmailid', 23, 'change_gmailid'),
(69, 'Can delete gmailid', 23, 'delete_gmailid'),
(70, 'Can add tag', 24, 'add_tag'),
(71, 'Can change tag', 24, 'change_tag'),
(72, 'Can delete tag', 24, 'delete_tag'),
(73, 'Can add bookmark', 25, 'add_bookmark'),
(74, 'Can change bookmark', 25, 'change_bookmark'),
(75, 'Can delete bookmark', 25, 'delete_bookmark'),
(76, 'Can add musicgenre', 26, 'add_musicgenre'),
(77, 'Can change musicgenre', 26, 'change_musicgenre'),
(78, 'Can delete musicgenre', 26, 'delete_musicgenre'),
(79, 'Can add musictag', 27, 'add_musictag'),
(80, 'Can change musictag', 27, 'change_musictag'),
(81, 'Can delete musictag', 27, 'delete_musictag'),
(82, 'Can add music', 28, 'add_music'),
(83, 'Can change music', 28, 'change_music'),
(84, 'Can delete music', 28, 'delete_music'),
(85, 'Can add musiclis', 29, 'add_musiclis'),
(86, 'Can change musiclis', 29, 'change_musiclis'),
(87, 'Can delete musiclis', 29, 'delete_musiclis'),
(88, 'Can add playlist', 30, 'add_playlist'),
(89, 'Can change playlist', 30, 'change_playlist'),
(90, 'Can delete playlist', 30, 'delete_playlist'),
(91, 'Can add highlight', 31, 'add_highlight'),
(92, 'Can change highlight', 31, 'change_highlight'),
(93, 'Can delete highlight', 31, 'delete_highlight'),
(94, 'Can add notefileitem', 32, 'add_notefileitem'),
(95, 'Can change notefileitem', 32, 'change_notefileitem'),
(96, 'Can delete notefileitem', 32, 'delete_notefileitem'),
(97, 'Can add notefile', 33, 'add_notefile'),
(98, 'Can change notefile', 33, 'change_notefile'),
(99, 'Can delete notefile', 33, 'delete_notefile'),
(100, 'Can add uploadadmin', 34, 'add_uploadadmin'),
(101, 'Can change uploadadmin', 34, 'change_uploadadmin'),
(102, 'Can delete uploadadmin', 34, 'delete_uploadadmin'),
(103, 'Can add keyvalue', 35, 'add_keyvalue'),
(104, 'Can change keyvalue', 35, 'change_keyvalue'),
(105, 'Can delete keyvalue', 35, 'delete_keyvalue');

-- --------------------------------------------------------

--
-- Table structure for table `auth_user`
--

CREATE TABLE `auth_user` (
  `id` int(11) NOT NULL,
  `password` varchar(128) NOT NULL,
  `last_login` datetime(6) DEFAULT NULL,
  `is_superuser` tinyint(1) NOT NULL,
  `username` varchar(150) NOT NULL,
  `first_name` varchar(30) NOT NULL,
  `last_name` varchar(150) NOT NULL,
  `email` varchar(254) NOT NULL,
  `is_staff` tinyint(1) NOT NULL,
  `is_active` tinyint(1) NOT NULL,
  `date_joined` datetime(6) NOT NULL
) ENGINE=InnoDB DEFAULT CHARSET=utf8;

--
-- Dumping data for table `auth_user`
--

INSERT INTO `auth_user` (`id`, `password`, `last_login`, `is_superuser`, `username`, `first_name`, `last_name`, `email`, `is_staff`, `is_active`, `date_joined`) VALUES
(1, 'bcrypt_sha256$$2b$12$hnD0NH19xgGME0Q137hySOvX0nhG.cHYkJKmPZmznYBNZgya.MvsG', '2018-05-04 06:29:47.000000', 1, 'sharatsawhney', '', '', 'sharatsawhney@gmail.com', 1, 1, '2018-03-14 07:34:03.000000'),
(3, 'bcrypt_sha256$$2b$12$yd0IVXTiTOD5NnzC0p1pNObf/8erfRuOUhbk7Mlsac13nD5dyLeYK', NULL, 0, 'sagarsharma', '', '', 'sagarsharma@gmail.com', 0, 1, '2018-03-17 12:23:41.432609'),
(23, 'bcrypt_sha256$$2b$12$p34TOI1Qvrk2dkhz8nIXm.M0T.v3y73meamVg0nG.RIcyrccY2oRe', '2018-12-01 03:26:56.142580', 1, 'sharat', '', '', 'sharatsawhneyy@gmail.com', 1, 1, '2018-05-04 05:01:09.084331'),
(34, 'bcrypt_sha256$$2b$12$dtFEtrJaw/XveE2tk25TR.TW.bOArppJgItEkUgegQHLCS.IOcFbq', '2018-08-21 08:41:34.933747', 0, 'sid', '', '', 'sidmote1@gmail.com', 0, 1, '2018-05-10 10:46:28.570289'),
(41, 'bcrypt_sha256$$2b$12$j..BjB8PFnuYtFodeYaFIemowofWFvbGoX0pVpA7Q/HnciQytJmma', NULL, 0, 'trialuser', 'Trial', 'User', 'trialuser@gmail.com', 0, 1, '2018-08-20 16:02:51.000000'),
(53, 'bcrypt_sha256$$2b$12$icQCFlu/N40bCJUDE8zkeOqAkKlVQJATxm93PotCZAW0hVXYK444O', '2018-08-21 17:00:18.994358', 0, 'Trial Publisher', '', '', 'sawhneysharat@gmail.com', 0, 1, '2018-08-21 16:58:01.707785');

-- --------------------------------------------------------

--
-- Table structure for table `auth_user_groups`
--

CREATE TABLE `auth_user_groups` (
  `id` int(11) NOT NULL,
  `user_id` int(11) NOT NULL,
  `group_id` int(11) NOT NULL
) ENGINE=InnoDB DEFAULT CHARSET=utf8;

-- --------------------------------------------------------

--
-- Table structure for table `auth_user_user_permissions`
--

CREATE TABLE `auth_user_user_permissions` (
  `id` int(11) NOT NULL,
  `user_id` int(11) NOT NULL,
  `permission_id` int(11) NOT NULL
) ENGINE=InnoDB DEFAULT CHARSET=utf8;

-- --------------------------------------------------------

--
-- Table structure for table `django_admin_log`
--

CREATE TABLE `django_admin_log` (
  `id` int(11) NOT NULL,
  `action_time` datetime(6) NOT NULL,
  `object_id` longtext,
  `object_repr` varchar(200) NOT NULL,
  `action_flag` smallint(5) UNSIGNED NOT NULL,
  `change_message` longtext NOT NULL,
  `content_type_id` int(11) DEFAULT NULL,
  `user_id` int(11) NOT NULL
) ENGINE=InnoDB DEFAULT CHARSET=utf8;

--
-- Dumping data for table `django_admin_log`
--

INSERT INTO `django_admin_log` (`id`, `action_time`, `object_id`, `object_repr`, `action_flag`, `change_message`, `content_type_id`, `user_id`) VALUES
(1, '2018-03-17 06:54:20.752008', '1', 'James', 1, '[{"added": {}}]', 7, 1),
(2, '2018-03-17 06:54:29.148380', '1', 'Unesco', 1, '[{"added": {}}]', 8, 1),
(3, '2018-03-17 10:15:28.760265', '1', 'Textbooks on hydrology', 1, '[{"added": {}}]', 9, 1),
(4, '2018-03-17 10:36:07.185387', '2', 'Textbooks on hydrology', 1, '[{"added": {}}]', 9, 1),
(5, '2018-03-17 10:55:09.310032', '1', 'Textbooks on hydrology', 3, '', 9, 1),
(6, '2018-03-17 11:01:06.097297', '3', 'Textbooks on hydrology', 1, '[{"added": {}}]', 9, 1),
(7, '2018-03-17 11:01:27.389475', '3', 'Textbooks on hydrology', 3, '', 9, 1),
(8, '2018-03-17 11:01:50.734288', '4', 'Textbooks on hydrology', 1, '[{"added": {}}]', 9, 1),
(9, '2018-03-17 11:01:59.907745', '4', 'Textbooks on hydrology', 3, '', 9, 1),
(10, '2018-03-17 11:02:19.882270', '5', 'Textbooks on hydrology', 1, '[{"added": {}}]', 9, 1),
(11, '2018-03-17 11:23:38.014554', '1', 'Textbooks on hydrology', 3, '', 9, 1),
(12, '2018-03-17 11:28:23.021223', '2', 'Unesco', 1, '[{"added": {}}]', 8, 1),
(13, '2018-03-17 11:28:26.725549', '2', 'James', 1, '[{"added": {}}]', 7, 1),
(14, '2018-03-17 11:29:53.987488', '6', 'Textbooks on hydrology', 1, '[{"added": {}}]', 9, 1),
(15, '2018-03-17 13:21:44.495900', '1', 'sagarsharma', 1, '[{"added": {}}]', 11, 1),
(16, '2018-03-18 16:13:38.021169', '4', 'tarun', 3, '', 3, 1),
(17, '2018-03-19 06:23:55.008145', '6', 'sid', 3, '', 3, 1),
(18, '2018-03-19 06:25:27.857265', '8', 'sid', 3, '', 3, 1),
(19, '2018-03-19 06:38:40.061248', '9', 'sid', 3, '', 3, 1),
(20, '2018-03-19 06:43:01.673607', '10', 'sid', 3, '', 3, 1),
(21, '2018-03-19 11:49:16.748465', '11', 'sid', 3, '', 3, 1),
(22, '2018-03-19 13:24:10.360651', '12', 'sid ', 3, '', 3, 1),
(23, '2018-03-19 13:27:14.672310', '13', 'sid', 3, '', 3, 1),
(24, '2018-03-19 13:31:49.237006', '14', 'sid', 3, '', 3, 1),
(25, '2018-03-19 13:32:27.118545', '15', 'sid', 3, '', 3, 1),
(26, '2018-03-19 14:02:22.633331', '16', 'sid', 3, '', 3, 1),
(27, '2018-03-19 14:04:03.735550', '17', 'sid', 3, '', 3, 1),
(28, '2018-03-19 14:55:21.278303', '18', 'sid', 3, '', 3, 1),
(29, '2018-03-19 14:58:56.928049', '19', 'sid', 3, '', 3, 1),
(30, '2018-03-19 18:28:45.155035', '20', 'sid', 3, '', 3, 1),
(31, '2018-03-19 18:32:08.555121', '21', 'sid', 3, '', 3, 1),
(32, '2018-03-20 13:07:05.789854', '1', 'Engineering', 1, '[{"added": {}}]', 13, 1),
(33, '2018-03-20 13:10:22.197975', '2', 'Textbooks on hydrology', 1, '[{"added": {}}]', 9, 1),
(34, '2018-03-20 13:23:21.508273', '3', 'Viking Press', 1, '[{"added": {}}]', 8, 1),
(35, '2018-03-20 13:23:27.896206', '3', 'S.E. Hinton', 1, '[{"added": {}}]', 7, 1),
(36, '2018-03-20 13:24:32.063045', '2', 'Novels', 1, '[{"added": {}}]', 13, 1),
(37, '2018-03-20 13:24:47.899181', '3', 'The Outsiders', 1, '[{"added": {}}]', 9, 1),
(38, '2018-03-20 13:42:18.012621', '4', 'G. Norman Lippert', 1, '[{"added": {}}]', 8, 1),
(39, '2018-03-20 13:42:19.568289', '4', 'G. Norman Lippert', 1, '[{"added": {}}]', 7, 1),
(40, '2018-03-20 13:43:08.074159', '4', 'James Potter and the Hall of Elders'' Crossing', 1, '[{"added": {}}]', 9, 1),
(41, '2018-03-20 13:46:27.461897', '5', 'Wish Publishing', 1, '[{"added": {}}]', 8, 1),
(42, '2018-03-20 13:46:29.393197', '5', 'Santonu Kumar Dhar', 1, '[{"added": {}}]', 7, 1),
(43, '2018-03-20 13:47:11.795679', '3', 'Motivational', 1, '[{"added": {}}]', 13, 1),
(44, '2018-03-20 13:47:24.922902', '5', 'The Effort', 1, '[{"added": {}}]', 9, 1),
(45, '2018-03-20 15:38:35.903641', '3', 'Self-Development', 2, '[{"changed": {"fields": ["cat"]}}]', 13, 1),
(46, '2018-03-20 15:39:01.305487', '4', 'Medical', 1, '[{"added": {}}]', 13, 1),
(47, '2018-03-20 15:39:07.641817', '5', 'Stories', 1, '[{"added": {}}]', 13, 1),
(48, '2018-03-20 16:37:22.215738', '2', 'Textbooks on hydrology', 2, '[]', 9, 1),
(49, '2018-03-21 04:35:28.626589', '5', 'The Effort', 2, '[{"changed": {"fields": ["dayopt"]}}]', 9, 1),
(50, '2018-03-21 04:35:43.919112', '4', 'James Potter and the Hall of Elders'' Crossing', 2, '[{"changed": {"fields": ["dayopt"]}}]', 9, 1),
(51, '2018-03-21 04:35:53.172951', '3', 'The Outsiders', 2, '[{"changed": {"fields": ["dayopt"]}}]', 9, 1),
(52, '2018-03-21 04:36:09.555271', '2', 'Textbooks on hydrology', 2, '[{"changed": {"fields": ["dayopt"]}}]', 9, 1),
(53, '2018-03-21 10:57:20.779217', '3', 'Textbooks on hydrology', 3, '', 14, 1),
(54, '2018-03-21 11:03:13.253871', '4', 'Textbooks on hydrology', 3, '', 14, 1),
(55, '2018-03-21 11:04:38.852114', '5', 'Textbooks on hydrology', 3, '', 14, 1),
(56, '2018-03-21 11:10:59.260946', '6', 'Textbooks on hydrology', 3, '', 14, 1),
(57, '2018-03-21 11:10:59.419518', '2', 'Textbooks on hydrology', 3, '', 14, 1),
(58, '2018-03-21 11:22:51.444836', '7', 'Textbooks on hydrology', 3, '', 14, 1),
(59, '2018-03-21 15:49:32.807920', '1', 'Wishlist object (1)', 1, '[{"added": {}}]', 15, 1),
(60, '2018-03-21 15:50:28.276087', '1', 'James Potter and the Hall of Elders'' Crossing', 3, '', 15, 1),
(61, '2018-03-21 15:51:10.529220', '2', 'James Potter and the Hall of Elders'' Crossing', 1, '[{"added": {}}]', 15, 1),
(62, '2018-03-21 16:08:00.033515', '3', 'James Potter and the Hall of Elders'' Crossing', 1, '[{"added": {}}]', 15, 1),
(63, '2018-03-21 16:16:01.292057', '4', 'James Potter and the Hall of Elders'' Crossing', 1, '[{"added": {}}]', 15, 1),
(64, '2018-03-28 14:12:49.795503', '1', 'b22eb34537f6f6753da6e0dc05713be0', 1, '[{"added": {}}]', 17, 1),
(65, '2018-04-01 08:58:00.957674', '5', 'The Effort', 2, '[{"changed": {"fields": ["deal"]}}]', 9, 1),
(66, '2018-04-01 08:58:18.400591', '4', 'James Potter and the Hall of Elders'' Crossing', 2, '[{"changed": {"fields": ["deal"]}}]', 9, 1),
(67, '2018-04-01 08:58:23.080519', '3', 'The Outsiders', 2, '[{"changed": {"fields": ["deal"]}}]', 9, 1),
(68, '2018-04-01 08:58:27.525636', '2', 'Textbooks on hydrology', 2, '[{"changed": {"fields": ["deal"]}}]', 9, 1),
(69, '2018-04-01 11:43:49.599455', '3', '2018-04-01 11:43:46+00:00', 1, '[{"added": {}}]', 16, 1),
(70, '2018-04-01 11:51:02.125995', '3', '2018-04-01 11:43:46+00:00', 2, '[]', 16, 1),
(71, '2018-04-01 11:51:08.905771', '3', '2018-04-01 11:43:46+00:00', 3, '', 16, 1),
(72, '2018-04-01 13:30:32.712957', '6', '2018-06-01 11:55:03+00:00', 2, '[{"changed": {"fields": ["itime"]}}]', 16, 1),
(73, '2018-04-01 13:30:40.760877', '6', '2018-02-01 11:55:03+00:00', 2, '[{"changed": {"fields": ["itime"]}}]', 16, 1),
(74, '2018-04-01 13:31:10.067176', '6', '2018-03-01 11:55:03+00:00', 2, '[{"changed": {"fields": ["itime"]}}]', 16, 1),
(75, '2018-04-01 13:31:48.583065', '6', '2018-03-02 11:55:03+00:00', 2, '[{"changed": {"fields": ["itime"]}}]', 16, 1),
(76, '2018-04-01 13:32:14.926595', '6', '2018-03-01 13:55:03+00:00', 2, '[{"changed": {"fields": ["itime"]}}]', 16, 1),
(77, '2018-04-01 13:32:30.640615', '6', '2018-03-01 12:55:03+00:00', 2, '[{"changed": {"fields": ["itime"]}}]', 16, 1),
(78, '2018-04-01 13:33:15.869761', '6', '2018-03-01 13:55:03+00:00', 2, '[{"changed": {"fields": ["itime"]}}]', 16, 1),
(79, '2018-04-01 13:33:51.331728', '6', '2018-03-01 12:55:03+00:00', 2, '[{"changed": {"fields": ["itime"]}}]', 16, 1),
(80, '2018-04-07 18:36:56.015516', '1', '', 3, '', 18, 1),
(81, '2018-04-07 18:47:49.577939', '3', 'Topic', 3, '', 18, 1),
(82, '2018-04-07 18:47:49.851656', '2', '', 3, '', 18, 1),
(83, '2018-04-07 18:49:26.121607', '4', 'Topic', 3, '', 18, 1),
(84, '2018-04-09 06:58:42.060034', '1', '1', 3, '', 19, 1),
(85, '2018-05-09 09:49:00.352523', '6', 'Textbooks on hydrology', 3, '', 14, 23),
(86, '2018-05-09 09:49:16.996366', '7', 'Textbooks on hydrology', 1, '[{"added": {}}]', 14, 23),
(87, '2018-05-09 12:13:53.659419', '1', 'The Outsiders', 3, '', 15, 23),
(88, '2018-05-09 12:14:02.124689', '2', 'The Outsiders', 1, '[{"added": {}}]', 15, 23),
(89, '2018-05-09 12:14:17.746183', '3', 'James Potter and the Hall of Elders'' Crossing', 1, '[{"added": {}}]', 15, 23),
(90, '2018-05-09 13:01:04.868126', '4', 'The Outsiders', 1, '[{"added": {}}]', 15, 23),
(91, '2018-05-09 13:01:18.843359', '5', 'The Effort', 1, '[{"added": {}}]', 15, 23),
(92, '2018-05-09 13:01:24.887378', '6', 'Textbooks on hydrology', 1, '[{"added": {}}]', 15, 23),
(93, '2018-05-09 13:01:32.793557', '7', 'Textbooks on hydrology', 1, '[{"added": {}}]', 15, 23),
(94, '2018-05-09 13:01:39.193706', '8', 'James Potter and the Hall of Elders'' Crossing', 1, '[{"added": {}}]', 15, 23),
(95, '2018-05-09 13:01:47.059826', '9', 'The Outsiders', 1, '[{"added": {}}]', 15, 23),
(96, '2018-05-09 13:29:35.172348', '6', '2018-03-01 12:55:03+00:00', 3, '', 16, 23),
(97, '2018-05-09 13:29:35.270158', '5', '2018-04-01 11:55:03.597988+00:00', 3, '', 16, 23),
(98, '2018-05-09 13:29:35.359057', '4', '2018-04-01 11:55:03.453555+00:00', 3, '', 16, 23),
(99, '2018-05-09 13:31:34.573109', '7', '2018-05-09 13:31:17+00:00', 1, '[{"added": {}}]', 16, 23),
(100, '2018-05-09 13:37:12.802827', '8', '2018-05-09 13:36:59+00:00', 1, '[{"added": {}}]', 16, 23),
(101, '2018-05-09 15:29:55.981484', '7', '2018-05-09 13:31:17+00:00', 3, '', 16, 23),
(102, '2018-05-09 15:30:57.235210', '9', '2018-05-09 15:30:49+00:00', 1, '[{"added": {}}]', 16, 23),
(103, '2018-05-10 09:38:06.444748', '3', 'sagarsharma', 3, '', 3, 23),
(104, '2018-05-10 09:38:06.505626', '2', 'sahil', 3, '', 3, 23),
(105, '2018-05-10 09:38:06.560916', '1', 'sharatsawhney', 3, '', 3, 23),
(106, '2018-05-10 09:38:06.605373', '22', 'sid', 3, '', 3, 23),
(107, '2018-05-10 09:38:06.638770', '5', 'tarun', 3, '', 3, 23),
(108, '2018-05-10 09:38:21.619560', '22', 'sid', 3, '', 3, 23),
(109, '2018-05-10 09:38:27.144821', '5', 'tarun', 3, '', 3, 23),
(110, '2018-05-10 09:38:33.931395', '2', 'sahil', 3, '', 3, 23),
(111, '2018-05-10 09:38:39.240978', '3', 'sagarsharma', 3, '', 3, 23),
(112, '2018-05-10 09:38:51.673613', '1', 'sharatsawhney', 3, '', 3, 23),
(113, '2018-05-10 09:41:59.818122', '24', 'sahil', 3, '', 3, 23),
(114, '2018-05-10 09:42:04.984802', '25', 'sid', 3, '', 3, 23),
(115, '2018-05-10 09:53:21.114435', '26', 'sid', 3, '', 3, 23),
(116, '2018-05-10 09:58:00.515300', '32', 'sid', 3, '', 3, 23),
(117, '2018-05-10 10:46:08.085914', '33', 'sid', 3, '', 3, 23),
(118, '2018-05-10 11:14:33.795304', '10', 'Textbooks on hydrology', 1, '[{"added": {}}]', 15, 23),
(119, '2018-05-10 11:15:04.432189', '11', 'The Effort', 1, '[{"added": {}}]', 15, 23),
(120, '2018-05-10 12:34:08.287989', '18', 'Textbooks on hydrology', 1, '[{"added": {}}]', 14, 23),
(121, '2018-05-10 12:46:46.211379', '18', 'Textbooks on hydrology', 2, '[{"changed": {"fields": ["buyrent"]}}]', 14, 23),
(122, '2018-05-10 14:02:40.421038', '4', 'James Potter and the Hall of Elders'' Crossing', 2, '[{"changed": {"fields": ["price"]}}]', 9, 23),
(123, '2018-05-10 14:02:49.874136', '5', 'The Effort', 2, '[{"changed": {"fields": ["price"]}}]', 9, 23),
(124, '2018-05-10 14:02:54.212161', '3', 'The Outsiders', 2, '[{"changed": {"fields": ["price"]}}]', 9, 23),
(125, '2018-05-10 14:02:58.891606', '2', 'Textbooks on hydrology', 2, '[{"changed": {"fields": ["price"]}}]', 9, 23),
(126, '2018-05-10 14:24:07.033464', '5', 'The Effort', 2, '[{"changed": {"fields": ["description"]}}]', 9, 23),
(127, '2018-05-10 14:26:52.445433', '5', 'The Effort', 2, '[{"changed": {"fields": ["description"]}}]', 9, 23),
(128, '2018-05-10 16:51:43.543158', '6', 'Biographies', 1, '[{"added": {}}]', 13, 23),
(129, '2018-05-10 17:23:09.359558', '9', '2018-05-09 15:30:49+00:00', 2, '[{"changed": {"fields": ["duration"]}}]', 16, 23),
(130, '2018-05-10 17:23:25.573429', '9', '2018-05-04 15:30:49+00:00', 2, '[{"changed": {"fields": ["itime"]}}]', 16, 23),
(131, '2018-05-10 17:24:53.735324', '9', '2018-05-05 15:30:49+00:00', 2, '[{"changed": {"fields": ["itime"]}}]', 16, 23),
(132, '2018-05-10 17:25:02.612033', '9', '2018-05-06 15:30:49+00:00', 2, '[{"changed": {"fields": ["itime"]}}]', 16, 23),
(133, '2018-05-10 17:25:26.032477', '9', '2018-05-07 15:30:49+00:00', 2, '[{"changed": {"fields": ["itime"]}}]', 16, 23),
(134, '2018-05-10 17:25:58.331844', '9', '2018-05-07 16:30:49+00:00', 2, '[{"changed": {"fields": ["itime"]}}]', 16, 23),
(135, '2018-05-10 17:26:18.199015', '9', '2018-05-07 17:30:49+00:00', 2, '[{"changed": {"fields": ["itime"]}}]', 16, 23),
(136, '2018-05-10 17:27:22.623980', '8', '2018-05-09 13:36:59+00:00', 2, '[{"changed": {"fields": ["duration"]}}]', 16, 23),
(137, '2018-05-10 17:27:27.537358', '9', '2018-05-07 17:30:49+00:00', 2, '[{"changed": {"fields": ["duration"]}}]', 16, 23),
(138, '2018-05-11 13:21:06.746062', '10', '2018-05-11 13:20:43+00:00', 1, '[{"added": {}}]', 16, 23),
(139, '2018-05-11 13:29:13.397950', '9', '2018-05-07 17:30:49+00:00', 2, '[{"changed": {"fields": ["active"]}}]', 16, 23),
(140, '2018-05-11 13:29:17.329715', '9', '2018-05-07 17:30:49+00:00', 2, '[{"changed": {"fields": ["active"]}}]', 16, 23),
(141, '2018-05-11 13:29:41.260167', '9', '2018-05-07 17:30:49+00:00', 2, '[{"changed": {"fields": ["duration"]}}]', 16, 23),
(142, '2018-05-11 14:00:17.065478', '1', 'sagarsharma', 3, '', 11, 23),
(143, '2018-05-11 14:01:52.715926', '2', 'sid', 1, '[{"added": {}}]', 11, 23),
(144, '2018-05-11 15:57:08.451726', '3', '', 3, '', 21, 23),
(145, '2018-05-11 16:00:08.727416', '4', 'media/5.pdf', 3, '', 21, 23),
(146, '2018-05-11 16:06:25.347453', '5', 'media/5.pdf', 3, '', 21, 23),
(147, '2018-05-11 16:08:40.907026', '7', 'media/5.pdf', 3, '', 21, 23),
(148, '2018-05-11 16:08:41.013525', '6', 'media/2.pdf', 3, '', 21, 23),
(149, '2018-05-11 16:08:41.076391', '2', 'media/3_KjhuqYT.pdf', 3, '', 21, 23),
(150, '2018-05-11 16:08:41.143007', '1', 'media/3.pdf', 3, '', 21, 23),
(151, '2018-05-11 16:11:09.265001', '8', 'media/reader.tar.gz', 3, '', 21, 23),
(152, '2018-05-12 16:00:54.262030', '16', 'New note', 2, '[{"changed": {"fields": ["user"]}}]', 18, 23),
(153, '2018-05-12 16:00:54.396492', '16', 'New note', 2, '[]', 18, 23),
(154, '2018-05-12 16:01:37.532903', '16', 'New note', 2, '[]', 18, 23),
(155, '2018-05-12 16:18:25.228467', '4', '1', 3, '', 19, 23),
(156, '2018-05-12 16:44:34.420664', '6', '14', 3, '', 19, 23),
(157, '2018-05-12 16:51:58.547274', '3', '18', 3, '', 19, 23),
(158, '2018-05-12 16:51:58.637085', '2', '20', 3, '', 19, 23),
(159, '2018-05-12 16:51:58.682630', '3', '18', 3, '', 19, 23),
(160, '2018-05-12 16:51:58.783600', '2', '20', 3, '', 19, 23),
(161, '2018-05-12 21:22:18.376421', '11', '2018-05-12 21:21:59+00:00', 1, '[{"added": {}}]', 16, 23),
(162, '2018-05-13 11:58:49.709236', '5', 'The Effort', 2, '[{"changed": {"fields": ["priority"]}}]', 9, 23),
(163, '2018-05-13 11:58:56.917522', '4', 'James Potter and the Hall of Elders'' Crossing', 2, '[{"changed": {"fields": ["priority"]}}]', 9, 23),
(164, '2018-05-13 11:59:16.558997', '3', 'The Outsiders', 2, '[{"changed": {"fields": ["priority"]}}]', 9, 23),
(165, '2018-05-13 22:40:48.996593', '6', 'Test Publisher', 3, '', 8, 23),
(166, '2018-05-14 09:07:38.451820', '9', 'Test2', 2, '[{"changed": {"fields": ["dayopt"]}}]', 9, 23),
(167, '2018-05-14 09:17:52.704046', '11', 'Test4', 3, '', 9, 23),
(168, '2018-05-14 09:17:52.771624', '10', 'Test3', 3, '', 9, 23),
(169, '2018-05-14 09:17:52.812967', '9', 'Test2', 3, '', 9, 23),
(170, '2018-05-14 09:17:52.857470', '8', 'Test', 3, '', 9, 23),
(171, '2018-05-14 09:18:15.684507', '9', 'Test4 Author', 3, '', 7, 23),
(172, '2018-05-14 09:18:15.751615', '8', 'Test3 Author', 3, '', 7, 23),
(173, '2018-05-14 09:18:15.794588', '7', 'Test2 Author', 3, '', 7, 23),
(174, '2018-05-14 09:18:15.839032', '6', 'Test Author', 3, '', 7, 23),
(175, '2018-05-14 09:18:25.923593', '9', 'Test4 Publisher', 3, '', 8, 23),
(176, '2018-05-14 09:18:25.974608', '8', 'Test3 Publisher', 3, '', 8, 23),
(177, '2018-05-14 09:18:26.147682', '7', 'Test2 Publisher', 3, '', 8, 23),
(178, '2018-05-14 09:18:26.192537', '6', 'Test Publisher', 3, '', 8, 23),
(179, '2018-05-14 10:52:04.502710', '13', 'Test2', 3, '', 9, 23),
(180, '2018-05-14 10:52:04.561974', '12', 'Test', 3, '', 9, 23),
(181, '2018-05-14 10:52:16.891563', '11', 'Test2 Author', 3, '', 7, 23),
(182, '2018-05-14 10:52:16.980897', '10', 'Test Author', 3, '', 7, 23),
(183, '2018-05-14 10:52:27.048330', '11', 'Test2 Publisher', 3, '', 8, 23),
(184, '2018-05-14 10:52:27.114568', '10', 'Test Publisher', 3, '', 8, 23),
(185, '2018-05-14 11:02:14.149401', '14', 'Test', 3, '', 9, 23),
(186, '2018-05-14 11:02:21.790144', '12', 'Test Author', 3, '', 7, 23),
(187, '2018-05-14 11:02:32.222777', '12', 'Test Publisher', 3, '', 8, 23),
(188, '2018-06-02 10:15:51.727219', '37', 'sawhney', 3, '', 3, 23),
(189, '2018-08-19 09:26:38.883895', '34', 'sid', 3, '', 3, 23),
(190, '2018-08-19 09:30:21.678486', '34', 'sid', 3, '', 3, 23),
(191, '2018-08-19 09:30:21.844266', '34', 'sid', 3, '', 3, 23),
(192, '2018-08-19 09:34:34.766133', '34', 'sid', 3, '', 3, 23),
(193, '2018-08-19 09:35:35.002812', '34', 'sid', 3, '', 3, 23),
(194, '2018-08-19 09:40:46.704907', '34', 'sid', 3, '', 3, 23),
(195, '2018-08-19 09:42:19.130430', '38', 'shararat', 3, '', 3, 23),
(196, '2018-08-19 10:01:32.230658', '1', 'sharatsawhney', 3, '', 3, 23),
(197, '2018-08-19 10:02:17.362815', '1', 'sharatsawhney', 2, '[{"changed": {"fields": ["email"]}}]', 3, 23),
(198, '2018-08-19 20:23:11.098196', '56', '4', 3, '', 19, 23),
(199, '2018-08-20 09:24:13.626308', '60', 'Dhu', 3, '', 18, 23),
(200, '2018-08-20 09:24:13.765929', '59', 'Hulchul', 3, '', 18, 23),
(201, '2018-08-20 09:24:13.812654', '58', 'Dhoom', 3, '', 18, 23),
(202, '2018-08-20 09:24:13.857813', '57', 'Dust', 3, '', 18, 23),
(203, '2018-08-20 09:24:13.902379', '56', 'High', 3, '', 18, 23),
(204, '2018-08-20 09:24:13.946745', '55', 'Highlighter', 3, '', 18, 23),
(205, '2018-08-20 09:24:14.002584', '54', 'newest note', 3, '', 18, 23),
(206, '2018-08-20 09:24:14.046805', '53', 'newest note', 3, '', 18, 23),
(207, '2018-08-20 09:24:14.091306', '52', 'newest note', 3, '', 18, 23),
(208, '2018-08-20 09:24:14.135744', '51', 'hella', 3, '', 18, 23),
(209, '2018-08-20 09:24:14.180229', '50', 'Extra Note', 3, '', 18, 23),
(210, '2018-08-20 09:24:14.224720', '49', 'NEW NOTE', 3, '', 18, 23),
(211, '2018-08-20 09:24:14.269013', '48', 'Drytack', 3, '', 18, 23),
(212, '2018-08-20 09:24:14.313287', '47', '', 3, '', 18, 23),
(213, '2018-08-20 09:24:14.357895', '46', 'esd', 3, '', 18, 23),
(214, '2018-08-20 09:24:14.402542', '45', 'eg', 3, '', 18, 23),
(215, '2018-08-20 09:24:14.447355', '44', 'ef', 3, '', 18, 23),
(216, '2018-08-20 09:24:14.569400', '43', 'drf', 3, '', 18, 23),
(217, '2018-08-20 09:24:14.625059', '42', 'dfg', 3, '', 18, 23),
(218, '2018-08-20 09:24:14.669561', '41', 'frfr', 3, '', 18, 23),
(219, '2018-08-20 09:24:14.713715', '40', 'rfrfr', 3, '', 18, 23),
(220, '2018-08-20 09:24:14.758232', '39', 'ff', 3, '', 18, 23),
(221, '2018-08-20 09:24:14.803481', '38', 'frf', 3, '', 18, 23),
(222, '2018-08-20 09:24:14.858150', '37', '', 3, '', 18, 23),
(223, '2018-08-20 09:24:15.003102', '36', 'frfr', 3, '', 18, 23),
(224, '2018-08-20 09:24:15.047686', '35', 'eds', 3, '', 18, 23),
(225, '2018-08-20 09:24:15.105261', '34', 'frfr', 3, '', 18, 23),
(226, '2018-08-20 09:24:15.160689', '33', 'defg', 3, '', 18, 23),
(227, '2018-08-20 09:24:15.216173', '32', 'tri', 3, '', 18, 23),
(228, '2018-08-20 09:24:15.271885', '31', 'ed', 3, '', 18, 23),
(229, '2018-08-20 09:24:15.327398', '30', 'efvfevefvv', 3, '', 18, 23),
(230, '2018-08-20 09:24:15.382950', '29', 'dvfefev', 3, '', 18, 23),
(231, '2018-08-20 09:24:15.438502', '28', 'evfevfe', 3, '', 18, 23),
(232, '2018-08-20 09:24:15.494182', '27', 'eww', 3, '', 18, 23),
(233, '2018-08-20 09:24:15.549713', '26', 'fr3f', 3, '', 18, 23),
(234, '2018-08-20 09:24:15.605409', '25', 'dik', 3, '', 18, 23),
(235, '2018-08-20 09:24:15.661185', '24', 'dush', 3, '', 18, 23),
(236, '2018-08-20 09:24:15.716566', '23', 'wdwfr', 3, '', 18, 23),
(237, '2018-08-20 09:24:15.772097', '22', 'fr', 3, '', 18, 23),
(238, '2018-08-20 09:24:15.828154', '21', 'wefrf', 3, '', 18, 23),
(239, '2018-08-20 09:24:15.883448', '20', 'bla bla', 3, '', 18, 23),
(240, '2018-08-20 09:24:15.938989', '19', 'heldi', 3, '', 18, 23),
(241, '2018-08-20 09:24:15.994619', '18', 'Tricup', 3, '', 18, 23),
(242, '2018-08-20 09:24:16.050207', '17', 'Hoorahh!', 3, '', 18, 23),
(243, '2018-08-20 09:24:16.105664', '16', 'New note', 3, '', 18, 23),
(244, '2018-08-20 09:24:16.161211', '15', 'Lts', 3, '', 18, 23),
(245, '2018-08-20 09:24:16.216848', '14', 'BIdy', 3, '', 18, 23),
(246, '2018-08-20 09:24:16.349936', '13', 'Again last', 3, '', 18, 23),
(247, '2018-08-20 09:24:16.406026', '12', 'Last', 3, '', 18, 23),
(248, '2018-08-20 09:24:16.462024', '11', 'Les', 3, '', 18, 23),
(249, '2018-08-20 09:24:16.517108', '10', 'Maths', 3, '', 18, 23),
(250, '2018-08-20 09:24:16.572756', '9', 'Science', 3, '', 18, 23),
(251, '2018-08-20 09:24:16.628295', '8', 'Pure', 3, '', 18, 23),
(252, '2018-08-20 09:24:16.683844', '7', 'GReat', 3, '', 18, 23),
(253, '2018-08-20 09:24:16.739454', '6', 'Secy', 3, '', 18, 23),
(254, '2018-08-20 09:24:16.783990', '5', 'Topic', 3, '', 18, 23),
(255, '2018-08-20 12:06:58.268866', '75', 'fire', 3, '', 18, 23),
(256, '2018-08-20 12:06:58.718725', '74', 'des', 3, '', 18, 23),
(257, '2018-08-20 12:06:58.774212', '73', 'active', 3, '', 18, 23),
(258, '2018-08-20 12:06:58.829753', '72', 'abc', 3, '', 18, 23),
(259, '2018-08-20 12:06:58.885252', '71', 'latest', 3, '', 18, 23),
(260, '2018-08-20 12:06:59.007855', '70', 'dlight', 3, '', 18, 23),
(261, '2018-08-20 12:06:59.063388', '69', 'dell', 3, '', 18, 23),
(262, '2018-08-20 12:06:59.118904', '68', 'dist', 3, '', 18, 23),
(263, '2018-08-20 12:06:59.174537', '67', 'die', 3, '', 18, 23),
(264, '2018-08-20 12:06:59.230511', '66', 'let', 3, '', 18, 23),
(265, '2018-08-20 12:06:59.285649', '65', 'ether', 3, '', 18, 23),
(266, '2018-08-20 12:06:59.341420', '64', 'other', 3, '', 18, 23),
(267, '2018-08-20 12:06:59.396851', '63', 'Eternal', 3, '', 18, 23),
(268, '2018-08-20 12:06:59.443148', '62', 'Extra', 3, '', 18, 23),
(269, '2018-08-20 12:06:59.487631', '61', 'Fgh', 3, '', 18, 23),
(270, '2018-08-20 16:01:48.228406', '40', 'trialuser', 1, '[{"added": {}}]', 3, 23),
(271, '2018-08-20 16:02:20.602739', '40', 'trialuser', 3, '', 3, 23),
(272, '2018-08-20 16:02:51.683760', '41', 'trialuser', 1, '[{"added": {}}]', 3, 23),
(273, '2018-08-20 16:03:11.895929', '41', 'trialuser', 2, '[{"changed": {"fields": ["first_name", "last_name", "email"]}}]', 3, 23),
(274, '2018-08-20 18:00:02.824012', '1', 'sharat', 1, '[{"added": {}}]', 22, 23),
(275, '2018-08-20 18:04:57.959852', '34', 'sid', 3, '', 3, 23),
(276, '2018-08-20 18:04:58.630886', '34', 'sid', 3, '', 3, 23),
(277, '2018-08-20 18:04:58.869211', '34', 'sid', 3, '', 3, 23),
(279, '2018-08-20 18:07:26.344036', '34', 'sid', 3, '', 3, 23),
(280, '2018-08-20 18:08:03.775285', '39', 'sawhney', 3, '', 3, 23),
(281, '2018-08-21 07:17:54.206421', '42', 'Trial Publisher', 3, '', 3, 23),
(282, '2018-08-21 07:20:40.231329', '43', 'Trial Publisher', 3, '', 3, 23),
(283, '2018-08-21 07:22:35.303892', '6', 'Trial Publisher', 3, '', 8, 23),
(284, '2018-08-21 07:22:52.222979', '44', 'Trial Publisher', 3, '', 3, 23),
(285, '2018-08-21 07:52:04.742842', '7', 'Trial Publisher', 3, '', 8, 23),
(286, '2018-08-21 07:52:16.912346', '3', 'Trial Publisher', 3, '', 11, 23),
(287, '2018-08-21 07:52:28.177564', '7', 'Trial Publisher', 3, '', 8, 23),
(288, '2018-08-21 07:52:45.422865', '45', 'Trial Publisher', 3, '', 3, 23),
(289, '2018-08-21 08:27:42.035287', '4', 'Trial Publisher', 3, '', 11, 23),
(290, '2018-08-21 08:27:48.608793', '8', 'Trial Publisher', 3, '', 8, 23),
(291, '2018-08-21 08:27:59.308791', '46', 'Trial Publisher', 3, '', 3, 23),
(292, '2018-08-21 08:28:49.872572', '5', 'Trial Publisher', 3, '', 11, 23),
(293, '2018-08-21 08:28:57.060347', '9', 'Trial Publisher', 3, '', 8, 23),
(294, '2018-08-21 08:29:09.688852', '47', 'Trial Publisher', 3, '', 3, 23),
(295, '2018-08-21 08:33:17.808051', '6', 'Trial Publisher', 3, '', 11, 23),
(296, '2018-08-21 08:33:36.278554', '10', 'Trial Publisher', 3, '', 8, 23),
(297, '2018-08-21 08:33:43.457623', '48', 'Trial Publisher', 3, '', 3, 23),
(298, '2018-08-21 10:27:30.813838', '7', 'Trial Publisher', 3, '', 11, 23),
(299, '2018-08-21 10:27:38.800858', '11', 'Trial Publisher', 3, '', 8, 23),
(300, '2018-08-21 10:27:49.101904', '49', 'Trial Publisher', 3, '', 3, 23),
(301, '2018-08-21 10:29:33.648688', '8', 'Trial Publisher', 3, '', 11, 23),
(302, '2018-08-21 10:29:40.451704', '12', 'Trial Publisher', 3, '', 8, 23),
(303, '2018-08-21 10:29:48.850593', '50', 'Trial Publisher', 3, '', 3, 23),
(304, '2018-08-21 10:34:27.530686', '9', 'Trial Publisher', 3, '', 11, 23),
(305, '2018-08-21 10:34:33.671598', '13', 'Trial Publisher', 3, '', 8, 23),
(306, '2018-08-21 10:34:40.079589', '51', 'Trial Publisher', 3, '', 3, 23),
(307, '2018-08-21 16:57:27.585217', '10', 'Trial Publisher', 3, '', 11, 23),
(308, '2018-08-21 16:57:36.613688', '14', 'Trial Publisher', 3, '', 8, 23),
(309, '2018-08-21 16:57:44.387781', '52', 'Trial Publisher', 3, '', 3, 23),
(310, '2018-08-21 19:43:20.658673', '6', 'Test book', 3, '', 9, 23),
(311, '2018-08-21 19:43:31.752869', '6', 'Test author', 3, '', 7, 23),
(312, '2018-08-21 19:50:37.102437', '7', 'Test book', 3, '', 9, 23),
(313, '2018-08-21 19:59:38.774635', '8', 'Test book', 3, '', 9, 23),
(314, '2018-08-21 20:02:00.323549', '9', 'Test book', 3, '', 9, 23),
(315, '2018-08-21 20:04:50.907016', '10', 'Test book', 3, '', 9, 23),
(316, '2018-08-21 20:06:39.268398', '11', 'Test book', 3, '', 9, 23),
(317, '2018-11-01 10:15:51.713957', '12', 'Test book', 3, '', 9, 23),
(318, '2018-11-01 10:15:51.956392', '5', 'The Effort', 3, '', 9, 23),
(319, '2018-11-01 10:15:52.045828', '4', 'James Potter and the Hall of Elders'' Crossing', 3, '', 9, 23),
(320, '2018-11-01 10:15:52.134944', '3', 'The Outsiders', 3, '', 9, 23),
(321, '2018-11-01 10:15:52.234846', '2', 'Textbooks on hydrology', 3, '', 9, 23),
(322, '2018-11-01 10:16:12.094884', '21', 'The Effort', 3, '', 15, 23),
(323, '2018-11-01 10:16:12.164525', '18', 'James Potter and the Hall of Elders'' Crossing', 3, '', 15, 23),
(324, '2018-11-01 10:16:20.592752', '23', 'James Potter and the Hall of Elders'' Crossing', 3, '', 14, 23),
(325, '2018-11-01 10:16:20.683080', '22', 'The Effort', 3, '', 14, 23),
(326, '2018-11-01 10:16:20.800536', '21', 'The Effort', 3, '', 14, 23),
(327, '2018-11-01 10:16:20.844911', '18', 'Textbooks on hydrology', 3, '', 14, 23),
(328, '2018-11-01 10:16:41.961970', '11', '2018-05-12 21:21:59+00:00', 3, '', 16, 23),
(329, '2018-11-01 10:16:42.024285', '10', '2018-05-11 13:20:43+00:00', 3, '', 16, 23),
(330, '2018-11-01 10:16:42.065464', '9', '2018-05-07 17:30:49+00:00', 3, '', 16, 23),
(331, '2018-11-01 10:16:42.109451', '8', '2018-05-09 13:36:59+00:00', 3, '', 16, 23),
(332, '2018-11-01 10:16:50.785318', '12', 'Test book', 3, '', 9, 23),
(333, '2018-11-01 10:16:50.872820', '5', 'The Effort', 3, '', 9, 23),
(334, '2018-11-01 10:16:50.924550', '4', 'James Potter and the Hall of Elders'' Crossing', 3, '', 9, 23),
(335, '2018-11-01 10:16:50.979924', '3', 'The Outsiders', 3, '', 9, 23),
(336, '2018-11-01 10:16:51.046701', '2', 'Textbooks on hydrology', 3, '', 9, 23),
(337, '2018-11-01 10:17:07.762140', '209', '2', 3, '', 19, 23),
(338, '2018-11-01 10:17:07.833388', '204', '1', 3, '', 19, 23),
(339, '2018-11-01 10:17:18.450684', '12', 'Test book', 3, '', 9, 23),
(340, '2018-11-01 10:17:18.773036', '5', 'The Effort', 3, '', 9, 23),
(341, '2018-11-01 10:17:18.970022', '4', 'James Potter and the Hall of Elders'' Crossing', 3, '', 9, 23),
(342, '2018-11-01 10:17:19.191442', '3', 'The Outsiders', 3, '', 9, 23),
(343, '2018-11-01 10:17:19.469846', '2', 'Textbooks on hydrology', 3, '', 9, 23),
(344, '2018-11-01 10:17:32.217006', '15', 'Trial Publisher', 3, '', 8, 23),
(345, '2018-11-01 10:17:32.279123', '5', 'Wish Publishing', 3, '', 8, 23),
(346, '2018-11-01 10:17:32.331094', '4', 'G. Norman Lippert', 3, '', 8, 23),
(347, '2018-11-01 10:17:32.397444', '3', 'Viking Press', 3, '', 8, 23),
(348, '2018-11-01 10:17:32.553661', '2', 'Unesco', 3, '', 8, 23),
(349, '2018-11-01 10:17:48.419249', '11', 'Trial Publisher', 3, '', 11, 23),
(350, '2018-11-01 10:17:48.511495', '2', 'sid', 3, '', 11, 23),
(351, '2018-11-01 10:18:07.336984', '11', 'media/4.pdf', 3, '', 21, 23),
(352, '2018-11-01 10:18:07.548451', '10', 'media/5.pdf', 3, '', 21, 23),
(353, '2018-11-01 10:18:07.646642', '9', 'media/2.pdf', 3, '', 21, 23),
(354, '2018-11-01 10:18:20.327818', '14', '885f2257fbbe706b89b634874386b8d5', 3, '', 17, 23),
(355, '2018-11-01 10:18:20.397398', '13', '70d2cb795f51908054e494e6ce0ec9b3', 3, '', 17, 23),
(356, '2018-11-01 10:18:20.687891', '12', '604e61cfb59d9f33ed0c59185f2b7151', 3, '', 17, 23),
(357, '2018-11-01 10:18:20.794117', '11', '7f749eb43a0467aaddd9d41d1dd77370', 3, '', 17, 23),
(358, '2018-11-01 10:18:20.893921', '10', '4818e4e360aa807b02aa53a2c9848896', 3, '', 17, 23),
(359, '2018-11-01 10:18:20.938483', '9', 'f57bb14b2c7324d9abdcf01e65d07081', 3, '', 17, 23),
(360, '2018-11-01 10:18:21.027345', '8', '8404bff3512a52a7a25770ef6557e512', 3, '', 17, 23),
(361, '2018-11-01 10:18:21.072318', '7', '52e2bbdec2b1e87dc307a1272fe6a75d', 3, '', 17, 23),
(362, '2018-11-01 10:18:21.116082', '6', '91f7f3d1e5b4a4645d9a890c5c805fad', 3, '', 17, 23),
(363, '2018-11-01 10:18:21.160817', '5', 'bfdf7b4dc958fe2896966ad376fec63a', 3, '', 17, 23),
(364, '2018-11-01 10:18:21.206087', '4', 'fc0dcaeedfc3c581b17f332f3e953ae7', 3, '', 17, 23),
(365, '2018-11-01 10:18:21.249739', '3', 'f48edd9ee99eb54891b0d80b0871cc0c', 3, '', 17, 23),
(366, '2018-11-01 10:18:21.294338', '2', '49982c8e082e073b414ede8160c20679', 3, '', 17, 23),
(367, '2018-11-01 10:18:21.338871', '1', 'b22eb34537f6f6753da6e0dc05713be0', 3, '', 17, 23),
(368, '2018-11-01 10:18:28.916741', '9', 'ala@gmail.com', 3, '', 12, 23),
(369, '2018-11-01 10:18:28.982602', '8', 'hello@gmail.com', 3, '', 12, 23),
(370, '2018-11-01 10:18:29.024956', '7', 'sagar@gmail.com', 3, '', 12, 23),
(371, '2018-11-01 10:18:29.069649', '6', 'sahil2@gmail.com', 3, '', 12, 23),
(372, '2018-11-01 10:18:29.158329', '5', 'sahil@gmail.com', 3, '', 12, 23),
(373, '2018-11-01 10:18:29.202484', '4', 'vivek.mylife4u@gmail.com', 3, '', 12, 23),
(374, '2018-11-01 10:18:29.247050', '3', 'raghav3@gmail.com', 3, '', 12, 23),
(375, '2018-11-01 10:18:29.291525', '2', 'raghav2@gmail.com', 3, '', 12, 23),
(376, '2018-11-01 10:18:29.336084', '1', 'raghav@gmail.com', 3, '', 12, 23),
(377, '2018-11-01 10:18:38.319291', '15', 'Trial Publisher', 3, '', 8, 23),
(378, '2018-11-01 10:18:38.408366', '5', 'Wish Publishing', 3, '', 8, 23),
(379, '2018-11-01 10:18:38.473668', '4', 'G. Norman Lippert', 3, '', 8, 23),
(380, '2018-11-01 10:18:38.529206', '3', 'Viking Press', 3, '', 8, 23),
(381, '2018-11-01 10:18:38.584807', '2', 'Unesco', 3, '', 8, 23),
(382, '2018-11-01 10:18:49.012233', '92', 'HI', 3, '', 18, 23),
(383, '2018-11-01 10:18:49.123394', '91', 'Test it', 3, '', 18, 23),
(384, '2018-11-01 10:18:49.188616', '90', 'sample', 3, '', 18, 23),
(385, '2018-11-01 10:18:49.244198', '89', 'Trial', 3, '', 18, 23),
(386, '2018-11-01 10:18:49.300389', '88', 'hi', 3, '', 18, 23),
(387, '2018-11-01 10:18:49.411477', '87', 'love', 3, '', 18, 23),
(388, '2018-11-01 10:18:49.577995', '86', 'ed', 3, '', 18, 23),
(389, '2018-11-01 10:18:49.711378', '85', 'asli', 3, '', 18, 23),
(390, '2018-11-01 10:18:49.800009', '84', 'edfgh', 3, '', 18, 23),
(391, '2018-11-01 10:18:49.911584', '83', 'edf', 3, '', 18, 23),
(392, '2018-11-01 10:18:49.966506', '82', 'esd', 3, '', 18, 23),
(393, '2018-11-01 10:18:50.153380', '81', 'defyuh', 3, '', 18, 23),
(394, '2018-11-01 10:18:50.222376', '80', 'frf', 3, '', 18, 23),
(395, '2018-11-01 10:18:50.277754', '79', 'deyu', 3, '', 18, 23),
(396, '2018-11-01 10:18:50.389008', '78', 'alt', 3, '', 18, 23),
(397, '2018-11-01 10:18:50.444320', '77', 'des', 3, '', 18, 23),
(398, '2018-11-01 10:18:50.544829', '76', 'dcryt', 3, '', 18, 23),
(399, '2018-11-01 10:19:09.305420', '7', 'Test author', 3, '', 7, 23),
(400, '2018-11-01 10:19:09.400313', '5', 'Santonu Kumar Dhar', 3, '', 7, 23),
(401, '2018-11-01 10:19:09.441311', '4', 'G. Norman Lippert', 3, '', 7, 23),
(402, '2018-11-01 10:19:09.486087', '3', 'S.E. Hinton', 3, '', 7, 23),
(403, '2018-11-01 10:19:09.530284', '2', 'James', 3, '', 7, 23),
(404, '2018-11-01 10:19:52.459754', '8', 'Herman Melville', 1, '[{"added": {}}]', 7, 23),
(405, '2018-11-01 10:20:10.694902', '16', 'Createspace Independent Pub', 1, '[{"added": {}}]', 8, 23),
(406, '2018-11-01 10:22:08.799866', '7', 'Action and Adventure', 1, '[{"added": {}}]', 13, 23),
(407, '2018-11-01 10:27:31.189584', '13', 'Moby Dick', 1, '[{"added": {}}]', 9, 23),
(408, '2018-11-01 10:32:32.461671', '12', '2018-11-01 10:32:11+00:00', 1, '[{"added": {}}]', 16, 23),
(409, '2018-11-02 11:58:40.931414', '1', 'Study Music', 1, '[{"added": {}}]', 26, 23),
(410, '2018-11-02 11:58:50.098455', '2', 'Relaxing Music', 1, '[{"added": {}}]', 26, 23),
(411, '2018-11-02 11:59:03.223948', '3', 'Peaceful Music', 1, '[{"added": {}}]', 26, 23),
(412, '2018-11-02 11:59:12.421661', '4', 'Instrumental Music', 1, '[{"added": {}}]', 26, 23),
(413, '2018-11-02 11:59:37.984954', '5', 'Memory Music', 1, '[{"added": {}}]', 26, 23),
(414, '2018-11-02 12:04:35.806210', '5', 'Memory Music', 2, '[{"changed": {"fields": ["image"]}}]', 26, 23),
(415, '2018-11-02 12:04:42.432508', '4', 'Instrumental Music', 2, '[{"changed": {"fields": ["image"]}}]', 26, 23),
(416, '2018-11-02 12:04:52.207298', '3', 'Peaceful Music', 2, '[{"changed": {"fields": ["image"]}}]', 26, 23),
(417, '2018-11-02 12:05:02.269195', '2', 'Relaxing Music', 2, '[{"changed": {"fields": ["image"]}}]', 26, 23),
(418, '2018-11-02 12:05:10.748652', '1', 'Study Music', 2, '[{"changed": {"fields": ["image"]}}]', 26, 23),
(419, '2018-11-02 12:08:12.334104', '1', 'Blue Deja Vu Music for Studying', 1, '[{"added": {}}]', 28, 23),
(420, '2018-11-02 12:10:40.380907', '2', 'Focus Music 1', 1, '[{"added": {}}]', 28, 23),
(421, '2018-11-02 12:12:31.611726', '3', 'Natural Soothing of Waterfall and Bird', 1, '[{"added": {}}]', 28, 23),
(422, '2018-11-02 12:14:17.067057', '4', 'Study Aid Music Piano', 1, '[{"added": {}}]', 28, 23),
(423, '2018-11-02 12:51:54.681191', '3', 'Natural Soothing of Waterfall and Bird and Tress, Plants', 2, '[{"changed": {"fields": ["name"]}}]', 28, 23),
(424, '2018-11-02 12:52:10.564817', '3', 'Natural Soothing of Waterfall and Bird', 2, '[{"changed": {"fields": ["name"]}}]', 28, 23),
(425, '2018-11-03 15:02:30.339744', '4', 'Study Aid Music Piano', 2, '[{"changed": {"fields": ["listennum"]}}]', 28, 23),
(426, '2018-11-03 15:03:05.052682', '1', 'Blue Deja Vu Music for Studying', 2, '[{"changed": {"fields": ["listennum"]}}]', 28, 23),
(427, '2018-11-03 15:03:10.937926', '4', 'Study Aid Music Piano', 2, '[{"changed": {"fields": ["listennum"]}}]', 28, 23),
(428, '2018-11-03 15:03:16.614754', '3', 'Natural Soothing of Waterfall and Bird', 2, '[{"changed": {"fields": ["listennum"]}}]', 28, 23),
(429, '2018-11-03 15:27:19.596931', '1', 'piano', 1, '[{"added": {}}]', 27, 23),
(430, '2018-11-03 15:27:55.578046', '2', 'booster', 1, '[{"added": {}}]', 27, 23),
(431, '2018-11-03 15:28:12.556913', '3', 'nature', 1, '[{"added": {}}]', 27, 23),
(432, '2018-11-03 15:28:17.284478', '4', 'waterfall', 1, '[{"added": {}}]', 27, 23),
(433, '2018-11-03 15:28:20.805316', '5', 'bird', 1, '[{"added": {}}]', 27, 23),
(434, '2018-11-03 15:28:32.842248', '6', 'focus', 1, '[{"added": {}}]', 27, 23),
(435, '2018-11-03 15:29:00.126626', '7', 'existence', 1, '[{"added": {}}]', 27, 23),
(436, '2018-11-03 15:29:02.934278', '1', 'Blue Deja Vu Music for Studying', 2, '[]', 28, 23),
(437, '2018-11-04 05:18:15.925450', '1', 'Blue Deja Vu Music for Studying', 3, '', 29, 23),
(438, '2018-11-04 05:50:12.007549', '14', 'Study Aid Music Piano', 3, '', 29, 23),
(439, '2018-11-04 05:50:12.108921', '14', 'Study Aid Music Piano', 3, '', 29, 23),
(440, '2018-11-04 05:50:12.133058', '13', 'Study Aid Music Piano', 3, '', 29, 23),
(441, '2018-11-04 05:50:12.222355', '13', 'Study Aid Music Piano', 3, '', 29, 23),
(442, '2018-11-04 05:50:12.309809', '12', 'Study Aid Music Piano', 3, '', 29, 23),
(443, '2018-11-04 05:50:12.398966', '12', 'Study Aid Music Piano', 3, '', 29, 23),
(444, '2018-11-04 05:50:12.455469', '11', 'Study Aid Music Piano', 3, '', 29, 23),
(445, '2018-11-04 05:50:12.543603', '11', 'Study Aid Music Piano', 3, '', 29, 23),
(446, '2018-11-04 05:50:12.598750', '10', 'Study Aid Music Piano', 3, '', 29, 23),
(447, '2018-11-04 05:50:12.698752', '10', 'Study Aid Music Piano', 3, '', 29, 23),
(448, '2018-11-04 05:50:12.799282', '9', 'Study Aid Music Piano', 3, '', 29, 23),
(449, '2018-11-04 05:50:12.854587', '9', 'Study Aid Music Piano', 3, '', 29, 23),
(450, '2018-11-04 05:50:12.910147', '8', 'Study Aid Music Piano', 3, '', 29, 23),
(451, '2018-11-04 05:50:12.999061', '8', 'Study Aid Music Piano', 3, '', 29, 23),
(452, '2018-11-04 05:50:13.054572', '7', 'Study Aid Music Piano', 3, '', 29, 23),
(453, '2018-11-04 05:50:13.109932', '7', 'Study Aid Music Piano', 3, '', 29, 23),
(454, '2018-11-04 05:50:13.165759', '6', 'Study Aid Music Piano', 3, '', 29, 23),
(455, '2018-11-04 05:50:13.221897', '6', 'Study Aid Music Piano', 3, '', 29, 23),
(456, '2018-11-04 05:50:13.310048', '5', 'Study Aid Music Piano', 3, '', 29, 23),
(457, '2018-11-04 05:50:13.365801', '5', 'Study Aid Music Piano', 3, '', 29, 23),
(458, '2018-11-04 05:50:13.421469', '4', 'Study Aid Music Piano', 3, '', 29, 23),
(459, '2018-11-04 05:50:13.521016', '4', 'Study Aid Music Piano', 3, '', 29, 23),
(460, '2018-11-04 05:50:13.621515', '3', 'Study Aid Music Piano', 3, '', 29, 23),
(461, '2018-11-04 05:50:13.688061', '3', 'Study Aid Music Piano', 3, '', 29, 23),
(462, '2018-11-04 05:50:13.776918', '2', 'Study Aid Music Piano', 3, '', 29, 23),
(463, '2018-11-04 05:50:13.877069', '2', 'Study Aid Music Piano', 3, '', 29, 23),
(464, '2018-11-04 05:58:24.842239', '16', 'Natural Soothing of Waterfall and Bird', 3, '', 29, 23),
(465, '2018-11-04 06:13:14.870271', '15', 'Study Aid Music Piano', 3, '', 29, 23),
(466, '2018-11-04 06:28:37.533677', '18', 'Study Aid Music Piano', 3, '', 29, 23),
(467, '2018-11-04 06:28:37.753651', '17', 'Study Aid Music Piano', 3, '', 29, 23),
(468, '2018-11-04 06:29:34.617172', '19', 'Study Aid Music Piano', 3, '', 29, 23),
(469, '2018-11-04 06:31:54.269239', '21', 'Study Aid Music Piano', 3, '', 29, 23),
(470, '2018-11-04 06:31:54.436985', '20', 'Study Aid Music Piano', 3, '', 29, 23),
(471, '2018-11-04 06:33:12.983630', '23', 'Study Aid Music Piano', 3, '', 29, 23),
(472, '2018-11-04 06:33:13.095570', '22', 'Study Aid Music Piano', 3, '', 29, 23),
(473, '2018-11-04 06:34:15.085660', '25', 'Natural Soothing of Waterfall and Bird', 3, '', 29, 23),
(474, '2018-11-04 06:34:15.287598', '24', 'Study Aid Music Piano', 3, '', 29, 23),
(475, '2018-11-04 06:35:11.655725', '26', 'Study Aid Music Piano', 3, '', 29, 23),
(476, '2018-11-04 06:36:31.624125', '27', 'Study Aid Music Piano', 3, '', 29, 23),
(477, '2018-11-04 06:37:41.982059', '28', 'Study Aid Music Piano', 3, '', 29, 23),
(478, '2018-11-04 06:40:33.038602', '29', 'Study Aid Music Piano', 3, '', 29, 23),
(479, '2018-11-04 06:44:41.707916', '30', 'Study Aid Music Piano', 3, '', 29, 23),
(480, '2018-11-05 07:15:53.875551', '1', 'Playlist 1', 1, '[{"added": {}}]', 30, 23),
(481, '2018-11-05 08:31:04.922587', '8', 'healing', 1, '[{"added": {}}]', 27, 23),
(482, '2018-11-05 08:31:11.977914', '9', 'water', 1, '[{"added": {}}]', 27, 23),
(483, '2018-11-05 08:31:20.332295', '5', 'Healing Water', 1, '[{"added": {}}]', 28, 23),
(484, '2018-11-05 08:43:38.798707', '1', 'Playlist 1', 2, '[]', 30, 23),
(485, '2018-11-05 08:47:59.625816', '2', 'Playlist2', 1, '[{"added": {}}]', 30, 23),
(486, '2018-11-05 08:48:06.075013', '2', 'Playlist 2', 2, '[{"changed": {"fields": ["name"]}}]', 30, 23),
(487, '2018-11-05 08:51:24.074736', '3', 'Playlist 3', 1, '[{"added": {}}]', 30, 23),
(488, '2018-11-05 08:51:35.295282', '4', 'Playlist 4', 1, '[{"added": {}}]', 30, 23),
(489, '2018-11-26 05:31:09.744938', '68', 'epubcfi(/6/142[xchapter_065]!/4/2/12,/1:633,/1:653)', 3, '', 31, 23),
(490, '2018-11-26 05:31:10.044878', '67', 'epubcfi(/6/142[xchapter_065]!/4/2/12,/1:215,/1:327)', 3, '', 31, 23),
(491, '2018-11-26 05:31:10.140326', '66', 'epubcfi(/6/142[xchapter_065]!/4/2/10,/1:710,/1:730)', 3, '', 31, 23),
(492, '2018-11-26 05:31:10.229539', '65', 'epubcfi(/6/142[xchapter_065]!/4/2/10,/1:322,/1:435)', 3, '', 31, 23),
(493, '2018-11-26 05:31:10.274019', '64', 'epubcfi(/6/156[xchapter_072]!/4/2/26,/1:111,/1:336)', 3, '', 31, 23),
(494, '2018-11-26 05:31:10.318529', '63', 'epubcfi(/6/156[xchapter_072]!/4/2/24,/1:339,/1:461)', 3, '', 31, 23),
(495, '2018-11-26 05:31:10.407551', '62', 'epubcfi(/6/156[xchapter_072]!/4/2/24,/1:209,/1:227)', 3, '', 31, 23),
(496, '2018-11-26 05:31:10.452008', '61', 'epubcfi(/6/156[xchapter_072]!/4/2/22,/1:9,/1:220)', 3, '', 31, 23),
(497, '2018-11-26 05:31:10.496393', '60', 'epubcfi(/6/182[xchapter_085]!/4/2/26,/1:106,/1:323)', 3, '', 31, 23),
(498, '2018-11-26 05:31:10.540850', '59', 'epubcfi(/6/182[xchapter_085]!/4/2/24,/1:892,/1:1017)', 3, '', 31, 23),
(499, '2018-11-26 05:31:10.629793', '58', 'epubcfi(/6/182[xchapter_085]!/4/2/24,/1:588,/1:704)', 3, '', 31, 23),
(500, '2018-11-26 05:31:10.685265', '57', 'epubcfi(/6/182[xchapter_085]!/4/2/24,/1:212,/1:421)', 3, '', 31, 23),
(501, '2018-11-26 05:31:10.740443', '56', 'epubcfi(/6/162[xchapter_075]!/4/2/10,/1:444,/1:467)', 3, '', 31, 23),
(502, '2018-11-26 05:31:10.796224', '55', 'epubcfi(/6/162[xchapter_075]!/4/2/10,/1:515,/1:528)', 3, '', 31, 23),
(503, '2018-11-26 05:31:10.851839', '54', 'epubcfi(/6/162[xchapter_075]!/4/2/10,/1:31,/1:247)', 3, '', 31, 23),
(504, '2018-11-26 05:31:10.940951', '53', 'epubcfi(/6/162[xchapter_075]!/4/2/10,/1:821,/1:1036)', 3, '', 31, 23),
(505, '2018-11-26 05:31:10.996502', '52', 'epubcfi(/6/220[xchapter_104]!/4/2/12,/1:303,/1:392)', 3, '', 31, 23),
(506, '2018-11-26 05:31:11.052189', '51', 'epubcfi(/6/220[xchapter_104]!/4/2/16,/1:162,/1:303)', 3, '', 31, 23),
(507, '2018-11-26 05:31:11.107593', '50', 'epubcfi(/6/220[xchapter_104]!/4/2/14,/1:564,/1:585)', 3, '', 31, 23),
(508, '2018-11-26 05:31:11.163404', '49', 'epubcfi(/6/220[xchapter_104]!/4/2/14,/1:293,/1:374)', 3, '', 31, 23),
(509, '2018-11-26 05:31:11.251916', '48', 'epubcfi(/6/220[xchapter_104]!/4/2/14,/1:692,/1:767)', 3, '', 31, 23),
(510, '2018-11-26 05:31:11.307835', '47', 'epubcfi(/6/220[xchapter_104]!/4/2/16,/1:401,/1:414)', 3, '', 31, 23),
(511, '2018-11-26 05:31:11.363323', '46', 'epubcfi(/6/220[xchapter_104]!/4/2/10,/1:627,/1:662)', 3, '', 31, 23),
(512, '2018-11-26 05:31:11.419044', '45', 'epubcfi(/6/220[xchapter_104]!/4/2/10,/1:421,/1:448)', 3, '', 31, 23),
(513, '2018-11-26 05:31:11.474617', '44', 'epubcfi(/6/220[xchapter_104]!/4/2/10,/1:205,/1:229)', 3, '', 31, 23),
(514, '2018-11-26 05:31:11.530181', '43', 'epubcfi(/6/220[xchapter_104]!/4/2/10,/1:67,/1:82)', 3, '', 31, 23),
(515, '2018-11-26 05:31:11.652310', '42', 'epubcfi(/6/64[xchapter_026]!/4/2/4,/1:211,/1:250)', 3, '', 31, 23),
(516, '2018-11-26 05:31:11.707889', '41', 'epubcfi(/6/64[xchapter_026]!/4/2/4,/1:155,/1:182)', 3, '', 31, 23),
(517, '2018-11-26 05:31:11.763283', '40', 'epubcfi(/6/64[xchapter_026]!/4/2/4,/1:26,/1:53)', 3, '', 31, 23),
(518, '2018-11-26 05:31:11.819044', '39', 'epubcfi(/6/64[xchapter_026]!/4/2/4,/1:1109,/1:1450)', 3, '', 31, 23),
(519, '2018-11-26 05:31:11.874698', '38', 'epubcfi(/6/64[xchapter_026]!/4/2/4,/1:397,/1:819)', 3, '', 31, 23),
(520, '2018-11-26 05:31:11.930352', '37', 'epubcfi(/6/84[xchapter_036]!/4/2,/12/1:92,/14/1:132)', 3, '', 31, 23),
(521, '2018-11-26 05:31:11.985934', '36', 'epubcfi(/6/84[xchapter_036]!/4/2/8,/1:9,/1:237)', 3, '', 31, 23),
(522, '2018-11-26 05:31:12.086068', '35', 'epubcfi(/6/84[xchapter_036]!/4/2/6,/1:80,/1:157)', 3, '', 31, 23),
(523, '2018-11-26 05:31:12.141396', '34', 'epubcfi(/6/174[xchapter_081]!/4/2/8,/1:22,/1:237)', 3, '', 31, 23),
(524, '2018-11-26 05:31:12.196963', '33', 'epubcfi(/6/120[xchapter_054]!/4/2/40,/1:302,/1:526)', 3, '', 31, 23),
(525, '2018-11-26 05:31:12.252529', '32', 'epubcfi(/6/210[xchapter_099]!/4/2/12,/1:323,/1:537)', 3, '', 31, 23),
(526, '2018-11-26 05:31:12.308243', '31', 'epubcfi(/6/126[xchapter_057]!/4/2/14,/1:206,/1:333)', 3, '', 31, 23),
(527, '2018-11-26 05:31:12.363736', '30', 'epubcfi(/6/126[xchapter_057]!/4/2/12,/1:219,/1:342)', 3, '', 31, 23),
(528, '2018-11-26 05:31:12.419495', '29', 'epubcfi(/6/140[xchapter_064]!/4/2/26,/1:621,/1:630)', 3, '', 31, 23),
(529, '2018-11-26 05:31:12.474555', '28', 'epubcfi(/6/140[xchapter_064]!/4/2/26,/1:104,/1:316)', 3, '', 31, 23),
(530, '2018-11-26 05:31:12.530596', '27', 'epubcfi(/6/140[xchapter_064]!/4/2/24,/1:23,/1:154)', 3, '', 31, 23),
(531, '2018-11-26 05:31:12.586230', '26', 'epubcfi(/6/66[xchapter_027]!/4/2/20,/1:208,/1:363)', 3, '', 31, 23),
(532, '2018-11-26 05:31:12.641869', '25', 'epubcfi(/6/176[xchapter_082]!/4/2/8,/1:131,/1:238)', 3, '', 31, 23),
(533, '2018-11-26 05:31:12.708157', '24', 'epubcfi(/6/104[xchapter_046]!/4/2/6,/1:1608,/1:1721)', 3, '', 31, 23),
(534, '2018-11-26 05:31:12.764048', '23', 'epubcfi(/6/154[xchapter_071]!/4/2/32,/1:126,/1:343)', 3, '', 31, 23),
(535, '2018-11-26 05:31:12.874278', '22', 'epubcfi(/6/94[xchapter_041]!/4/2/48,/1:716,/1:839)', 3, '', 31, 23),
(536, '2018-11-26 05:31:13.452953', '21', 'epubcfi(/6/186[xchapter_087]!/4/2/32,/1:796,/1:1007)', 3, '', 31, 23),
(537, '2018-11-26 05:31:13.508672', '20', 'epubcfi(/6/136[xchapter_062]!/4/2/6,/1:626,/1:947)', 3, '', 31, 23),
(538, '2018-11-26 05:31:13.564182', '19', 'epubcfi(/6/158[xchapter_073]!/4/2,/68/1:17,/70/1:233)', 3, '', 31, 23),
(539, '2018-11-26 05:31:13.619828', '18', 'epubcfi(/6/122[xchapter_055]!/4/2,/22/1:742,/24/1:19)', 3, '', 31, 23),
(540, '2018-11-26 05:31:13.675421', '17', 'epubcfi(/6/122[xchapter_055]!/4/2/22,/1:604,/1:697)', 3, '', 31, 23),
(541, '2018-11-26 05:31:13.731181', '16', 'epubcfi(/6/122[xchapter_055]!/4/2/22,/1:273,/1:426)', 3, '', 31, 23),
(542, '2018-11-26 05:31:13.786543', '15', 'epubcfi(/6/122[xchapter_055]!/4/2/22,/1:74,/1:152)', 3, '', 31, 23),
(543, '2018-11-26 05:31:13.842090', '14', 'epubcfi(/6/48[xchapter_018]!/4/2,/28/1:531,/30/1:235)', 3, '', 31, 23),
(544, '2018-11-26 05:31:13.897731', '13', 'epubcfi(/6/80[xchapter_034]!/4/2/12,/1:358,/1:574)', 3, '', 31, 23),
(545, '2018-11-26 05:31:13.942455', '12', 'epubcfi(/6/82[xchapter_035]!/4/2/10,/1:1938,/1:2027)', 3, '', 31, 23),
(546, '2018-11-26 05:31:13.986708', '11', 'epubcfi(/6/82[xchapter_035]!/4/2/10,/1:738,/1:822)', 3, '', 31, 23),
(547, '2018-11-26 05:31:14.031224', '10', 'epubcfi(/6/82[xchapter_035]!/4/2/14,/1:1297,/1:1380)', 3, '', 31, 23),
(548, '2018-11-26 05:31:14.076211', '9', 'epubcfi(/6/82[xchapter_035]!/4/2/12,/1:71,/1:225)', 3, '', 31, 23),
(549, '2018-11-26 05:31:14.264463', '8', 'epubcfi(/6/82[xchapter_035]!/4/2/10,/1:1734,/1:1809)', 3, '', 31, 23),
(550, '2018-11-26 05:31:14.309283', '7', 'epubcfi(/6/82[xchapter_035]!/4/2/10,/1:416,/1:498)', 3, '', 31, 23),
(551, '2018-11-26 05:31:14.353665', '6', 'epubcfi(/6/98[xchapter_043]!/4/2/6,/1:69,/1:162)', 3, '', 31, 23),
(552, '2018-11-26 05:31:14.398211', '5', 'epubcfi(/6/98[xchapter_043]!/4/2/6,/1:365,/1:526)', 3, '', 31, 23),
(553, '2018-11-26 05:31:14.442667', '4', 'epubcfi(/6/82[xchapter_035]!/4/2/8,/1:2409,/1:2559)', 3, '', 31, 23),
(554, '2018-11-26 05:31:14.487215', '3', 'epubcfi(/6/82[xchapter_035]!/4/2/8,/1:2584,/1:2597)', 3, '', 31, 23),
(555, '2018-11-26 05:31:14.644586', '2', 'epubcfi(/6/82[xchapter_035]!/4/2/10,/1:1184,/1:1406)', 3, '', 31, 23),
(556, '2018-11-26 05:31:15.042226', '1', 'epubcfi(/6/82[xchapter_035]!/4/2/10,/1:63,/1:242)', 3, '', 31, 23),
(557, '2018-11-27 16:21:01.402004', '116', 'epubcfi(/6/186[xchapter_087]!/4/2/32,/1:800,/1:1018)', 3, '', 31, 23),
(558, '2018-11-29 12:23:32.311322', '6', 'Moby Dick', 3, '', 25, 23),
(559, '2018-11-29 12:23:32.539906', '5', 'Moby Dick', 3, '', 25, 23),
(560, '2018-11-29 12:23:32.641530', '4', 'Moby Dick', 3, '', 25, 23),
(561, '2018-11-29 12:23:32.697068', '1', 'Moby Dick', 3, '', 25, 23),
(562, '2018-11-29 12:30:18.308150', '9', 'Moby Dick', 3, '', 25, 23),
(563, '2018-11-29 12:30:18.429686', '8', 'Moby Dick', 3, '', 25, 23),
(564, '2018-11-29 12:30:18.493329', '7', 'Moby Dick', 3, '', 25, 23),
(565, '2018-11-29 14:17:05.924239', '158', 'epubcfi(/6/116[xchapter_052]!/4/2/4,/1:158,/1:164)', 3, '', 31, 23),
(566, '2018-11-29 14:17:06.065421', '157', 'epubcfi(/6/266[xchapter_127]!/4/2,/28/1:104,/30/1:29)', 3, '', 31, 23),
(567, '2018-11-29 14:17:06.193740', '156', 'epubcfi(/6/154[xchapter_071]!/4/2,/34/1:134,/36/1:70)', 3, '', 31, 23),
(568, '2018-11-29 14:17:06.282608', '155', 'epubcfi(/6/154[xchapter_071]!/4/2,/24/1:0,/26/1:69)', 3, '', 31, 23),
(569, '2018-11-29 14:17:06.415850', '154', 'epubcfi(/6/224[xchapter_106]!/4/2/14,/1:93,/1:245)', 3, '', 31, 23),
(570, '2018-11-29 14:17:06.504792', '153', 'epubcfi(/6/224[xchapter_106]!/4/2/12,/1:5,/1:215)', 3, '', 31, 23),
(571, '2018-11-29 14:17:06.637937', '152', 'epubcfi(/6/194[xchapter_091]!/4/2/94,/1:150,/1:260)', 3, '', 31, 23),
(572, '2018-11-29 14:17:06.727079', '151', 'epubcfi(/6/250[xchapter_119]!/4/2/4,/1:142,/1:291)', 3, '', 31, 23),
(573, '2018-11-29 14:17:06.894474', '150', 'epubcfi(/6/250[xchapter_119]!/4/2/8,/1:52,/1:204)', 3, '', 31, 23),
(574, '2018-11-29 14:17:06.983417', '149', 'epubcfi(/6/186[xchapter_087]!/4/2/32,/1:50,/1:240)', 3, '', 31, 23),
(575, '2018-11-29 14:17:07.116431', '148', 'epubcfi(/6/158[xchapter_073]!/4/2/88,/1:53,/1:207)', 3, '', 31, 23),
(576, '2018-11-29 14:17:07.283833', '147', 'epubcfi(/6/158[xchapter_073]!/4/2/84,/1:186,/1:387)', 3, '', 31, 23),
(577, '2018-11-29 14:17:07.428182', '146', 'epubcfi(/6/170[xchapter_079]!/4/2/6,/1:525,/1:632)', 3, '', 31, 23),
(578, '2018-11-29 14:17:07.517133', '145', 'epubcfi(/6/170[xchapter_079]!/4/2/6,/1:225,/1:405)', 3, '', 31, 23),
(579, '2018-11-29 14:17:07.683684', '144', 'epubcfi(/6/170[xchapter_079]!/4/2/4,/1:237,/1:394)', 3, '', 31, 23),
(580, '2018-11-29 14:17:07.816915', '143', 'epubcfi(/6/170[xchapter_079]!/4/2/4,/1:47,/1:158)', 3, '', 31, 23),
(581, '2018-11-29 14:17:07.950629', '142', 'epubcfi(/6/192[xchapter_090]!/4/2/38,/1:16,/1:159)', 3, '', 31, 23),
(582, '2018-11-29 14:17:08.050453', '141', 'epubcfi(/6/112[xchapter_050]!/4/2/14,/1:865,/1:973)', 3, '', 31, 23),
(583, '2018-11-29 14:17:08.183257', '140', 'epubcfi(/6/112[xchapter_050]!/4/2/14,/1:594,/1:749)', 3, '', 31, 23),
(584, '2018-11-29 14:17:08.327810', '139', 'epubcfi(/6/112[xchapter_050]!/4/2/14,/1:408,/1:528)', 3, '', 31, 23),
(585, '2018-11-29 14:17:08.450098', '138', 'epubcfi(/6/228[xchapter_108]!/4/2/78,/1:235,/1:342)', 3, '', 31, 23),
(586, '2018-11-29 14:17:08.527797', '137', 'epubcfi(/6/228[xchapter_108]!/4/2/78,/1:2,/1:107)', 3, '', 31, 23),
(587, '2018-11-29 14:17:08.661096', '136', 'epubcfi(/6/190[xchapter_089]!/4/2/8,/1:475,/1:538)', 3, '', 31, 23),
(588, '2018-11-29 14:17:08.794391', '135', 'epubcfi(/6/190[xchapter_089]!/4/2/6,/1:145,/1:257)', 3, '', 31, 23),
(589, '2018-11-29 14:17:08.916370', '134', 'epubcfi(/6/190[xchapter_089]!/4/2/8,/1:148,/1:332)', 3, '', 31, 23);
INSERT INTO `django_admin_log` (`id`, `action_time`, `object_id`, `object_repr`, `action_flag`, `change_message`, `content_type_id`, `user_id`) VALUES
(590, '2018-11-29 14:17:08.994265', '133', 'epubcfi(/6/190[xchapter_089]!/4/2,/4/1:59,/6/1:24)', 3, '', 31, 23),
(591, '2018-11-29 14:17:09.347831', '131', 'epubcfi(/6/190[xchapter_089]!/4/2/6,/1:552,/1:692)', 3, '', 31, 23),
(592, '2018-11-29 14:17:09.483196', '127', 'epubcfi(/6/130[xchapter_059]!/4/2/4,/1:101,/1:198)', 3, '', 31, 23),
(593, '2018-11-29 14:17:09.605182', '126', 'epubcfi(/6/238[xchapter_113]!/4/2/58,/1:381,/1:489)', 3, '', 31, 23),
(594, '2018-11-29 14:17:09.683120', '125', 'epubcfi(/6/194[xchapter_091]!/4/2/78,/1:145,/1:197)', 3, '', 31, 23),
(595, '2018-11-29 14:17:09.805189', '124', 'epubcfi(/6/194[xchapter_091]!/4/2/76,/1:98,/1:153)', 3, '', 31, 23),
(596, '2018-11-29 14:17:09.882922', '123', 'epubcfi(/6/194[xchapter_091]!/4/2/92,/1:47,/1:161)', 3, '', 31, 23),
(597, '2018-11-29 14:17:10.005142', '122', 'epubcfi(/6/140[xchapter_064]!/4/2/26,/1:97,/1:248)', 3, '', 31, 23),
(598, '2018-11-29 14:17:10.082848', '121', 'epubcfi(/6/198[xchapter_093]!/4/2/20,/1:359,/1:437)', 3, '', 31, 23),
(599, '2018-11-29 14:17:10.205031', '120', 'epubcfi(/6/198[xchapter_093]!/4/2/20,/1:799,/1:881)', 3, '', 31, 23),
(600, '2018-11-29 14:17:10.327229', '119', 'epubcfi(/6/198[xchapter_093]!/4/2/20,/1:206,/1:353)', 3, '', 31, 23),
(601, '2018-11-29 14:17:10.404994', '118', 'epubcfi(/6/108[xchapter_048]!/4/2/78,/1:88,/1:178)', 3, '', 31, 23),
(602, '2018-11-29 14:17:10.482606', '117', 'epubcfi(/6/108[xchapter_048]!/4/2/76,/1:217,/1:305)', 3, '', 31, 23),
(603, '2018-11-29 14:17:10.604831', '116', 'epubcfi(/6/108[xchapter_048]!/4/2/74,/1:426,/1:579)', 3, '', 31, 23),
(604, '2018-11-29 14:17:10.682801', '115', 'epubcfi(/6/186[xchapter_087]!/4/2/32,/1:800,/1:1018)', 3, '', 31, 23),
(605, '2018-11-29 14:17:10.760318', '114', 'epubcfi(/6/140[xchapter_064]!/4/2,/28/1:627,/30/1:121)', 3, '', 31, 23),
(606, '2018-11-29 14:17:10.882787', '113', 'epubcfi(/6/208[xchapter_098]!/4/2/4,/1:1,/1:137)', 3, '', 31, 23),
(607, '2018-11-29 14:17:10.960371', '112', 'epubcfi(/6/208[xchapter_098]!/4/2,/4/1:793,/6/1:83)', 3, '', 31, 23),
(608, '2018-11-29 14:17:11.038257', '111', 'epubcfi(/6/208[xchapter_098]!/4/2/6,/1:183,/1:340)', 3, '', 31, 23),
(609, '2018-11-29 14:17:11.116232', '110', 'epubcfi(/6/210[xchapter_099]!/4/2/20,/1:371,/1:598)', 3, '', 31, 23),
(610, '2018-11-29 14:17:11.193637', '109', 'epubcfi(/6/84[xchapter_036]!/4/2/92,/1:267,/1:436)', 3, '', 31, 23),
(611, '2018-11-29 14:17:11.271493', '108', 'epubcfi(/6/142[xchapter_065]!/4/2/14,/1:617,/1:782)', 3, '', 31, 23),
(612, '2018-11-29 14:17:11.349264', '107', 'epubcfi(/6/174[xchapter_081]!/4/2/60,/1:538,/1:768)', 3, '', 31, 23),
(613, '2018-11-29 14:17:11.427054', '106', 'epubcfi(/6/136[xchapter_062]!/4/2/6,/1:563,/1:705)', 3, '', 31, 23),
(614, '2018-11-29 14:17:11.505182', '105', 'epubcfi(/6/172[xchapter_080]!/4/2/14,/1:159,/1:163)', 3, '', 31, 23),
(615, '2018-11-29 14:17:11.582720', '104', 'epubcfi(/6/98[xchapter_043]!/4/2/6,/1:216,/1:326)', 3, '', 31, 23),
(616, '2018-11-29 14:17:11.660475', '103', 'epubcfi(/6/120[xchapter_054]!/4/2/168,/1:29,/1:103)', 3, '', 31, 23),
(617, '2018-11-29 14:17:11.738149', '102', 'epubcfi(/6/120[xchapter_054]!/4/2/176,/1:985,/1:1200)', 3, '', 31, 23),
(618, '2018-11-29 14:17:11.816033', '101', 'epubcfi(/6/92[xchapter_040]!/4/2,/30/1:86,/32/1:95)', 3, '', 31, 23),
(619, '2018-11-29 14:17:11.961014', '100', 'epubcfi(/6/112[xchapter_050]!/4/2/14,/1:1822,/1:1970)', 3, '', 31, 23),
(620, '2018-11-29 14:17:12.405736', '99', 'epubcfi(/6/184[xchapter_086]!/4/2/32,/1:157,/1:438)', 3, '', 31, 23),
(621, '2018-11-29 14:17:12.538504', '95', 'epubcfi(/6/140[xchapter_064]!/4/2/20,/1:1330,/1:1442)', 3, '', 31, 23),
(622, '2018-11-29 14:17:12.627815', '94', 'epubcfi(/6/104[xchapter_046]!/4/2/10,/1:473,/1:746)', 3, '', 31, 23),
(623, '2018-11-29 14:17:12.716361', '93', 'epubcfi(/6/166[xchapter_077]!/4/2/6,/1:100,/1:245)', 3, '', 31, 23),
(624, '2018-11-29 14:17:12.805392', '92', 'epubcfi(/6/112[xchapter_050]!/4/2/18,/1:611,/1:760)', 3, '', 31, 23),
(625, '2018-11-29 14:17:12.894228', '91', 'epubcfi(/6/112[xchapter_050]!/4/2/16,/1:136,/1:212)', 3, '', 31, 23),
(626, '2018-11-29 14:17:13.027370', '90', 'epubcfi(/6/76[xchapter_032]!/4/2/50,/1:199,/1:425)', 3, '', 31, 23),
(627, '2018-11-29 14:17:13.216309', '89', 'epubcfi(/6/156[xchapter_072]!/4/2/24,/1:332,/1:487)', 3, '', 31, 23),
(628, '2018-11-29 14:17:13.392090', '88', 'epubcfi(/6/132[xchapter_060]!/4/2/22,/1:621,/1:677)', 3, '', 31, 23),
(629, '2018-11-29 14:17:13.503483', '87', 'epubcfi(/6/198[xchapter_093]!/4/2/14,/1:141,/1:240)', 3, '', 31, 23),
(630, '2018-11-29 14:17:13.594231', '86', 'epubcfi(/6/166[xchapter_077]!/4/2/10,/1:318,/1:426)', 3, '', 31, 23),
(631, '2018-11-29 14:17:13.683169', '85', 'epubcfi(/6/180[xchapter_084]!/4/2/8,/1:180,/1:290)', 3, '', 31, 23),
(632, '2018-11-29 14:17:13.772001', '84', 'epubcfi(/6/156[xchapter_072]!/4/2/26,/1:227,/1:405)', 3, '', 31, 23),
(633, '2018-11-29 14:17:13.860776', '83', 'epubcfi(/6/112[xchapter_050]!/4/2/14,/1:1555,/1:1733)', 3, '', 31, 23),
(634, '2018-11-29 14:17:13.949645', '82', 'epubcfi(/6/94[xchapter_041]!/4/2/48,/1:836,/1:1062)', 3, '', 31, 23),
(635, '2018-11-29 14:17:14.038456', '81', 'epubcfi(/6/140[xchapter_064]!/4/2,/18/1:1141,/20/1:319)', 3, '', 31, 23),
(636, '2018-11-29 14:17:14.127523', '80', 'epubcfi(/6/120[xchapter_054]!/4/2/122,/1:22,/1:91)', 3, '', 31, 23),
(637, '2018-11-29 14:17:14.216353', '79', 'epubcfi(/6/120[xchapter_054]!/4/2/176,/1:417,/1:558)', 3, '', 31, 23),
(638, '2018-11-29 14:17:14.305199', '78', 'epubcfi(/6/82[xchapter_035]!/4/2/10,/1:544,/1:560)', 3, '', 31, 23),
(639, '2018-11-29 14:17:14.393893', '77', 'epubcfi(/6/82[xchapter_035]!/4/2/10,/1:77,/1:300)', 3, '', 31, 23),
(640, '2018-11-29 14:17:14.482999', '76', 'epubcfi(/6/198[xchapter_093]!/4/2/12,/1:238,/1:333)', 3, '', 31, 23),
(641, '2018-11-29 14:17:14.606482', '75', 'epubcfi(/6/120[xchapter_054]!/4/2/176,/1:722,/1:731)', 3, '', 31, 23),
(642, '2018-11-29 14:17:14.695111', '74', 'epubcfi(/6/80[xchapter_034]!/4/2/10,/1:311,/1:416)', 3, '', 31, 23),
(643, '2018-11-29 14:17:14.783983', '73', 'epubcfi(/6/82[xchapter_035]!/4/2/10,/1:1393,/1:1543)', 3, '', 31, 23),
(644, '2018-11-29 14:17:14.872963', '72', 'epubcfi(/6/82[xchapter_035]!/4/2/8,/1:2396,/1:2414)', 3, '', 31, 23),
(645, '2018-11-29 14:17:14.961748', '71', 'epubcfi(/6/82[xchapter_035]!/4/2/8,/1:2296,/1:2310)', 3, '', 31, 23),
(646, '2018-11-29 14:17:15.039935', '70', 'epubcfi(/6/82[xchapter_035]!/4/2/8,/1:2273,/1:2289)', 3, '', 31, 23),
(647, '2018-11-29 14:17:15.117376', '69', 'epubcfi(/6/82[xchapter_035]!/4/2/8,/1:2255,/1:2268)', 3, '', 31, 23),
(648, '2018-12-01 03:05:11.892746', '12', '2018-11-01 10:32:11+00:00', 2, '[{"changed": {"fields": ["duration"]}}]', 16, 23),
(649, '2018-12-01 03:16:33.720679', '1', 'sharat', 1, '[{"added": {}}]', 34, 23),
(650, '2018-12-01 04:30:56.591826', '1', 'Nature', 1, '[{"added": {}}]', 24, 23),
(651, '2018-12-01 04:31:02.719393', '2', 'Forest', 1, '[{"added": {}}]', 24, 23),
(652, '2018-12-01 05:21:46.476301', '9', 'Test author', 3, '', 7, 23),
(653, '2018-12-01 05:28:14.584214', '17', 'Test Publisher', 3, '', 8, 23),
(654, '2018-12-01 05:34:37.077837', '3', 'Test tag', 3, '', 24, 23),
(655, '2018-12-01 05:43:19.622008', '8', 'Test Category', 3, '', 13, 23),
(656, '2018-12-01 05:43:41.791885', '9', 'Test category', 3, '', 13, 23),
(657, '2018-12-01 07:31:11.132636', '1', 'ebook', 1, '[{"added": {}}]', 35, 23),
(658, '2018-12-01 07:31:18.278853', '2', 'image', 1, '[{"added": {}}]', 35, 23),
(659, '2018-12-01 09:34:35.477884', '2', 'image', 2, '[{"changed": {"fields": ["value"]}}]', 35, 23),
(660, '2018-12-01 09:34:40.718485', '1', 'ebook', 2, '[{"changed": {"fields": ["value"]}}]', 35, 23),
(661, '2018-12-01 09:42:20.520983', '2', 'image', 2, '[{"changed": {"fields": ["value"]}}]', 35, 23),
(662, '2018-12-01 09:42:24.412333', '1', 'ebook', 2, '[{"changed": {"fields": ["value"]}}]', 35, 23),
(663, '2018-12-01 09:55:40.698752', '14', 'Test book', 3, '', 9, 23),
(664, '2018-12-01 09:57:16.288682', '16', 'Test book', 3, '', 9, 23),
(665, '2018-12-01 09:59:03.080861', '17', 'Test book', 3, '', 9, 23),
(666, '2018-12-01 10:02:48.714642', '18', 'Test book', 3, '', 9, 23),
(667, '2018-12-01 10:09:05.166180', '19', 'Test book', 3, '', 9, 23),
(668, '2018-12-01 10:10:23.225011', '20', 'Test book', 3, '', 9, 23),
(669, '2018-12-01 10:12:29.334306', '21', 'Test book', 3, '', 9, 23),
(670, '2018-12-01 10:12:53.263728', '18', 'None', 1, '[{"added": {}}]', 8, 23),
(671, '2018-12-01 10:26:04.804855', '23', 'Test book2', 3, '', 9, 23),
(672, '2018-12-01 10:26:05.049299', '22', 'Test book', 3, '', 9, 23),
(673, '2018-12-01 10:27:19.899269', '24', 'Test book', 3, '', 9, 23),
(674, '2018-12-01 10:28:26.660866', '25', 'Test book', 3, '', 9, 23),
(675, '2018-12-01 10:29:19.684354', '2', 'image', 2, '[{"changed": {"fields": ["value"]}}]', 35, 23),
(676, '2018-12-01 10:29:24.027380', '1', 'ebook', 2, '[{"changed": {"fields": ["value"]}}]', 35, 23),
(677, '2018-12-01 10:30:45.774558', '26', 'Test book', 3, '', 9, 23),
(678, '2018-12-01 10:32:11.117554', '27', 'Test book', 3, '', 9, 23),
(679, '2018-12-01 10:32:25.899549', '2', 'image', 2, '[{"changed": {"fields": ["value"]}}]', 35, 23),
(680, '2018-12-01 10:32:29.893681', '1', 'ebook', 2, '[{"changed": {"fields": ["value"]}}]', 35, 23),
(682, '2018-12-01 10:37:29.009997', '173', 'epubcfi(/6/108[xchapter_048]!/4/2/44,/1:72,/1:374)', 3, '', 31, 23),
(683, '2018-12-01 10:37:29.127657', '172', 'epubcfi(/6/108[xchapter_048]!/4/2/42,/1:611,/1:775)', 3, '', 31, 23),
(684, '2018-12-01 10:37:29.284796', '171', 'epubcfi(/6/190[xchapter_089]!/4/2/8,/1:400,/1:409)', 3, '', 31, 23),
(685, '2018-12-01 10:37:29.418065', '170', 'epubcfi(/6/170[xchapter_079]!/4/2/4,/1:406,/1:566)', 3, '', 31, 23),
(686, '2018-12-01 10:37:29.559770', '169', 'epubcfi(/6/108[xchapter_048]!/4/2/26,/1:284,/1:509)', 3, '', 31, 23),
(687, '2018-12-01 10:37:29.704115', '168', 'epubcfi(/6/152[xchapter_070]!/4/2/10,/1:131,/1:286)', 3, '', 31, 23),
(688, '2018-12-01 10:37:30.118840', '167', 'epubcfi(/6/152[xchapter_070]!/4/2/6,/1:155,/1:304)', 3, '', 31, 23),
(689, '2018-12-01 10:37:30.419854', '166', 'epubcfi(/6/102[xchapter_045]!/4/2/26,/1:214,/1:257)', 3, '', 31, 23),
(690, '2018-12-01 10:37:30.606174', '165', 'epubcfi(/6/182[xchapter_085]!/4/2/24,/1:143,/1:231)', 3, '', 31, 23),
(691, '2018-12-01 10:37:30.773792', '164', 'epubcfi(/6/118[xchapter_053]!/4/2/20,/1:1232,/1:1470)', 3, '', 31, 23),
(692, '2018-12-01 10:37:31.021170', '163', 'epubcfi(/6/118[xchapter_053]!/4/2/16,/1:84,/1:173)', 3, '', 31, 23),
(693, '2018-12-01 10:37:31.163002', '162', 'epubcfi(/6/174[xchapter_081]!/4/2/64,/1:12,/1:162)', 3, '', 31, 23),
(694, '2018-12-01 10:37:31.388451', '161', 'epubcfi(/6/174[xchapter_081]!/4/2/62,/1:87,/1:116)', 3, '', 31, 23),
(695, '2018-12-01 10:37:31.542161', '160', 'epubcfi(/6/174[xchapter_081]!/4/2/60,/1:1377,/1:1603)', 3, '', 31, 23),
(696, '2018-12-01 10:37:31.675390', '159', 'epubcfi(/6/174[xchapter_081]!/4/2/60,/1:1045,/1:1279)', 3, '', 31, 23),
(697, '2018-12-01 10:37:38.668783', '21', 'Moby Dick', 3, '', 25, 23),
(698, '2018-12-01 10:37:38.801235', '20', 'Moby Dick', 3, '', 25, 23),
(699, '2018-12-01 10:37:38.909536', '19', 'Moby Dick', 3, '', 25, 23),
(700, '2018-12-01 10:37:39.030157', '18', 'Moby Dick', 3, '', 25, 23),
(701, '2018-12-01 10:37:39.142858', '17', 'Moby Dick', 3, '', 25, 23),
(702, '2018-12-01 10:37:39.263200', '16', 'Moby Dick', 3, '', 25, 23),
(703, '2018-12-01 10:37:39.376104', '15', 'Moby Dick', 3, '', 25, 23),
(704, '2018-12-01 10:37:39.487473', '14', 'Moby Dick', 3, '', 25, 23),
(705, '2018-12-01 10:37:39.597923', '13', 'Moby Dick', 3, '', 25, 23),
(706, '2018-12-01 10:37:39.753318', '12', 'Moby Dick', 3, '', 25, 23),
(707, '2018-12-01 10:37:39.864690', '11', 'Moby Dick', 3, '', 25, 23),
(708, '2018-12-01 10:37:39.975353', '10', 'Moby Dick', 3, '', 25, 23),
(709, '2018-12-01 10:37:55.715828', '12', '2018-11-01 10:32:11+00:00', 3, '', 16, 23),
(710, '2018-12-01 10:38:41.888494', '9', 'fgh', 3, '', 33, 23),
(711, '2018-12-01 10:38:42.156348', '8', 'Tester', 3, '', 33, 23),
(712, '2018-12-01 10:38:42.330305', '7', 'Twice again', 3, '', 33, 23),
(713, '2018-12-01 10:38:42.520344', '6', 'Once again', 3, '', 33, 23),
(714, '2018-12-01 10:38:42.642278', '5', 'Again', 3, '', 33, 23),
(715, '2018-12-01 10:38:42.764825', '4', 'Yet another', 3, '', 33, 23),
(716, '2018-12-01 10:38:42.887135', '3', 'Important file', 3, '', 33, 23),
(717, '2018-12-01 10:38:43.008884', '2', 'Another file', 3, '', 33, 23),
(718, '2018-12-01 10:38:43.185270', '1', 'Sample file', 3, '', 33, 23),
(719, '2018-12-01 10:39:06.379609', '34', 'fgh', 3, '', 32, 23),
(720, '2018-12-01 10:39:06.511540', '33', 'fgh', 3, '', 32, 23),
(721, '2018-12-01 10:39:06.629794', '32', 'fgh', 3, '', 32, 23),
(722, '2018-12-01 10:39:06.784809', '31', 'Tester', 3, '', 32, 23),
(723, '2018-12-01 10:39:06.960629', '30', 'Tester', 3, '', 32, 23),
(724, '2018-12-01 10:39:07.096457', '29', 'Tester', 3, '', 32, 23),
(725, '2018-12-01 10:39:07.296371', '28', 'Twice again', 3, '', 32, 23),
(726, '2018-12-01 10:39:07.475293', '27', 'Twice again', 3, '', 32, 23),
(727, '2018-12-01 10:39:07.674101', '26', 'Twice again', 3, '', 32, 23),
(728, '2018-12-01 10:39:07.885056', '25', 'Twice again', 3, '', 32, 23),
(729, '2018-12-01 10:39:08.018719', '24', 'Twice again', 3, '', 32, 23),
(730, '2018-12-01 10:39:08.129262', '23', 'Once again', 3, '', 32, 23),
(731, '2018-12-01 10:39:08.240288', '22', 'Once again', 3, '', 32, 23),
(732, '2018-12-01 10:39:08.506724', '21', 'Once again', 3, '', 32, 23),
(733, '2018-12-01 10:39:08.873910', '20', 'Once again', 3, '', 32, 23),
(734, '2018-12-01 10:39:08.984350', '19', 'Once again', 3, '', 32, 23),
(735, '2018-12-01 10:39:09.339744', '18', 'Again', 3, '', 32, 23),
(736, '2018-12-01 10:39:09.461714', '17', 'Again', 3, '', 32, 23),
(737, '2018-12-01 10:39:09.584254', '16', 'Again', 3, '', 32, 23),
(738, '2018-12-01 10:39:09.706413', '15', 'Again', 3, '', 32, 23),
(739, '2018-12-01 10:39:09.828417', '14', 'Yet another', 3, '', 32, 23),
(740, '2018-12-01 10:39:09.951094', '13', 'Yet another', 3, '', 32, 23),
(741, '2018-12-01 10:39:10.073120', '12', 'Yet another', 3, '', 32, 23),
(742, '2018-12-01 10:39:10.195600', '11', 'Important file', 3, '', 32, 23),
(743, '2018-12-01 10:39:10.317786', '10', 'Important file', 3, '', 32, 23),
(744, '2018-12-01 10:39:10.439852', '9', 'Important file', 3, '', 32, 23),
(745, '2018-12-01 10:39:10.793103', '8', 'Another file', 3, '', 32, 23),
(746, '2018-12-01 10:39:10.905943', '7', 'Another file', 3, '', 32, 23),
(747, '2018-12-01 10:39:11.028342', '6', 'Another file', 3, '', 32, 23),
(748, '2018-12-01 10:39:11.194878', '5', 'Sample file', 3, '', 32, 23),
(749, '2018-12-01 10:39:11.318673', '4', 'Sample file', 3, '', 32, 23),
(750, '2018-12-01 10:39:11.440780', '3', 'Sample file', 3, '', 32, 23),
(751, '2018-12-01 10:39:11.563204', '2', 'Sample file', 3, '', 32, 23),
(752, '2018-12-01 10:39:11.685285', '1', 'Sample file', 3, '', 32, 23),
(753, '2018-12-01 10:39:20.846500', '9', 'fgh', 3, '', 33, 23),
(754, '2018-12-01 10:39:20.960122', '8', 'Tester', 3, '', 33, 23),
(755, '2018-12-01 10:39:21.065809', '7', 'Twice again', 3, '', 33, 23),
(756, '2018-12-01 10:39:21.176825', '6', 'Once again', 3, '', 33, 23),
(757, '2018-12-01 10:39:21.288137', '5', 'Again', 3, '', 33, 23),
(758, '2018-12-01 10:39:21.398625', '4', 'Yet another', 3, '', 33, 23),
(759, '2018-12-01 10:39:21.510254', '3', 'Important file', 3, '', 33, 23),
(760, '2018-12-01 10:39:21.621037', '2', 'Another file', 3, '', 33, 23),
(761, '2018-12-01 10:39:21.731731', '1', 'Sample file', 3, '', 33, 23),
(762, '2018-12-01 10:39:48.231996', '13', 'Moby Dick', 3, '', 9, 23),
(763, '2018-12-01 10:47:56.686896', '13', '2018-12-01 10:47:45+00:00', 1, '[{"added": {}}]', 16, 23);

-- --------------------------------------------------------

--
-- Table structure for table `django_content_type`
--

CREATE TABLE `django_content_type` (
  `id` int(11) NOT NULL,
  `app_label` varchar(100) NOT NULL,
  `model` varchar(100) NOT NULL
) ENGINE=InnoDB DEFAULT CHARSET=utf8;

--
-- Dumping data for table `django_content_type`
--

INSERT INTO `django_content_type` (`id`, `app_label`, `model`) VALUES
(1, 'admin', 'logentry'),
(2, 'auth', 'group'),
(4, 'auth', 'permission'),
(3, 'auth', 'user'),
(5, 'contenttypes', 'contenttype'),
(10, 'database_files', 'file'),
(22, 'rapp', 'adminacc'),
(7, 'rapp', 'authors'),
(25, 'rapp', 'bookmark'),
(13, 'rapp', 'category'),
(16, 'rapp', 'dashboard'),
(9, 'rapp', 'ebooks'),
(23, 'rapp', 'gmailid'),
(31, 'rapp', 'highlight'),
(35, 'rapp', 'keyvalue'),
(19, 'rapp', 'lastpage'),
(28, 'rapp', 'music'),
(26, 'rapp', 'musicgenre'),
(29, 'rapp', 'musiclis'),
(27, 'rapp', 'musictag'),
(33, 'rapp', 'notefile'),
(32, 'rapp', 'notefileitem'),
(18, 'rapp', 'notes'),
(30, 'rapp', 'playlist'),
(8, 'rapp', 'publishers'),
(12, 'rapp', 'subscribers'),
(24, 'rapp', 'tag'),
(17, 'rapp', 'transactions'),
(34, 'rapp', 'uploadadmin'),
(21, 'rapp', 'uploaded'),
(14, 'rapp', 'usercart'),
(11, 'rapp', 'userp'),
(15, 'rapp', 'wishlist'),
(6, 'sessions', 'session'),
(20, 'watson', 'searchentry');

-- --------------------------------------------------------

--
-- Table structure for table `django_migrations`
--

CREATE TABLE `django_migrations` (
  `id` int(11) NOT NULL,
  `app` varchar(255) NOT NULL,
  `name` varchar(255) NOT NULL,
  `applied` datetime(6) NOT NULL
) ENGINE=InnoDB DEFAULT CHARSET=utf8;

--
-- Dumping data for table `django_migrations`
--

INSERT INTO `django_migrations` (`id`, `app`, `name`, `applied`) VALUES
(1, 'contenttypes', '0001_initial', '2018-03-14 07:32:58.080931'),
(2, 'auth', '0001_initial', '2018-03-14 07:33:12.841171'),
(3, 'admin', '0001_initial', '2018-03-14 07:33:15.613860'),
(4, 'admin', '0002_logentry_remove_auto_add', '2018-03-14 07:33:15.759519'),
(5, 'contenttypes', '0002_remove_content_type_name', '2018-03-14 07:33:17.543055'),
(6, 'auth', '0002_alter_permission_name_max_length', '2018-03-14 07:33:18.722942'),
(7, 'auth', '0003_alter_user_email_max_length', '2018-03-14 07:33:20.571016'),
(8, 'auth', '0004_alter_user_username_opts', '2018-03-14 07:33:20.635537'),
(9, 'auth', '0005_alter_user_last_login_null', '2018-03-14 07:33:21.517675'),
(10, 'auth', '0006_require_contenttypes_0002', '2018-03-14 07:33:21.572816'),
(11, 'auth', '0007_alter_validators_add_error_messages', '2018-03-14 07:33:21.637723'),
(12, 'auth', '0008_alter_user_username_max_length', '2018-03-14 07:33:22.799810'),
(13, 'sessions', '0001_initial', '2018-03-14 07:33:23.779708'),
(15, 'auth', '0009_alter_user_last_name_max_length', '2018-03-15 07:48:19.300000'),
(49, 'rapp', '0034_auto_20180407_1812', '2018-04-07 18:19:53.754020'),
(50, 'rapp', '0035_auto_20180407_1812', '2018-04-07 18:19:53.813670'),
(51, 'rapp', '0036_auto_20180407_1813', '2018-04-07 18:19:53.869334'),
(52, 'rapp', '0037_auto_20180407_1813', '2018-04-07 18:19:53.925604'),
(53, 'rapp', '0038_auto_20180407_1818', '2018-04-07 18:19:53.981602'),
(54, 'rapp', '0039_auto_20180407_1819', '2018-04-07 18:19:54.069489'),
(55, 'rapp', '0001_initial', '2018-04-07 18:29:14.233521'),
(56, 'rapp', '0002_auto_20180315_0748', '2018-04-07 18:29:14.308146'),
(57, 'rapp', '0003_ebooks_content', '2018-04-07 18:29:14.357643'),
(58, 'rapp', '0004_auto_20180317_1035', '2018-04-07 18:29:14.402175'),
(59, 'rapp', '0005_ebooks_link', '2018-04-07 18:29:14.490146'),
(60, 'rapp', '0006_auto_20180317_1100', '2018-04-07 18:29:14.591176'),
(61, 'rapp', '0007_publishers_author', '2018-04-07 18:29:14.647033'),
(62, 'rapp', '0008_auto_20180317_1118', '2018-04-07 18:29:14.702383'),
(63, 'rapp', '0009_auto_20180317_1127', '2018-04-07 18:29:14.758209'),
(64, 'rapp', '0010_userp', '2018-04-07 18:29:14.824946'),
(65, 'rapp', '0011_subscribers', '2018-04-07 18:29:14.891620'),
(66, 'rapp', '0012_auto_20180320_1253', '2018-04-07 18:29:14.958264'),
(67, 'rapp', '0013_auto_20180320_1302', '2018-04-07 18:29:15.025007'),
(68, 'rapp', '0014_ebooks_dayopt', '2018-04-07 18:29:15.091612'),
(69, 'rapp', '0015_usercart', '2018-04-07 18:29:15.158184'),
(70, 'rapp', '0016_auto_20180321_1054', '2018-04-07 18:29:15.224844'),
(71, 'rapp', '0017_usercart_price', '2018-04-07 18:29:15.280489'),
(72, 'rapp', '0018_auto_20180321_1149', '2018-04-07 18:29:15.336010'),
(73, 'rapp', '0019_usercart', '2018-04-07 18:29:15.391899'),
(74, 'rapp', '0020_auto_20180321_1155', '2018-04-07 18:29:15.447473'),
(75, 'rapp', '0021_auto_20180321_1207', '2018-04-07 18:29:15.514037'),
(76, 'rapp', '0022_usercart', '2018-04-07 18:29:15.580713'),
(77, 'rapp', '0023_wishlist', '2018-04-07 18:29:15.647390'),
(78, 'rapp', '0024_dashboard', '2018-04-07 18:29:15.714094'),
(79, 'rapp', '0025_auto_20180328_0401', '2018-04-07 18:29:15.780436'),
(80, 'rapp', '0026_auto_20180328_0404', '2018-04-07 18:29:15.841733'),
(81, 'rapp', '0027_auto_20180328_0931', '2018-04-07 18:29:15.903040'),
(82, 'rapp', '0028_transactions', '2018-04-07 18:29:15.969679'),
(83, 'rapp', '0029_ebooks_deal', '2018-04-07 18:29:16.036351'),
(84, 'rapp', '0030_auto_20180401_1131', '2018-04-07 18:29:16.103132'),
(85, 'rapp', '0031_auto_20180401_1134', '2018-04-07 18:29:16.169460'),
(86, 'rapp', '0032_auto_20180401_1136', '2018-04-07 18:29:16.225483'),
(87, 'rapp', '0033_notes', '2018-04-07 18:30:51.748335'),
(88, 'rapp', '0034_lastpage', '2018-04-09 06:42:52.935326'),
(89, 'watson', '0001_initial', '2018-04-11 06:59:42.195915'),
(90, 'rapp', '0002_auto_20180510_1159', '2018-05-10 11:59:51.288410'),
(91, 'rapp', '0003_auto_20180510_1236', '2018-05-10 12:36:44.234887'),
(92, 'rapp', '0004_ebooks_language', '2018-05-10 14:17:48.061219'),
(93, 'rapp', '0005_ebooks_description', '2018-05-10 14:23:03.756494'),
(94, 'rapp', '0006_auto_20180511_1320', '2018-05-11 13:20:17.931937'),
(95, 'rapp', '0007_userp_publisher', '2018-05-11 14:01:14.816467'),
(96, 'rapp', '0008_uploaded', '2018-05-11 14:38:20.649418'),
(97, 'rapp', '0009_lastpage_time', '2018-05-12 16:33:56.975776'),
(98, 'rapp', '0010_ebooks_priority', '2018-05-13 11:55:22.393883'),
(99, 'rapp', '0011_ebooks_bookactive', '2018-05-13 16:15:02.678968'),
(100, 'rapp', '0012_auto_20180513_2153', '2018-05-13 21:53:35.864590'),
(101, 'rapp', '0013_auto_20180531_1814', '2018-05-31 18:29:37.565887'),
(102, 'rapp', '0014_ebooks_isbn', '2018-08-18 11:05:19.353393'),
(103, 'rapp', '0015_auto_20180818_1108', '2018-08-18 11:08:28.432564'),
(104, 'rapp', '0016_remove_ebooks_isbn', '2018-08-18 11:15:52.402268'),
(105, 'rapp', '0017_ebooks_isbn', '2018-08-18 11:16:14.543371'),
(108, 'rapp', '0015_auto_20180821_1653', '2018-08-21 16:53:56.330899'),
(109, 'rapp', '0016_userp_number', '2018-08-21 16:54:18.121308'),
(110, 'rapp', '0017_remove_userp_number', '2018-08-21 17:15:11.140896'),
(111, 'rapp', '0016_auto_20180821_1716', '2018-08-21 17:16:12.007526'),
(112, 'rapp', '0017_auto_20180821_1759', '2018-08-21 18:00:08.419526'),
(113, 'rapp', '0002_auto_20181101_0941', '2018-11-01 09:41:17.072219'),
(114, 'rapp', '0003_auto_20181101_0950', '2018-11-01 10:05:59.385501'),
(115, 'rapp', '0004_auto_20181101_0951', '2018-11-01 10:05:59.587841'),
(116, 'rapp', '0005_auto_20181101_0952', '2018-11-01 10:05:59.669550'),
(117, 'rapp', '0006_auto_20181101_0953', '2018-11-01 10:05:59.725539'),
(118, 'rapp', '0007_auto_20181101_0957', '2018-11-01 10:05:59.814114'),
(119, 'rapp', '0008_remove_ebooks_publishdate', '2018-11-01 10:05:59.869724'),
(120, 'rapp', '0009_auto_20181101_1003', '2018-11-01 10:05:59.925625'),
(121, 'rapp', '0010_ebooks_publishdate', '2018-11-01 10:07:30.733062'),
(122, 'rapp', '0011_auto_20181101_1009', '2018-11-01 10:09:26.799942'),
(123, 'rapp', '0012_auto_20181101_1024', '2018-11-01 10:25:23.386578'),
(124, 'rapp', '0013_auto_20181101_1025', '2018-11-01 10:25:26.150311'),
(125, 'rapp', '0014_bookmark', '2018-11-01 10:51:04.728361'),
(126, 'rapp', '0015_auto_20181102_1153', '2018-11-02 11:54:10.602273'),
(127, 'rapp', '0016_musicgenre_image', '2018-11-02 12:01:26.753020'),
(128, 'rapp', '0017_musiclis', '2018-11-03 16:14:51.013452'),
(129, 'rapp', '0018_musiclis_queue', '2018-11-04 10:59:01.689025'),
(130, 'rapp', '0019_playlist', '2018-11-05 07:05:17.552078'),
(131, 'rapp', '0020_highlight', '2018-11-24 17:39:31.891852'),
(132, 'rapp', '0021_highlight_color', '2018-11-26 05:35:44.133880'),
(133, 'rapp', '0022_auto_20181127_1553', '2018-11-27 15:54:09.094140'),
(134, 'rapp', '0023_auto_20181127_1556', '2018-11-27 15:56:32.366400'),
(135, 'rapp', '0024_bookmark_data', '2018-11-29 12:20:16.396131'),
(136, 'rapp', '0025_highlight_selectedtext', '2018-11-29 14:16:38.127992'),
(137, 'rapp', '0026_notefile_notefileitem', '2018-11-30 08:14:54.013900'),
(138, 'rapp', '0027_auto_20181201_0308', '2018-12-01 03:09:13.184461'),
(139, 'rapp', '0028_uploadadmin', '2018-12-01 03:13:04.455161'),
(140, 'rapp', '0029_category_catmodel', '2018-12-01 04:25:10.832815'),
(141, 'rapp', '0030_auto_20181201_0723', '2018-12-01 07:23:26.969321'),
(142, 'rapp', '0031_auto_20181201_1008', '2018-12-01 10:08:52.649655');

-- --------------------------------------------------------

--
-- Table structure for table `django_session`
--

CREATE TABLE `django_session` (
  `session_key` varchar(40) NOT NULL,
  `session_data` longtext NOT NULL,
  `expire_date` datetime(6) NOT NULL
) ENGINE=InnoDB DEFAULT CHARSET=utf8;

--
-- Dumping data for table `django_session`
--

INSERT INTO `django_session` (`session_key`, `session_data`, `expire_date`) VALUES
('04ldh00z2ye7t0eipavs37e1qgcsfg9a', 'NzI2MmY5ZjAwMzBjMGFjNTllNTIzMGI1Y2JiNTE3YmM3MmU4YjUyZTp7Il9hdXRoX3VzZXJfaWQiOiIyMyIsIl9hdXRoX3VzZXJfaGFzaCI6IjA2MjIwZjVlN2QxNzc2MWZlYzc3NzY1YzA3ZThmOGI5Njc5NTgyM2UiLCJfYXV0aF91c2VyX2JhY2tlbmQiOiJyYXBwLmF1dGhlbnRpY2F0ZS5FbWFpbEJhY2tlbmQifQ==', '2018-12-08 17:12:57.158080'),
('07zt61clyv2psse29knz9rp0zksarhkj', 'OWMwZGIxNzJjMjFjNzM2ODJmZGRlYmRlOTc5MmRjODFmMzcwYmE1Njp7Il9hdXRoX3VzZXJfYmFja2VuZCI6InJhcHAuYXV0aGVudGljYXRlLkVtYWlsQmFja2VuZCIsIl9hdXRoX3VzZXJfaWQiOiIyMyIsIl9hdXRoX3VzZXJfaGFzaCI6IjA2MjIwZjVlN2QxNzc2MWZlYzc3NzY1YzA3ZThmOGI5Njc5NTgyM2UifQ==', '2018-10-08 14:56:49.091362'),
('0qqm0pni00mvqtqxp56usrwkga15t5h8', 'NmMyYWE1MzQ4NGE2YjQyNTVmMWQ4MDExZjk3MTgzMzk4OTlmZGMwOTp7Il9hdXRoX3VzZXJfYmFja2VuZCI6ImRqYW5nby5jb250cmliLmF1dGguYmFja2VuZHMuTW9kZWxCYWNrZW5kIiwiX2F1dGhfdXNlcl9pZCI6IjIzIiwiX2F1dGhfdXNlcl9oYXNoIjoiMDYyMjBmNWU3ZDE3NzYxZmVjNzc3NjVjMDdlOGY4Yjk2Nzk1ODIzZSJ9', '2018-06-04 09:36:52.934001'),
('0ua4149930py15im06y6y412l4yut1fu', 'N2ViMDBjYTM3NTA4MjcyMmE2OTMyYTYzYjI1M2U4M2QxOGQ1OWQ3NTp7Il9hdXRoX3VzZXJfaWQiOiIxIiwiX2F1dGhfdXNlcl9oYXNoIjoiYWM4OGY3Njg0N2E1ODU4ZTE4YmJkNjMxMWY0NDRlMjEyMjkxZDMyZSIsIl9hdXRoX3VzZXJfYmFja2VuZCI6ImRqYW5nby5jb250cmliLmF1dGguYmFja2VuZHMuTW9kZWxCYWNrZW5kIn0=', '2018-04-21 16:17:51.594191'),
('19qknuat5y0sf78x2godxxuzqgyi75m2', 'NTBhYWFmNTM3OWNiNGIwYjNkYjU4ZGY2ZWNhM2E1NDAxYzQxNzkwNDp7Il9hdXRoX3VzZXJfaGFzaCI6IjIxN2ExMDE4NTA0MWMxMGZjOTkzNjJkZjk1MGU2YTgxNWQ0NmJlYzEiLCJfYXV0aF91c2VyX2JhY2tlbmQiOiJkamFuZ28uY29udHJpYi5hdXRoLmJhY2tlbmRzLk1vZGVsQmFja2VuZCIsIl9hdXRoX3VzZXJfaWQiOiIzNCJ9', '2018-05-26 05:22:29.316449'),
('1mgq1y9lvorg6kulq01vx4aw8yd4wnt6', 'YWQ3ODAxYWY1YzE5NjQ4OGRhMzliODdhZDhkMWJlMWM0MWJmY2IwNTp7Il9hdXRoX3VzZXJfaWQiOiIyMyIsIl9hdXRoX3VzZXJfYmFja2VuZCI6ImRqYW5nby5jb250cmliLmF1dGguYmFja2VuZHMuTW9kZWxCYWNrZW5kIiwiX2F1dGhfdXNlcl9oYXNoIjoiMDYyMjBmNWU3ZDE3NzYxZmVjNzc3NjVjMDdlOGY4Yjk2Nzk1ODIzZSJ9', '2018-08-31 08:51:19.443463'),
('2spjfle224lug59v4obc6kljvdvven3j', 'ZGRmOThiNjUxMmM0ZjdmMDdhNTllNGYwYWZiMzczMGVhMDJlODVmNDp7Il9hdXRoX3VzZXJfaGFzaCI6IjA2MjIwZjVlN2QxNzc2MWZlYzc3NzY1YzA3ZThmOGI5Njc5NTgyM2UiLCJfYXV0aF91c2VyX2JhY2tlbmQiOiJyYXBwLmF1dGhlbnRpY2F0ZS5FbWFpbEJhY2tlbmQiLCJfYXV0aF91c2VyX2lkIjoiMjMifQ==', '2018-09-03 09:39:27.892221'),
('363lvyozg7q54cr0iwfffl0gn5k7k6hm', 'MGQ1YmM3OTRmZTI3NDE5MTU3NTJlMGQwYjY4ZGFlNjNkMGZmY2MzZjp7Il9hdXRoX3VzZXJfYmFja2VuZCI6InJhcHAuYXV0aGVudGljYXRlLkVtYWlsQmFja2VuZCIsIl9hdXRoX3VzZXJfaGFzaCI6IjA2MjIwZjVlN2QxNzc2MWZlYzc3NzY1YzA3ZThmOGI5Njc5NTgyM2UiLCJfYXV0aF91c2VyX2lkIjoiMjMifQ==', '2018-12-11 07:06:40.037855'),
('37myzridb8oho8re40bstw3fp6iv8wpv', 'NmMyYWE1MzQ4NGE2YjQyNTVmMWQ4MDExZjk3MTgzMzk4OTlmZGMwOTp7Il9hdXRoX3VzZXJfYmFja2VuZCI6ImRqYW5nby5jb250cmliLmF1dGguYmFja2VuZHMuTW9kZWxCYWNrZW5kIiwiX2F1dGhfdXNlcl9pZCI6IjIzIiwiX2F1dGhfdXNlcl9oYXNoIjoiMDYyMjBmNWU3ZDE3NzYxZmVjNzc3NjVjMDdlOGY4Yjk2Nzk1ODIzZSJ9', '2018-09-01 15:44:18.854959'),
('390rqsvd6awygh5o26zsz0kdwkg3gkit', 'NTBmMDRiOWE4NGUxMjQ3OTgzOTUyODQ4NWQ4NjIzZDBjNDdlMTZjMzp7Il9hdXRoX3VzZXJfYmFja2VuZCI6ImRqYW5nby5jb250cmliLmF1dGguYmFja2VuZHMuTW9kZWxCYWNrZW5kIiwiX2F1dGhfdXNlcl9oYXNoIjoiMDYyMjBmNWU3ZDE3NzYxZmVjNzc3NjVjMDdlOGY4Yjk2Nzk1ODIzZSIsIl9hdXRoX3VzZXJfaWQiOiIyMyJ9', '2018-06-03 23:03:58.452635'),
('3xlk2vosbmqrvupbtgrtisowlnj6wpt8', 'YWQ3ODAxYWY1YzE5NjQ4OGRhMzliODdhZDhkMWJlMWM0MWJmY2IwNTp7Il9hdXRoX3VzZXJfaWQiOiIyMyIsIl9hdXRoX3VzZXJfYmFja2VuZCI6ImRqYW5nby5jb250cmliLmF1dGguYmFja2VuZHMuTW9kZWxCYWNrZW5kIiwiX2F1dGhfdXNlcl9oYXNoIjoiMDYyMjBmNWU3ZDE3NzYxZmVjNzc3NjVjMDdlOGY4Yjk2Nzk1ODIzZSJ9', '2018-08-23 16:55:10.415777'),
('4gj65kwtha365aivgconksgc7s3suk3c', 'MTg0ZDkzYmJlZGU1OTAxYTY1ZDU1OWY1ZjY3MTFiMzRlNTU1N2I5MTp7Il9hdXRoX3VzZXJfaWQiOiIyMyIsIl9hdXRoX3VzZXJfYmFja2VuZCI6InJhcHAuYXV0aGVudGljYXRlLkVtYWlsQmFja2VuZCIsIl9hdXRoX3VzZXJfaGFzaCI6IjA2MjIwZjVlN2QxNzc2MWZlYzc3NzY1YzA3ZThmOGI5Njc5NTgyM2UifQ==', '2018-11-16 20:39:47.378407'),
('4ywse6hy1jy4si73uhg156q5y1yo1sx2', 'MTg0ZDkzYmJlZGU1OTAxYTY1ZDU1OWY1ZjY3MTFiMzRlNTU1N2I5MTp7Il9hdXRoX3VzZXJfaWQiOiIyMyIsIl9hdXRoX3VzZXJfYmFja2VuZCI6InJhcHAuYXV0aGVudGljYXRlLkVtYWlsQmFja2VuZCIsIl9hdXRoX3VzZXJfaGFzaCI6IjA2MjIwZjVlN2QxNzc2MWZlYzc3NzY1YzA3ZThmOGI5Njc5NTgyM2UifQ==', '2018-09-04 19:25:25.361700'),
('5oavjo7z6ys7py69eu8zubygvimy0179', 'OWMwZGIxNzJjMjFjNzM2ODJmZGRlYmRlOTc5MmRjODFmMzcwYmE1Njp7Il9hdXRoX3VzZXJfYmFja2VuZCI6InJhcHAuYXV0aGVudGljYXRlLkVtYWlsQmFja2VuZCIsIl9hdXRoX3VzZXJfaWQiOiIyMyIsIl9hdXRoX3VzZXJfaGFzaCI6IjA2MjIwZjVlN2QxNzc2MWZlYzc3NzY1YzA3ZThmOGI5Njc5NTgyM2UifQ==', '2018-12-08 10:44:38.181200'),
('77m1sizyizwztaybx4l2pqxq23k1znnf', 'YmI1ZDVjZTRhMzM0NWYyNDBiNzljNTZiMThlNjhjMzY1ZmQxMzZmYTp7Il9hdXRoX3VzZXJfaWQiOiIzOCIsIl9hdXRoX3VzZXJfYmFja2VuZCI6ImRqYW5nby5jb250cmliLmF1dGguYmFja2VuZHMuTW9kZWxCYWNrZW5kIiwiX2F1dGhfdXNlcl9oYXNoIjoiZjljMDE5N2Q0ZDAwZGEyYmRmMDM0ZWU2MGM0NWYyNmYyMTU1MjRhNyJ9', '2018-06-16 10:17:04.079897'),
('80qd782dzj1d90yotmcrhxthskjwe7ql', 'NzI2MmY5ZjAwMzBjMGFjNTllNTIzMGI1Y2JiNTE3YmM3MmU4YjUyZTp7Il9hdXRoX3VzZXJfaWQiOiIyMyIsIl9hdXRoX3VzZXJfaGFzaCI6IjA2MjIwZjVlN2QxNzc2MWZlYzc3NzY1YzA3ZThmOGI5Njc5NTgyM2UiLCJfYXV0aF91c2VyX2JhY2tlbmQiOiJyYXBwLmF1dGhlbnRpY2F0ZS5FbWFpbEJhY2tlbmQifQ==', '2018-12-07 09:09:56.669962'),
('8qh3chk1j1s7df846egztwfj0vgnhvza', 'ZDgzY2JhOGI5M2QxY2FlZjhkZTYzMDE2MzNlZDM4ZDM0N2QxZmY0MTp7Il9hdXRoX3VzZXJfaGFzaCI6IjA2MjIwZjVlN2QxNzc2MWZlYzc3NzY1YzA3ZThmOGI5Njc5NTgyM2UiLCJfYXV0aF91c2VyX2JhY2tlbmQiOiJkamFuZ28uY29udHJpYi5hdXRoLmJhY2tlbmRzLk1vZGVsQmFja2VuZCIsIl9hdXRoX3VzZXJfaWQiOiIyMyJ9', '2018-05-26 05:21:14.645947'),
('95mwfw530vmbzdjjnbd38j5fucfogph9', 'NzI2MmY5ZjAwMzBjMGFjNTllNTIzMGI1Y2JiNTE3YmM3MmU4YjUyZTp7Il9hdXRoX3VzZXJfaWQiOiIyMyIsIl9hdXRoX3VzZXJfaGFzaCI6IjA2MjIwZjVlN2QxNzc2MWZlYzc3NzY1YzA3ZThmOGI5Njc5NTgyM2UiLCJfYXV0aF91c2VyX2JhY2tlbmQiOiJyYXBwLmF1dGhlbnRpY2F0ZS5FbWFpbEJhY2tlbmQifQ==', '2018-09-03 12:27:05.858111'),
('9avcxyk63d68sezdowtmhg9xbvw0fddu', 'MGQ1YmM3OTRmZTI3NDE5MTU3NTJlMGQwYjY4ZGFlNjNkMGZmY2MzZjp7Il9hdXRoX3VzZXJfYmFja2VuZCI6InJhcHAuYXV0aGVudGljYXRlLkVtYWlsQmFja2VuZCIsIl9hdXRoX3VzZXJfaGFzaCI6IjA2MjIwZjVlN2QxNzc2MWZlYzc3NzY1YzA3ZThmOGI5Njc5NTgyM2UiLCJfYXV0aF91c2VyX2lkIjoiMjMifQ==', '2018-12-11 12:38:09.025515'),
('9g1gxl1fo5tvoe2greqfthofqo9jc63z', 'ODNiOTE4MTczNGJhODJhNTU4ODBiNDE5ZmU4OWQzMmYxNTg2YmExZTp7Il9hdXRoX3VzZXJfaWQiOiIzNCIsIl9hdXRoX3VzZXJfYmFja2VuZCI6ImRqYW5nby5jb250cmliLmF1dGguYmFja2VuZHMuTW9kZWxCYWNrZW5kIiwiX2F1dGhfdXNlcl9oYXNoIjoiMjE3YTEwMTg1MDQxYzEwZmM5OTM2MmRmOTUwZTZhODE1ZDQ2YmVjMSJ9', '2018-05-26 14:34:26.444844'),
('a3eduzoc93k1teg1poxwocpt6u6g58g6', 'OWMwZGIxNzJjMjFjNzM2ODJmZGRlYmRlOTc5MmRjODFmMzcwYmE1Njp7Il9hdXRoX3VzZXJfYmFja2VuZCI6InJhcHAuYXV0aGVudGljYXRlLkVtYWlsQmFja2VuZCIsIl9hdXRoX3VzZXJfaWQiOiIyMyIsIl9hdXRoX3VzZXJfaGFzaCI6IjA2MjIwZjVlN2QxNzc2MWZlYzc3NzY1YzA3ZThmOGI5Njc5NTgyM2UifQ==', '2018-12-11 12:46:56.525432'),
('b6rgvlepw93abo72a1mvqigrus9p8975', 'MTg0ZDkzYmJlZGU1OTAxYTY1ZDU1OWY1ZjY3MTFiMzRlNTU1N2I5MTp7Il9hdXRoX3VzZXJfaWQiOiIyMyIsIl9hdXRoX3VzZXJfYmFja2VuZCI6InJhcHAuYXV0aGVudGljYXRlLkVtYWlsQmFja2VuZCIsIl9hdXRoX3VzZXJfaGFzaCI6IjA2MjIwZjVlN2QxNzc2MWZlYzc3NzY1YzA3ZThmOGI5Njc5NTgyM2UifQ==', '2018-11-15 09:26:07.190995'),
('br3e4p1vov4n7rme2qwb3o92t9rw1gkn', 'NTBhYWFmNTM3OWNiNGIwYjNkYjU4ZGY2ZWNhM2E1NDAxYzQxNzkwNDp7Il9hdXRoX3VzZXJfaGFzaCI6IjIxN2ExMDE4NTA0MWMxMGZjOTkzNjJkZjk1MGU2YTgxNWQ0NmJlYzEiLCJfYXV0aF91c2VyX2JhY2tlbmQiOiJkamFuZ28uY29udHJpYi5hdXRoLmJhY2tlbmRzLk1vZGVsQmFja2VuZCIsIl9hdXRoX3VzZXJfaWQiOiIzNCJ9', '2018-05-28 16:13:19.569031'),
('cmo7njpq22cb2rms0rqu2s49bmnueq6z', 'MmY0MzIzZjI2MDU0ZmZhNTdlN2EzNmM2NzYyZjZjMDRiNjVjNDA4Yzp7Il9hdXRoX3VzZXJfaGFzaCI6IjA2MjIwZjVlN2QxNzc2MWZlYzc3NzY1YzA3ZThmOGI5Njc5NTgyM2UiLCJfYXV0aF91c2VyX2lkIjoiMjMiLCJfYXV0aF91c2VyX2JhY2tlbmQiOiJyYXBwLmF1dGhlbnRpY2F0ZS5FbWFpbEJhY2tlbmQifQ==', '2018-09-03 11:18:38.748373'),
('ee7oed9ib3we97u7015hd5ho1wrbpspf', 'MWRlMjNlNTExNWJhODRkN2MwYzViYjI4ZjEzMGI2ODIzMzVmYzVkZTp7Il9hdXRoX3VzZXJfaWQiOiIyMiIsIl9hdXRoX3VzZXJfaGFzaCI6ImUwMWFiMTI1NTdjMDQzYjM5MjMwMDMwNTM3ODI0ZjAyMjk3ZTBkYTEiLCJfYXV0aF91c2VyX2JhY2tlbmQiOiJkamFuZ28uY29udHJpYi5hdXRoLmJhY2tlbmRzLk1vZGVsQmFja2VuZCJ9', '2018-04-04 14:00:30.086036'),
('eip7abzyba0vvewn5nwgomc27vxri4hs', 'MGQ1YmM3OTRmZTI3NDE5MTU3NTJlMGQwYjY4ZGFlNjNkMGZmY2MzZjp7Il9hdXRoX3VzZXJfYmFja2VuZCI6InJhcHAuYXV0aGVudGljYXRlLkVtYWlsQmFja2VuZCIsIl9hdXRoX3VzZXJfaGFzaCI6IjA2MjIwZjVlN2QxNzc2MWZlYzc3NzY1YzA3ZThmOGI5Njc5NTgyM2UiLCJfYXV0aF91c2VyX2lkIjoiMjMifQ==', '2018-12-13 15:49:49.275557'),
('erucesuuq84uzb2iag4dljtb93kqh025', 'NmMyYWE1MzQ4NGE2YjQyNTVmMWQ4MDExZjk3MTgzMzk4OTlmZGMwOTp7Il9hdXRoX3VzZXJfYmFja2VuZCI6ImRqYW5nby5jb250cmliLmF1dGguYmFja2VuZHMuTW9kZWxCYWNrZW5kIiwiX2F1dGhfdXNlcl9pZCI6IjIzIiwiX2F1dGhfdXNlcl9oYXNoIjoiMDYyMjBmNWU3ZDE3NzYxZmVjNzc3NjVjMDdlOGY4Yjk2Nzk1ODIzZSJ9', '2018-06-04 09:37:11.907067'),
('ezap5rst6g9wjrtzga4cnb1n1hdybrpr', 'MTg0ZDkzYmJlZGU1OTAxYTY1ZDU1OWY1ZjY3MTFiMzRlNTU1N2I5MTp7Il9hdXRoX3VzZXJfaWQiOiIyMyIsIl9hdXRoX3VzZXJfYmFja2VuZCI6InJhcHAuYXV0aGVudGljYXRlLkVtYWlsQmFja2VuZCIsIl9hdXRoX3VzZXJfaGFzaCI6IjA2MjIwZjVlN2QxNzc2MWZlYzc3NzY1YzA3ZThmOGI5Njc5NTgyM2UifQ==', '2018-09-02 13:06:46.270959'),
('h42ykmdc1cm42zvolybxb90w5obzl803', 'MmY0MzIzZjI2MDU0ZmZhNTdlN2EzNmM2NzYyZjZjMDRiNjVjNDA4Yzp7Il9hdXRoX3VzZXJfaGFzaCI6IjA2MjIwZjVlN2QxNzc2MWZlYzc3NzY1YzA3ZThmOGI5Njc5NTgyM2UiLCJfYXV0aF91c2VyX2lkIjoiMjMiLCJfYXV0aF91c2VyX2JhY2tlbmQiOiJyYXBwLmF1dGhlbnRpY2F0ZS5FbWFpbEJhY2tlbmQifQ==', '2018-12-12 06:50:38.586037'),
('hbgc5pmstojor1ryxn3rsalwo616gp8l', 'MmY0MzIzZjI2MDU0ZmZhNTdlN2EzNmM2NzYyZjZjMDRiNjVjNDA4Yzp7Il9hdXRoX3VzZXJfaGFzaCI6IjA2MjIwZjVlN2QxNzc2MWZlYzc3NzY1YzA3ZThmOGI5Njc5NTgyM2UiLCJfYXV0aF91c2VyX2lkIjoiMjMiLCJfYXV0aF91c2VyX2JhY2tlbmQiOiJyYXBwLmF1dGhlbnRpY2F0ZS5FbWFpbEJhY2tlbmQifQ==', '2018-09-02 20:00:01.546817'),
('htxdodg1bsq2edfefne4320fd1crsykb', 'MTNlNDE4Y2Y2ODM4Njk1NDljNWRkZjZjNzYyMWE0MDk1ZGYyY2MwZjp7Il9hdXRoX3VzZXJfaWQiOiIyMyIsIl9hdXRoX3VzZXJfaGFzaCI6IjA2MjIwZjVlN2QxNzc2MWZlYzc3NzY1YzA3ZThmOGI5Njc5NTgyM2UiLCJfYXV0aF91c2VyX2JhY2tlbmQiOiJkamFuZ28uY29udHJpYi5hdXRoLmJhY2tlbmRzLk1vZGVsQmFja2VuZCJ9', '2018-06-04 09:06:11.675091'),
('kbhrwh97xhra6n4581sqrevl00w5shpl', 'MTNlNDE4Y2Y2ODM4Njk1NDljNWRkZjZjNzYyMWE0MDk1ZGYyY2MwZjp7Il9hdXRoX3VzZXJfaWQiOiIyMyIsIl9hdXRoX3VzZXJfaGFzaCI6IjA2MjIwZjVlN2QxNzc2MWZlYzc3NzY1YzA3ZThmOGI5Njc5NTgyM2UiLCJfYXV0aF91c2VyX2JhY2tlbmQiOiJkamFuZ28uY29udHJpYi5hdXRoLmJhY2tlbmRzLk1vZGVsQmFja2VuZCJ9', '2018-05-28 10:59:38.922637'),
('l2tzhexsgzfc2ccwojkqwc52zm2bwnuk', 'MTNlNDE4Y2Y2ODM4Njk1NDljNWRkZjZjNzYyMWE0MDk1ZGYyY2MwZjp7Il9hdXRoX3VzZXJfaWQiOiIyMyIsIl9hdXRoX3VzZXJfaGFzaCI6IjA2MjIwZjVlN2QxNzc2MWZlYzc3NzY1YzA3ZThmOGI5Njc5NTgyM2UiLCJfYXV0aF91c2VyX2JhY2tlbmQiOiJkamFuZ28uY29udHJpYi5hdXRoLmJhY2tlbmRzLk1vZGVsQmFja2VuZCJ9', '2018-06-22 22:56:27.443459'),
('mdspw0o9uyj77bsl8phaps8g3759zk9g', 'MTNlNDE4Y2Y2ODM4Njk1NDljNWRkZjZjNzYyMWE0MDk1ZGYyY2MwZjp7Il9hdXRoX3VzZXJfaWQiOiIyMyIsIl9hdXRoX3VzZXJfaGFzaCI6IjA2MjIwZjVlN2QxNzc2MWZlYzc3NzY1YzA3ZThmOGI5Njc5NTgyM2UiLCJfYXV0aF91c2VyX2JhY2tlbmQiOiJkamFuZ28uY29udHJpYi5hdXRoLmJhY2tlbmRzLk1vZGVsQmFja2VuZCJ9', '2018-08-28 19:07:15.510401'),
('o4gn1u4qixwb342ytm2g6dv0l2p7v85w', 'NzI2MmY5ZjAwMzBjMGFjNTllNTIzMGI1Y2JiNTE3YmM3MmU4YjUyZTp7Il9hdXRoX3VzZXJfaWQiOiIyMyIsIl9hdXRoX3VzZXJfaGFzaCI6IjA2MjIwZjVlN2QxNzc2MWZlYzc3NzY1YzA3ZThmOGI5Njc5NTgyM2UiLCJfYXV0aF91c2VyX2JhY2tlbmQiOiJyYXBwLmF1dGhlbnRpY2F0ZS5FbWFpbEJhY2tlbmQifQ==', '2018-12-11 06:15:34.401645'),
('o70iz38m37afnjt8rd5t3zc6wb5ogcoi', 'ZGNjM2Y4ZDMyNGZjNjVhNGNjYTA2ODIzODlmODI3NWQ0ZmVhYjZjOTp7Il9hdXRoX3VzZXJfaGFzaCI6IjA2MjIwZjVlN2QxNzc2MWZlYzc3NzY1YzA3ZThmOGI5Njc5NTgyM2UiLCJfYXV0aF91c2VyX2lkIjoiMjMiLCJfYXV0aF91c2VyX2JhY2tlbmQiOiJkamFuZ28uY29udHJpYi5hdXRoLmJhY2tlbmRzLk1vZGVsQmFja2VuZCJ9', '2018-05-27 18:26:36.011785'),
('om450no3fe5pkzx7f4trfro8kbn40d14', 'ZGRmOThiNjUxMmM0ZjdmMDdhNTllNGYwYWZiMzczMGVhMDJlODVmNDp7Il9hdXRoX3VzZXJfaGFzaCI6IjA2MjIwZjVlN2QxNzc2MWZlYzc3NzY1YzA3ZThmOGI5Njc5NTgyM2UiLCJfYXV0aF91c2VyX2JhY2tlbmQiOiJyYXBwLmF1dGhlbnRpY2F0ZS5FbWFpbEJhY2tlbmQiLCJfYXV0aF91c2VyX2lkIjoiMjMifQ==', '2018-12-10 02:16:09.157404'),
('oyyswx2t91wsfvyjkip7ri8ga77w40nx', 'OWMwZGIxNzJjMjFjNzM2ODJmZGRlYmRlOTc5MmRjODFmMzcwYmE1Njp7Il9hdXRoX3VzZXJfYmFja2VuZCI6InJhcHAuYXV0aGVudGljYXRlLkVtYWlsQmFja2VuZCIsIl9hdXRoX3VzZXJfaWQiOiIyMyIsIl9hdXRoX3VzZXJfaGFzaCI6IjA2MjIwZjVlN2QxNzc2MWZlYzc3NzY1YzA3ZThmOGI5Njc5NTgyM2UifQ==', '2018-12-10 03:26:06.553940'),
('qdb4t9zyfz87jy1et3e2h1yhqvidzw2u', 'MjM1ZTdhYjc5ZWViZDVjMmMwNDUyOWM3YzZjM2RiNjQ3ZTQ1OTUwMTp7Il9hdXRoX3VzZXJfaWQiOiIyMiIsIl9hdXRoX3VzZXJfaGFzaCI6IjhhZDRiZTFkY2IxOGM3Y2E3YTMxNDViZWQxYTBkZjU0ODljNWY0ODQiLCJfYXV0aF91c2VyX2JhY2tlbmQiOiJkamFuZ28uY29udHJpYi5hdXRoLmJhY2tlbmRzLk1vZGVsQmFja2VuZCJ9', '2018-04-02 18:33:12.104669'),
('qvlbbv5mw9z7xyz3ruw4ys1z51wvlevj', 'MGQ1YmM3OTRmZTI3NDE5MTU3NTJlMGQwYjY4ZGFlNjNkMGZmY2MzZjp7Il9hdXRoX3VzZXJfYmFja2VuZCI6InJhcHAuYXV0aGVudGljYXRlLkVtYWlsQmFja2VuZCIsIl9hdXRoX3VzZXJfaGFzaCI6IjA2MjIwZjVlN2QxNzc2MWZlYzc3NzY1YzA3ZThmOGI5Njc5NTgyM2UiLCJfYXV0aF91c2VyX2lkIjoiMjMifQ==', '2018-12-10 03:07:14.878126'),
('qye2knvf11jin3315h27xixt2kff9evn', 'ZGRmOThiNjUxMmM0ZjdmMDdhNTllNGYwYWZiMzczMGVhMDJlODVmNDp7Il9hdXRoX3VzZXJfaGFzaCI6IjA2MjIwZjVlN2QxNzc2MWZlYzc3NzY1YzA3ZThmOGI5Njc5NTgyM2UiLCJfYXV0aF91c2VyX2JhY2tlbmQiOiJyYXBwLmF1dGhlbnRpY2F0ZS5FbWFpbEJhY2tlbmQiLCJfYXV0aF91c2VyX2lkIjoiMjMifQ==', '2018-12-12 08:14:11.211000'),
('sbj2dt7ck3acpao25dpjbm011cf69es2', 'MTNlNDE4Y2Y2ODM4Njk1NDljNWRkZjZjNzYyMWE0MDk1ZGYyY2MwZjp7Il9hdXRoX3VzZXJfaWQiOiIyMyIsIl9hdXRoX3VzZXJfaGFzaCI6IjA2MjIwZjVlN2QxNzc2MWZlYzc3NzY1YzA3ZThmOGI5Njc5NTgyM2UiLCJfYXV0aF91c2VyX2JhY2tlbmQiOiJkamFuZ28uY29udHJpYi5hdXRoLmJhY2tlbmRzLk1vZGVsQmFja2VuZCJ9', '2018-06-04 09:06:13.097796'),
('svnu8iayc4mc191xwokmbgsww8xa2rt7', 'NzI2MmY5ZjAwMzBjMGFjNTllNTIzMGI1Y2JiNTE3YmM3MmU4YjUyZTp7Il9hdXRoX3VzZXJfaWQiOiIyMyIsIl9hdXRoX3VzZXJfaGFzaCI6IjA2MjIwZjVlN2QxNzc2MWZlYzc3NzY1YzA3ZThmOGI5Njc5NTgyM2UiLCJfYXV0aF91c2VyX2JhY2tlbmQiOiJyYXBwLmF1dGhlbnRpY2F0ZS5FbWFpbEJhY2tlbmQifQ==', '2018-09-14 20:59:09.867770'),
('t6j8uo084rmnupz7a1kbk8xjaynarua2', 'NTBmMDRiOWE4NGUxMjQ3OTgzOTUyODQ4NWQ4NjIzZDBjNDdlMTZjMzp7Il9hdXRoX3VzZXJfYmFja2VuZCI6ImRqYW5nby5jb250cmliLmF1dGguYmFja2VuZHMuTW9kZWxCYWNrZW5kIiwiX2F1dGhfdXNlcl9oYXNoIjoiMDYyMjBmNWU3ZDE3NzYxZmVjNzc3NjVjMDdlOGY4Yjk2Nzk1ODIzZSIsIl9hdXRoX3VzZXJfaWQiOiIyMyJ9', '2018-09-01 17:27:38.402051'),
('tgg3ybhzpbtfmz11rcyxp24spq7i8b8y', 'ZDkzMDZmN2ExMDc4YzExN2NlZGYyNmM3MDIzNDJmODRlZDEzZjE3Yzp7Il9hdXRoX3VzZXJfaWQiOiIxIiwiX2F1dGhfdXNlcl9iYWNrZW5kIjoiZGphbmdvLmNvbnRyaWIuYXV0aC5iYWNrZW5kcy5Nb2RlbEJhY2tlbmQiLCJfYXV0aF91c2VyX2hhc2giOiJhYzg4Zjc2ODQ3YTU4NThlMThiYmQ2MzExZjQ0NGUyMTIyOTFkMzJlIn0=', '2018-04-29 15:45:59.596098'),
('tm2x6hfxtw954d25k31p19cy8uzelcqo', 'ZTMxMjM4NjY1MjVmMWRlZDY3YzU0NGFjYTE0NDk4MDdmZWZmNjQwNTp7Il9hdXRoX3VzZXJfYmFja2VuZCI6ImRqYW5nby5jb250cmliLmF1dGguYmFja2VuZHMuTW9kZWxCYWNrZW5kIiwiX2F1dGhfdXNlcl9pZCI6IjM0IiwiX2F1dGhfdXNlcl9oYXNoIjoiMjE3YTEwMTg1MDQxYzEwZmM5OTM2MmRmOTUwZTZhODE1ZDQ2YmVjMSJ9', '2018-09-01 12:34:30.948122'),
('twzntewdmanibpokz6jnr9ci6lbobpgq', 'YWQ3ODAxYWY1YzE5NjQ4OGRhMzliODdhZDhkMWJlMWM0MWJmY2IwNTp7Il9hdXRoX3VzZXJfaWQiOiIyMyIsIl9hdXRoX3VzZXJfYmFja2VuZCI6ImRqYW5nby5jb250cmliLmF1dGguYmFja2VuZHMuTW9kZWxCYWNrZW5kIiwiX2F1dGhfdXNlcl9oYXNoIjoiMDYyMjBmNWU3ZDE3NzYxZmVjNzc3NjVjMDdlOGY4Yjk2Nzk1ODIzZSJ9', '2018-05-26 16:01:19.927484'),
('u0g4be0fvkwrsy6e5krdt8tj21rw45i0', 'MGQ1YmM3OTRmZTI3NDE5MTU3NTJlMGQwYjY4ZGFlNjNkMGZmY2MzZjp7Il9hdXRoX3VzZXJfYmFja2VuZCI6InJhcHAuYXV0aGVudGljYXRlLkVtYWlsQmFja2VuZCIsIl9hdXRoX3VzZXJfaGFzaCI6IjA2MjIwZjVlN2QxNzc2MWZlYzc3NzY1YzA3ZThmOGI5Njc5NTgyM2UiLCJfYXV0aF91c2VyX2lkIjoiMjMifQ==', '2018-12-15 03:26:56.299695'),
('w033e6gq86t7qs6ifw0b0kjth0ojc6fv', 'MmY0MzIzZjI2MDU0ZmZhNTdlN2EzNmM2NzYyZjZjMDRiNjVjNDA4Yzp7Il9hdXRoX3VzZXJfaGFzaCI6IjA2MjIwZjVlN2QxNzc2MWZlYzc3NzY1YzA3ZThmOGI5Njc5NTgyM2UiLCJfYXV0aF91c2VyX2lkIjoiMjMiLCJfYXV0aF91c2VyX2JhY2tlbmQiOiJyYXBwLmF1dGhlbnRpY2F0ZS5FbWFpbEJhY2tlbmQifQ==', '2018-12-08 08:21:14.707116'),
('w5yzdwgg9lh91pmdb5wdqipqsp6a3lgm', 'NmMyYWE1MzQ4NGE2YjQyNTVmMWQ4MDExZjk3MTgzMzk4OTlmZGMwOTp7Il9hdXRoX3VzZXJfYmFja2VuZCI6ImRqYW5nby5jb250cmliLmF1dGguYmFja2VuZHMuTW9kZWxCYWNrZW5kIiwiX2F1dGhfdXNlcl9pZCI6IjIzIiwiX2F1dGhfdXNlcl9oYXNoIjoiMDYyMjBmNWU3ZDE3NzYxZmVjNzc3NjVjMDdlOGY4Yjk2Nzk1ODIzZSJ9', '2018-06-04 09:28:48.892655'),
('wq95v7wgf99fowf9wi9ado0tvi6sh5wc', 'ODNiOTE4MTczNGJhODJhNTU4ODBiNDE5ZmU4OWQzMmYxNTg2YmExZTp7Il9hdXRoX3VzZXJfaWQiOiIzNCIsIl9hdXRoX3VzZXJfYmFja2VuZCI6ImRqYW5nby5jb250cmliLmF1dGguYmFja2VuZHMuTW9kZWxCYWNrZW5kIiwiX2F1dGhfdXNlcl9oYXNoIjoiMjE3YTEwMTg1MDQxYzEwZmM5OTM2MmRmOTUwZTZhODE1ZDQ2YmVjMSJ9', '2018-05-25 17:57:23.301626'),
('wu5lqz5jmu98ijj91ntqpq99lqtqbu65', 'NTBmMDRiOWE4NGUxMjQ3OTgzOTUyODQ4NWQ4NjIzZDBjNDdlMTZjMzp7Il9hdXRoX3VzZXJfYmFja2VuZCI6ImRqYW5nby5jb250cmliLmF1dGguYmFja2VuZHMuTW9kZWxCYWNrZW5kIiwiX2F1dGhfdXNlcl9oYXNoIjoiMDYyMjBmNWU3ZDE3NzYxZmVjNzc3NjVjMDdlOGY4Yjk2Nzk1ODIzZSIsIl9hdXRoX3VzZXJfaWQiOiIyMyJ9', '2018-05-24 14:39:00.807143'),
('x0ukbhbygan3v0l0at5haipb74a4k386', 'ZTMxMjM4NjY1MjVmMWRlZDY3YzU0NGFjYTE0NDk4MDdmZWZmNjQwNTp7Il9hdXRoX3VzZXJfYmFja2VuZCI6ImRqYW5nby5jb250cmliLmF1dGguYmFja2VuZHMuTW9kZWxCYWNrZW5kIiwiX2F1dGhfdXNlcl9pZCI6IjM0IiwiX2F1dGhfdXNlcl9oYXNoIjoiMjE3YTEwMTg1MDQxYzEwZmM5OTM2MmRmOTUwZTZhODE1ZDQ2YmVjMSJ9', '2018-06-04 09:26:53.177678'),
('xlr8gapnbmqjrnnvrez7vipea9gd8w87', 'M2MxMjUxYmMyZjY1YzA4ODZmNTJmNGFlMWRjNThkYTQyNDUyYThkYTp7Il9hdXRoX3VzZXJfaGFzaCI6ImFjODhmNzY4NDdhNTg1OGUxOGJiZDYzMTFmNDQ0ZTIxMjI5MWQzMmUiLCJfYXV0aF91c2VyX2lkIjoiMSIsIl9hdXRoX3VzZXJfYmFja2VuZCI6ImRqYW5nby5jb250cmliLmF1dGguYmFja2VuZHMuTW9kZWxCYWNrZW5kIn0=', '2018-04-17 16:07:22.698487'),
('xmedt0k8k12dmugovda2wfcxjbvkd7ld', 'ZGNjM2Y4ZDMyNGZjNjVhNGNjYTA2ODIzODlmODI3NWQ0ZmVhYjZjOTp7Il9hdXRoX3VzZXJfaGFzaCI6IjA2MjIwZjVlN2QxNzc2MWZlYzc3NzY1YzA3ZThmOGI5Njc5NTgyM2UiLCJfYXV0aF91c2VyX2lkIjoiMjMiLCJfYXV0aF91c2VyX2JhY2tlbmQiOiJkamFuZ28uY29udHJpYi5hdXRoLmJhY2tlbmRzLk1vZGVsQmFja2VuZCJ9', '2018-06-07 03:27:22.131824'),
('yuava8vkkikj0u1oeb53kvlkq496qjv6', 'OWMwZGIxNzJjMjFjNzM2ODJmZGRlYmRlOTc5MmRjODFmMzcwYmE1Njp7Il9hdXRoX3VzZXJfYmFja2VuZCI6InJhcHAuYXV0aGVudGljYXRlLkVtYWlsQmFja2VuZCIsIl9hdXRoX3VzZXJfaWQiOiIyMyIsIl9hdXRoX3VzZXJfaGFzaCI6IjA2MjIwZjVlN2QxNzc2MWZlYzc3NzY1YzA3ZThmOGI5Njc5NTgyM2UifQ==', '2018-09-04 08:29:41.259599'),
('zcc4zhdks5ukk2sl769xqn2o29biijhj', 'Mjg0MTliMTkyMjg0ZDI0YTU2ZTBkNjVkNmMzMjJlZTk0NjVmNzZmMjp7Il9hdXRoX3VzZXJfaWQiOiIyMCIsIl9hdXRoX3VzZXJfYmFja2VuZCI6ImRqYW5nby5jb250cmliLmF1dGguYmFja2VuZHMuTW9kZWxCYWNrZW5kIiwiX2F1dGhfdXNlcl9oYXNoIjoiNTNiMDkxMDlkYWI0NmM1NDk1OTEwMjkyOTVlZTE2NjE0ZmIyMjVlZiJ9', '2018-04-02 14:59:49.696943'),
('zl5dto7c0kxz4dluhe56td28x99tx4td', 'NTBmMDRiOWE4NGUxMjQ3OTgzOTUyODQ4NWQ4NjIzZDBjNDdlMTZjMzp7Il9hdXRoX3VzZXJfYmFja2VuZCI6ImRqYW5nby5jb250cmliLmF1dGguYmFja2VuZHMuTW9kZWxCYWNrZW5kIiwiX2F1dGhfdXNlcl9oYXNoIjoiMDYyMjBmNWU3ZDE3NzYxZmVjNzc3NjVjMDdlOGY4Yjk2Nzk1ODIzZSIsIl9hdXRoX3VzZXJfaWQiOiIyMyJ9', '2018-05-26 17:34:30.950470'),
('zzudrhz1bm58h1003g2zeu6ah21kruun', 'NzI2MmY5ZjAwMzBjMGFjNTllNTIzMGI1Y2JiNTE3YmM3MmU4YjUyZTp7Il9hdXRoX3VzZXJfaWQiOiIyMyIsIl9hdXRoX3VzZXJfaGFzaCI6IjA2MjIwZjVlN2QxNzc2MWZlYzc3NzY1YzA3ZThmOGI5Njc5NTgyM2UiLCJfYXV0aF91c2VyX2JhY2tlbmQiOiJyYXBwLmF1dGhlbnRpY2F0ZS5FbWFpbEJhY2tlbmQifQ==', '2018-12-14 13:30:16.260136');

-- --------------------------------------------------------

--
-- Table structure for table `rapp_adminacc`
--

CREATE TABLE `rapp_adminacc` (
  `id` int(11) NOT NULL,
  `user_id` int(11) NOT NULL
) ENGINE=InnoDB DEFAULT CHARSET=utf8;

--
-- Dumping data for table `rapp_adminacc`
--

INSERT INTO `rapp_adminacc` (`id`, `user_id`) VALUES
(1, 23);

-- --------------------------------------------------------

--
-- Table structure for table `rapp_authors`
--

CREATE TABLE `rapp_authors` (
  `id` int(11) NOT NULL,
  `name` varchar(255) NOT NULL
) ENGINE=InnoDB DEFAULT CHARSET=utf8;

--
-- Dumping data for table `rapp_authors`
--

INSERT INTO `rapp_authors` (`id`, `name`) VALUES
(8, 'Herman Melville');

-- --------------------------------------------------------

--
-- Table structure for table `rapp_bookmark`
--

CREATE TABLE `rapp_bookmark` (
  `id` int(11) NOT NULL,
  `location` int(11) NOT NULL,
  `ebook_id` int(11) NOT NULL,
  `user_id` int(11) NOT NULL,
  `data` longtext NOT NULL
) ENGINE=InnoDB DEFAULT CHARSET=utf8;

-- --------------------------------------------------------

--
-- Table structure for table `rapp_category`
--

CREATE TABLE `rapp_category` (
  `id` int(11) NOT NULL,
  `cat` varchar(255) NOT NULL,
  `catmodel` varchar(20) NOT NULL
) ENGINE=InnoDB DEFAULT CHARSET=utf8;

--
-- Dumping data for table `rapp_category`
--

INSERT INTO `rapp_category` (`id`, `cat`, `catmodel`) VALUES
(1, 'Engineering', '3month'),
(2, 'Novels', '3month'),
(3, 'Self-Development', '3month'),
(4, 'Medical', '3month'),
(5, 'Stories', '3month'),
(6, 'Biographies', '3month'),
(7, 'Action and Adventure', '3month');

-- --------------------------------------------------------

--
-- Table structure for table `rapp_dashboard`
--

CREATE TABLE `rapp_dashboard` (
  `id` int(11) NOT NULL,
  `itime` datetime(6) NOT NULL,
  `active` tinyint(1) NOT NULL,
  `duration` varchar(255) NOT NULL,
  `ebook_id` int(11) NOT NULL,
  `nprice` double NOT NULL,
  `user_id` int(11) NOT NULL
) ENGINE=InnoDB DEFAULT CHARSET=utf8;

--
-- Dumping data for table `rapp_dashboard`
--

INSERT INTO `rapp_dashboard` (`id`, `itime`, `active`, `duration`, `ebook_id`, `nprice`, `user_id`) VALUES
(13, '2018-12-01 10:47:45.000000', 1, '2 months', 28, 0, 23);

-- --------------------------------------------------------

--
-- Table structure for table `rapp_ebooks`
--

CREATE TABLE `rapp_ebooks` (
  `id` int(11) NOT NULL,
  `name` varchar(255) NOT NULL,
  `price` double NOT NULL,
  `pages` int(11) NOT NULL,
  `author_id` int(11) NOT NULL,
  `publisher_id` int(11) DEFAULT NULL,
  `content` varchar(200) NOT NULL,
  `img` varchar(200) NOT NULL,
  `category_id` int(11) NOT NULL,
  `dayopt` varchar(123) NOT NULL,
  `language` varchar(30) NOT NULL,
  `description` longtext,
  `priority` int(11) NOT NULL,
  `bookActive` varchar(20) NOT NULL,
  `isbn` varchar(14) DEFAULT NULL,
  `ratedusers` int(11) NOT NULL,
  `rating` double NOT NULL,
  `publishdate` date DEFAULT NULL
) ENGINE=InnoDB DEFAULT CHARSET=utf8;

--
-- Dumping data for table `rapp_ebooks`
--

INSERT INTO `rapp_ebooks` (`id`, `name`, `price`, `pages`, `author_id`, `publisher_id`, `content`, `img`, `category_id`, `dayopt`, `language`, `description`, `priority`, `bookActive`, `isbn`, `ratedusers`, `rating`, `publishdate`) VALUES
(28, 'Moby Dick', 400, 377, 8, 16, 'media/epubs/1.epub', 'media/bookimages/1.jpg', 7, '3 days,7 days,14 days,21 days,1 month,1.5 months,2 months,3 months', 'English', '<p><span style="color: rgb(51, 51, 51); font-family: Arial, sans-serif;">Moby-Dick; or, The Whale is a novel by Herman Melville, in which Ishmael narrates the monomaniacal quest of Ahab, captain of the whaler Pequod, for revenge on the albino sperm whale Moby Dick, which on a previous voyage destroyed Ahab''s ship and severed his leg at the knee. Although the novel was a commercial failure and out of print at the time of the author''s death in 1891, its reputation grew immensely during the twentieth century. D. H. Lawrence called it "one of the strangest and most wonderful books in the world," and "the greatest book of the sea ever written." Moby-Dick is considered a Great American Novel and an outstanding work of the Romantic period in America and the American Renaissance. "Call me Ishmael" is one of world literature''s most famous opening sentences. The product of a year and a half of writing, the book is dedicated to Nathaniel Hawthorne, "in token of my admiration for his genius," and draws on Melville''s experience at sea, on his reading in whaling literature, and on literary inspirations such as Shakespeare and the Bible. The detailed and realistic descriptions of whale hunting and of extracting whale oil, as well as life aboard ship among a culturally diverse crew, are mixed with exploration of class and social status, good and evil, and the existence of God. In addition to narrative prose, Melville uses styles and literary devices ranging from songs, poetry and catalogs to Shakespearean stage directions, soliloquies and asides. The author changed the title at the very last moment in September 1851. The work first appeared as The Whale in London in October 1851, and then under its definitive title Moby-Dick in New York in November. The whale, however, appears in both the London and New York editions as "Moby Dick," with no hyphen. The British edition of five hundred copies was not reprinted during the author''s life, the American of almost three thousand was reprinted three times at approximately 250 copies, the last reprinting in 1871. These figures are exaggerated because three hundred copies were destroyed in a fire at Harper''s; only 3,200 copies were actually sold during the author''s life.</span><br></p>', 5, 'bookActive', '978-1503280786', 0, 0, '2014-11-29');

-- --------------------------------------------------------

--
-- Table structure for table `rapp_ebooks_tags`
--

CREATE TABLE `rapp_ebooks_tags` (
  `id` int(11) NOT NULL,
  `ebooks_id` int(11) NOT NULL,
  `tag_id` int(11) NOT NULL
) ENGINE=InnoDB DEFAULT CHARSET=utf8;

-- --------------------------------------------------------

--
-- Table structure for table `rapp_gmailid`
--

CREATE TABLE `rapp_gmailid` (
  `id` int(11) NOT NULL,
  `user_id` int(11) NOT NULL
) ENGINE=InnoDB DEFAULT CHARSET=utf8;

-- --------------------------------------------------------

--
-- Table structure for table `rapp_highlight`
--

CREATE TABLE `rapp_highlight` (
  `id` int(11) NOT NULL,
  `cfirange` longtext NOT NULL,
  `time` datetime(6) NOT NULL,
  `ebook_id` int(11) NOT NULL,
  `user_id` int(11) NOT NULL,
  `color` varchar(255) NOT NULL,
  `note` tinyint(1) NOT NULL,
  `text` longtext,
  `selectedtext` longtext NOT NULL
) ENGINE=InnoDB DEFAULT CHARSET=utf8;

-- --------------------------------------------------------

--
-- Table structure for table `rapp_keyvalue`
--

CREATE TABLE `rapp_keyvalue` (
  `id` int(11) NOT NULL,
  `key` varchar(255) NOT NULL,
  `value` int(11) NOT NULL
) ENGINE=InnoDB DEFAULT CHARSET=utf8;

--
-- Dumping data for table `rapp_keyvalue`
--

INSERT INTO `rapp_keyvalue` (`id`, `key`, `value`) VALUES
(1, 'ebook', 2),
(2, 'image', 2);

-- --------------------------------------------------------

--
-- Table structure for table `rapp_lastpage`
--

CREATE TABLE `rapp_lastpage` (
  `id` int(11) NOT NULL,
  `page` int(11) NOT NULL,
  `ebook_id` int(11) NOT NULL,
  `user_id` int(11) NOT NULL,
  `time` datetime(6) NOT NULL
) ENGINE=InnoDB DEFAULT CHARSET=utf8;

-- --------------------------------------------------------

--
-- Table structure for table `rapp_music`
--

CREATE TABLE `rapp_music` (
  `id` int(11) NOT NULL,
  `name` varchar(255) NOT NULL,
  `artist` varchar(255) DEFAULT NULL,
  `image` varchar(100) NOT NULL,
  `duration` int(11) NOT NULL,
  `media` varchar(100) NOT NULL,
  `listennum` int(11) NOT NULL,
  `priority` int(11) NOT NULL,
  `publishdate` datetime(6) NOT NULL,
  `genre_id` int(11) NOT NULL
) ENGINE=InnoDB DEFAULT CHARSET=utf8;

--
-- Dumping data for table `rapp_music`
--

INSERT INTO `rapp_music` (`id`, `name`, `artist`, `image`, `duration`, `media`, `listennum`, `priority`, `publishdate`, `genre_id`) VALUES
(1, 'Blue Deja Vu Music for Studying', NULL, 'musicimages/dejavu.jpg', 320, 'music/Blue-Deja-Vu-Music-for-Studying.mp3', 5, 6, '2018-11-02 12:08:12.203049', 1),
(2, 'Focus Music 1', NULL, 'musicimages/focus-music.jpg', 1518, 'music/MusicStudy-FOCUS.mp3', 0, 7, '2018-11-02 12:10:40.130997', 1),
(3, 'Natural Soothing of Waterfall and Bird', NULL, 'musicimages/waterfall.jpg', 900, 'music/natural_soothing_of_waterfall_and_bird.mp3', 3, 8, '2018-11-02 12:12:31.574717', 2),
(4, 'Study Aid Music Piano', NULL, 'musicimages/piano.jpeg', 586, 'music/Study-Aid-Music-Piano.mp3', 4, 10, '2018-11-02 12:14:16.752684', 5),
(5, 'Healing Water', NULL, 'musicimages/healingwater.jpeg', 330, 'music/Study-Music-Healing-Water.mp3', 0, 8, '2018-11-05 08:31:19.947672', 1);

-- --------------------------------------------------------

--
-- Table structure for table `rapp_musicgenre`
--

CREATE TABLE `rapp_musicgenre` (
  `id` int(11) NOT NULL,
  `name` varchar(255) NOT NULL,
  `image` varchar(100) DEFAULT NULL
) ENGINE=InnoDB DEFAULT CHARSET=utf8;

--
-- Dumping data for table `rapp_musicgenre`
--

INSERT INTO `rapp_musicgenre` (`id`, `name`, `image`) VALUES
(1, 'Study Music', 'musicgenre/studymusic.jpeg'),
(2, 'Relaxing Music', 'musicgenre/relaxingmusic.jpeg'),
(3, 'Peaceful Music', 'musicgenre/peacefulmusic.png'),
(4, 'Instrumental Music', 'musicgenre/instrumentalmusic.jpg'),
(5, 'Memory Music', 'musicgenre/memorymusic.jpg');

-- --------------------------------------------------------

--
-- Table structure for table `rapp_musiclis`
--

CREATE TABLE `rapp_musiclis` (
  `id` int(11) NOT NULL,
  `time` datetime(6) NOT NULL,
  `music_id` int(11) NOT NULL,
  `user_id` int(11) NOT NULL,
  `queue` tinyint(1) NOT NULL
) ENGINE=InnoDB DEFAULT CHARSET=utf8;

--
-- Dumping data for table `rapp_musiclis`
--

INSERT INTO `rapp_musiclis` (`id`, `time`, `music_id`, `user_id`, `queue`) VALUES
(31, '2018-11-04 06:44:50.106063', 4, 23, 0),
(32, '2018-11-04 06:45:22.290222', 3, 23, 0),
(33, '2018-11-04 06:46:49.898174', 2, 23, 0),
(34, '2018-11-04 06:51:25.201871', 1, 23, 0),
(39, '2018-11-04 07:02:19.591669', 3, 23, 0),
(40, '2018-11-04 07:07:31.668665', 4, 23, 0),
(41, '2018-11-04 07:10:17.312984', 3, 23, 0),
(42, '2018-11-04 07:27:08.312194', 3, 23, 0),
(43, '2018-11-04 07:51:52.977888', 3, 23, 0),
(44, '2018-11-04 07:52:50.790037', 3, 23, 0),
(45, '2018-11-04 07:59:32.262842', 3, 23, 0),
(46, '2018-11-04 08:00:26.564619', 1, 23, 0),
(47, '2018-11-04 08:04:30.107758', 1, 23, 0),
(48, '2018-11-04 08:04:33.594557', 1, 23, 0),
(49, '2018-11-04 08:04:34.897282', 1, 23, 0),
(50, '2018-11-04 08:04:35.811910', 1, 23, 0),
(51, '2018-11-04 08:07:27.963858', 1, 23, 0),
(52, '2018-11-04 08:07:48.552107', 1, 23, 0),
(53, '2018-11-04 08:07:57.612026', 1, 23, 0),
(54, '2018-11-04 08:07:59.135006', 1, 23, 0),
(55, '2018-11-04 09:07:34.903847', 1, 23, 0),
(56, '2018-11-04 09:07:51.094498', 1, 23, 0),
(57, '2018-11-04 09:09:28.070501', 1, 23, 0),
(58, '2018-11-04 09:09:57.454752', 3, 23, 0),
(59, '2018-11-04 09:14:19.986193', 1, 23, 0),
(60, '2018-11-04 09:14:34.464748', 4, 23, 0),
(61, '2018-11-04 09:14:45.223344', 1, 23, 0),
(62, '2018-11-04 09:15:01.258199', 4, 23, 0),
(63, '2018-11-04 09:15:20.927368', 1, 23, 0),
(64, '2018-11-04 09:25:43.537386', 4, 23, 0),
(65, '2018-11-04 09:25:52.261107', 1, 23, 0),
(66, '2018-11-04 09:26:08.220708', 4, 23, 0),
(67, '2018-11-04 09:26:28.069515', 1, 23, 0),
(68, '2018-11-04 09:26:46.666299', 4, 23, 0),
(69, '2018-11-04 09:26:58.143265', 1, 23, 0),
(70, '2018-11-04 09:28:23.151064', 4, 23, 0),
(71, '2018-11-04 09:28:36.791509', 1, 23, 0),
(72, '2018-11-04 09:29:32.457268', 4, 23, 0),
(73, '2018-11-04 09:29:56.179120', 1, 23, 0),
(74, '2018-11-04 09:31:25.298388', 4, 23, 0),
(75, '2018-11-04 09:31:53.144677', 4, 23, 0),
(76, '2018-11-04 09:32:03.990252', 1, 23, 0),
(77, '2018-11-04 09:33:15.142690', 4, 23, 0),
(78, '2018-11-04 09:33:57.128165', 4, 23, 0),
(79, '2018-11-04 09:34:06.570481', 1, 23, 0),
(80, '2018-11-04 09:34:48.995637', 4, 23, 0),
(81, '2018-11-04 09:35:09.127276', 1, 23, 0),
(82, '2018-11-04 09:37:01.499318', 4, 23, 0),
(83, '2018-11-04 09:37:45.890051', 4, 23, 0),
(84, '2018-11-04 09:40:33.039169', 4, 23, 0),
(85, '2018-11-04 09:41:19.545432', 4, 23, 0),
(86, '2018-11-04 09:42:40.608836', 4, 23, 0),
(87, '2018-11-04 09:45:06.797647', 4, 23, 0),
(88, '2018-11-04 09:46:07.171107', 4, 23, 0),
(89, '2018-11-04 09:48:13.212627', 4, 23, 0),
(90, '2018-11-04 09:49:40.496406', 4, 23, 0),
(91, '2018-11-04 09:52:42.994089', 4, 23, 0),
(92, '2018-11-04 09:54:24.832803', 4, 23, 0),
(93, '2018-11-04 09:54:48.143497', 1, 23, 0),
(94, '2018-11-04 09:58:05.066719', 4, 23, 0),
(95, '2018-11-04 09:59:01.863457', 1, 23, 0),
(96, '2018-11-04 10:02:20.385225', 4, 23, 0),
(97, '2018-11-04 10:02:32.302808', 4, 23, 0),
(98, '2018-11-04 10:02:37.297199', 4, 23, 0),
(99, '2018-11-04 10:02:38.222572', 4, 23, 0),
(100, '2018-11-04 10:02:39.410642', 4, 23, 0),
(101, '2018-11-04 10:02:42.098190', 4, 23, 0),
(102, '2018-11-04 10:02:42.112451', 4, 23, 0),
(103, '2018-11-04 10:02:45.023014', 4, 23, 0),
(104, '2018-11-04 10:02:46.026617', 4, 23, 0),
(105, '2018-11-04 10:02:47.865821', 4, 23, 0),
(106, '2018-11-04 10:02:53.823883', 4, 23, 0),
(107, '2018-11-04 10:02:54.840724', 4, 23, 0),
(108, '2018-11-04 10:02:54.853097', 4, 23, 0),
(109, '2018-11-04 10:02:59.638705', 1, 23, 0),
(110, '2018-11-04 10:03:03.565606', 1, 23, 0),
(111, '2018-11-04 10:03:07.138523', 1, 23, 0),
(112, '2018-11-04 10:03:09.337019', 1, 23, 0),
(113, '2018-11-04 10:03:10.895427', 1, 23, 0),
(114, '2018-11-04 10:03:12.740822', 1, 23, 0),
(115, '2018-11-04 10:03:12.748455', 1, 23, 0),
(116, '2018-11-04 10:08:29.476024', 4, 23, 0),
(117, '2018-11-04 10:08:32.725539', 4, 23, 0),
(118, '2018-11-04 10:08:33.938520', 4, 23, 0),
(119, '2018-11-04 10:08:35.847144', 4, 23, 0),
(120, '2018-11-04 10:08:36.880812', 4, 23, 0),
(121, '2018-11-04 10:08:38.083490', 4, 23, 0),
(122, '2018-11-04 10:08:45.637524', 4, 23, 0),
(123, '2018-11-04 10:08:46.682894', 4, 23, 0),
(124, '2018-11-04 10:08:51.858562', 4, 23, 0),
(125, '2018-11-04 10:08:53.032515', 4, 23, 0),
(126, '2018-11-04 10:08:58.839150', 4, 23, 0),
(127, '2018-11-04 10:09:04.203137', 4, 23, 0),
(128, '2018-11-04 10:09:17.897767', 4, 23, 0),
(129, '2018-11-04 10:09:25.441517', 4, 23, 0),
(130, '2018-11-04 10:09:30.839331', 4, 23, 0),
(131, '2018-11-04 10:09:32.511049', 4, 23, 0),
(132, '2018-11-04 10:09:34.654688', 4, 23, 0),
(133, '2018-11-04 10:09:54.163977', 1, 23, 0),
(134, '2018-11-04 10:10:00.097381', 1, 23, 0),
(135, '2018-11-04 10:10:03.138405', 1, 23, 0),
(136, '2018-11-04 10:10:04.399064', 1, 23, 0),
(137, '2018-11-04 10:10:05.189460', 1, 23, 0),
(138, '2018-11-04 10:10:06.107769', 1, 23, 0),
(139, '2018-11-04 10:10:06.994500', 1, 23, 0),
(140, '2018-11-04 10:10:15.730061', 4, 23, 0),
(141, '2018-11-04 10:11:26.839842', 4, 23, 0),
(142, '2018-11-04 10:11:31.678677', 4, 23, 0),
(143, '2018-11-04 10:11:36.928174', 1, 23, 0),
(144, '2018-11-04 10:11:39.929165', 1, 23, 0),
(145, '2018-11-04 10:15:15.565376', 4, 23, 0),
(146, '2018-11-04 10:15:22.625012', 1, 23, 0),
(147, '2018-11-04 10:15:28.576474', 1, 23, 0),
(148, '2018-11-04 10:15:29.911302', 1, 23, 0),
(149, '2018-11-04 10:15:32.233522', 1, 23, 0),
(150, '2018-11-04 10:15:36.339405', 4, 23, 0),
(151, '2018-11-04 10:15:39.816967', 4, 23, 0),
(152, '2018-11-04 10:15:40.792727', 4, 23, 0),
(153, '2018-11-04 10:16:18.377673', 4, 23, 0),
(154, '2018-11-04 10:16:25.820549', 1, 23, 0),
(155, '2018-11-04 10:16:30.771379', 4, 23, 0),
(156, '2018-11-04 10:16:37.077446', 1, 23, 0),
(157, '2018-11-04 10:16:40.372380', 4, 23, 0),
(158, '2018-11-04 10:18:07.572797', 4, 23, 0),
(159, '2018-11-04 10:18:11.692593', 1, 23, 0),
(160, '2018-11-04 10:20:45.976693', 4, 23, 0),
(161, '2018-11-04 10:22:41.600348', 4, 23, 0),
(162, '2018-11-04 10:22:48.624293', 1, 23, 0),
(163, '2018-11-04 10:23:06.164588', 1, 23, 0),
(164, '2018-11-04 10:26:20.703130', 4, 23, 0),
(165, '2018-11-04 10:29:46.171344', 4, 23, 0),
(166, '2018-11-04 10:31:07.173435', 4, 23, 0),
(167, '2018-11-04 10:31:46.008414', 4, 23, 0),
(168, '2018-11-04 10:32:26.646643', 4, 23, 0),
(169, '2018-11-04 10:33:26.191317', 4, 23, 0),
(170, '2018-11-04 10:34:01.516046', 4, 23, 0),
(171, '2018-11-04 10:35:58.276809', 4, 23, 0),
(172, '2018-11-04 10:36:26.411101', 4, 23, 0),
(173, '2018-11-04 10:36:52.704726', 4, 23, 0),
(174, '2018-11-04 10:37:16.645197', 4, 23, 0),
(175, '2018-11-04 10:37:28.548525', 4, 23, 0),
(176, '2018-11-04 10:37:51.931857', 4, 23, 0),
(177, '2018-11-04 10:38:28.928420', 4, 23, 0),
(178, '2018-11-04 10:38:58.104836', 4, 23, 0),
(179, '2018-11-04 10:39:56.111941', 4, 23, 0),
(180, '2018-11-04 10:40:36.504688', 4, 23, 0),
(181, '2018-11-04 10:41:10.733756', 4, 23, 0),
(182, '2018-11-04 10:41:41.852295', 4, 23, 0),
(183, '2018-11-04 10:42:13.699784', 4, 23, 0),
(184, '2018-11-04 10:42:32.862100', 4, 23, 0),
(185, '2018-11-04 10:42:45.728395', 4, 23, 0),
(186, '2018-11-04 10:43:23.827219', 4, 23, 0),
(187, '2018-11-04 10:44:26.579610', 4, 23, 0),
(188, '2018-11-04 10:45:27.921739', 4, 23, 0),
(189, '2018-11-04 10:45:56.426336', 4, 23, 0),
(190, '2018-11-04 10:46:12.576895', 4, 23, 0),
(191, '2018-11-04 10:47:07.460099', 4, 23, 0),
(192, '2018-11-04 10:47:37.294439', 4, 23, 0),
(193, '2018-11-04 10:47:55.271976', 4, 23, 0),
(194, '2018-11-04 10:48:47.912194', 4, 23, 0),
(195, '2018-11-04 10:49:54.410617', 4, 23, 0),
(196, '2018-11-04 10:51:12.853478', 4, 23, 0),
(197, '2018-11-04 11:01:53.426540', 4, 23, 0),
(198, '2018-11-04 11:03:28.346726', 4, 23, 0),
(199, '2018-11-04 11:24:17.076806', 4, 23, 0),
(200, '2018-11-04 11:26:27.298495', 4, 23, 0),
(201, '2018-11-04 11:26:33.591151', 3, 23, 1),
(202, '2018-11-04 11:26:45.886443', 4, 23, 0),
(203, '2018-11-04 11:27:22.947872', 4, 23, 0),
(204, '2018-11-04 11:40:51.047254', 4, 23, 0),
(205, '2018-11-04 11:40:55.497936', 3, 23, 1),
(206, '2018-11-04 11:41:07.279224', 4, 23, 0),
(207, '2018-11-04 11:41:44.377506', 4, 23, 0),
(208, '2018-11-04 11:42:16.001886', 4, 23, 0),
(209, '2018-11-04 11:42:37.368516', 4, 23, 0),
(210, '2018-11-04 11:42:41.102091', 1, 23, 0),
(211, '2018-11-04 11:46:21.756093', 4, 23, 0),
(212, '2018-11-04 12:04:34.888766', 4, 23, 0),
(213, '2018-11-04 12:05:52.835900', 4, 23, 0),
(214, '2018-11-04 12:06:26.311813', 4, 23, 0),
(215, '2018-11-04 12:09:30.382285', 4, 23, 0),
(216, '2018-11-04 12:11:01.927671', 4, 23, 0),
(217, '2018-11-04 12:11:42.179869', 4, 23, 0),
(218, '2018-11-04 12:12:01.854625', 4, 23, 0),
(219, '2018-11-04 12:12:21.952204', 4, 23, 0),
(220, '2018-11-04 12:12:55.871197', 4, 23, 0),
(221, '2018-11-04 12:13:13.531689', 4, 23, 0),
(222, '2018-11-04 12:13:36.357736', 4, 23, 0),
(223, '2018-11-04 12:16:05.470867', 4, 23, 0),
(224, '2018-11-04 12:16:40.060883', 4, 23, 0),
(225, '2018-11-04 12:22:25.747518', 4, 23, 0),
(226, '2018-11-04 12:22:30.111043', 3, 23, 1),
(227, '2018-11-04 12:22:59.911428', 3, 23, 1),
(228, '2018-11-04 12:22:59.916111', 3, 23, 1),
(229, '2018-11-04 12:22:59.923513', 3, 23, 1),
(230, '2018-11-04 12:22:59.924654', 3, 23, 1),
(231, '2018-11-04 12:23:11.203943', 3, 23, 1),
(232, '2018-11-04 12:23:32.660413', 3, 23, 1),
(233, '2018-11-04 12:23:51.043402', 4, 23, 0),
(234, '2018-11-04 12:23:56.891728', 3, 23, 1),
(235, '2018-11-04 12:25:40.962860', 4, 23, 0),
(236, '2018-11-04 12:25:44.970898', 3, 23, 1),
(237, '2018-11-04 12:25:50.246745', 2, 23, 0),
(238, '2018-11-04 12:25:54.131223', 1, 23, 0),
(239, '2018-11-04 12:27:44.754962', 4, 23, 0),
(240, '2018-11-04 12:27:48.074539', 1, 23, 0),
(241, '2018-11-04 12:27:54.194557', 2, 23, 0),
(242, '2018-11-04 12:27:55.825727', 3, 23, 1),
(243, '2018-11-04 12:27:58.056976', 4, 23, 0),
(244, '2018-11-04 12:28:26.574876', 4, 23, 0),
(245, '2018-11-04 12:28:28.616897', 1, 23, 0),
(246, '2018-11-04 12:28:34.627155', 2, 23, 0),
(247, '2018-11-04 12:28:50.376226', 1, 23, 0),
(248, '2018-11-04 12:30:21.603992', 4, 23, 0),
(249, '2018-11-04 12:32:39.570425', 4, 23, 0),
(250, '2018-11-04 12:32:41.806555', 3, 23, 1),
(251, '2018-11-04 12:32:42.480735', 2, 23, 0),
(252, '2018-11-04 12:32:43.249111', 1, 23, 0),
(253, '2018-11-04 12:32:52.485674', 1, 23, 0),
(254, '2018-11-04 12:34:35.902919', 4, 23, 0),
(255, '2018-11-04 12:34:37.257080', 3, 23, 1),
(256, '2018-11-04 12:34:37.869441', 2, 23, 0),
(257, '2018-11-04 12:34:38.372412', 1, 23, 0),
(258, '2018-11-04 12:34:39.334897', 4, 23, 0),
(259, '2018-11-04 12:34:42.953024', 1, 23, 0),
(260, '2018-11-04 12:34:45.217205', 3, 23, 1),
(261, '2018-11-04 12:34:48.592512', 2, 23, 0),
(262, '2018-11-04 12:34:57.563197', 1, 23, 0),
(263, '2018-11-04 12:34:57.685664', 3, 23, 1),
(264, '2018-11-04 12:34:58.870415', 4, 23, 0),
(265, '2018-11-04 12:35:54.798232', 4, 23, 0),
(266, '2018-11-04 12:35:56.984924', 4, 23, 0),
(267, '2018-11-04 12:35:58.383375', 1, 23, 0),
(268, '2018-11-04 12:36:00.990561', 3, 23, 1),
(269, '2018-11-04 12:36:03.065671', 2, 23, 0),
(270, '2018-11-04 12:37:22.658525', 4, 23, 0),
(271, '2018-11-04 12:39:01.001711', 4, 23, 0),
(272, '2018-11-04 12:39:09.722850', 4, 23, 0),
(273, '2018-11-04 12:39:11.395517', 1, 23, 0),
(274, '2018-11-04 12:39:14.553228', 3, 23, 1),
(275, '2018-11-04 12:39:18.483604', 2, 23, 0),
(276, '2018-11-04 12:40:10.654486', 4, 23, 0),
(277, '2018-11-04 12:40:11.883136', 4, 23, 0),
(278, '2018-11-04 12:40:16.367414', 1, 23, 0),
(279, '2018-11-04 12:40:17.622345', 3, 23, 1),
(280, '2018-11-04 12:40:18.663005', 2, 23, 0),
(281, '2018-11-04 12:41:06.927569', 4, 23, 0),
(282, '2018-11-04 12:41:08.162459', 4, 23, 0),
(283, '2018-11-04 12:41:09.407268', 1, 23, 0),
(284, '2018-11-04 12:41:09.856475', 3, 23, 1),
(285, '2018-11-04 12:41:10.702674', 2, 23, 0),
(286, '2018-11-04 12:42:58.723587', 4, 23, 0),
(287, '2018-11-04 12:43:00.840767', 1, 23, 0),
(288, '2018-11-04 12:43:02.294412', 3, 23, 1),
(289, '2018-11-04 12:43:04.211182', 2, 23, 0),
(290, '2018-11-04 12:43:10.268730', 3, 23, 1),
(291, '2018-11-04 12:46:02.062484', 4, 23, 0),
(292, '2018-11-04 12:46:05.285487', 1, 23, 0),
(293, '2018-11-04 12:46:07.038281', 3, 23, 1),
(294, '2018-11-04 12:46:31.075903', 4, 23, 0),
(295, '2018-11-04 12:46:33.438379', 1, 23, 0),
(296, '2018-11-04 12:46:35.808198', 3, 23, 1),
(297, '2018-11-04 12:46:37.219623', 2, 23, 0),
(298, '2018-11-04 12:47:20.484906', 4, 23, 0),
(299, '2018-11-04 12:47:23.302280', 1, 23, 0),
(300, '2018-11-04 12:47:24.400367', 3, 23, 1),
(301, '2018-11-04 12:47:25.420556', 2, 23, 0),
(302, '2018-11-04 12:54:02.623361', 4, 23, 0),
(303, '2018-11-04 12:54:05.407712', 4, 23, 0),
(304, '2018-11-04 12:54:08.249809', 1, 23, 0),
(305, '2018-11-04 12:54:10.658041', 3, 23, 1),
(306, '2018-11-04 12:54:12.124840', 2, 23, 0),
(307, '2018-11-04 12:55:30.475583', 4, 23, 0),
(308, '2018-11-04 12:55:34.055903', 4, 23, 0),
(309, '2018-11-04 12:55:37.386215', 1, 23, 0),
(310, '2018-11-04 12:55:40.887108', 3, 23, 1),
(311, '2018-11-04 12:55:43.686835', 2, 23, 0),
(312, '2018-11-04 12:56:27.534374', 4, 23, 0),
(313, '2018-11-04 12:56:31.538600', 4, 23, 0),
(314, '2018-11-04 12:56:32.816208', 1, 23, 0),
(315, '2018-11-04 12:56:34.576424', 3, 23, 1),
(316, '2018-11-04 12:56:36.363160', 2, 23, 0),
(317, '2018-11-04 12:56:40.547847', 3, 23, 1),
(318, '2018-11-04 12:57:45.152008', 4, 23, 0),
(319, '2018-11-04 12:57:46.044696', 4, 23, 0),
(320, '2018-11-04 12:57:51.452234', 1, 23, 0),
(321, '2018-11-04 12:57:52.798703', 3, 23, 1),
(322, '2018-11-04 12:57:54.006639', 2, 23, 0),
(323, '2018-11-04 12:57:56.782987', 3, 23, 1),
(324, '2018-11-04 12:57:59.793063', 1, 23, 0),
(325, '2018-11-04 12:59:38.931192', 4, 23, 0),
(326, '2018-11-04 12:59:43.419695', 1, 23, 0),
(327, '2018-11-04 12:59:54.821776', 1, 23, 0),
(328, '2018-11-04 12:59:56.321582', 3, 23, 1),
(329, '2018-11-04 13:00:00.310821', 2, 23, 0),
(330, '2018-11-04 13:00:06.518783', 1, 23, 0),
(331, '2018-11-04 13:00:07.931889', 4, 23, 0),
(332, '2018-11-04 13:00:38.907696', 4, 23, 0),
(333, '2018-11-04 13:07:16.151289', 4, 23, 0),
(334, '2018-11-04 13:07:20.029069', 3, 23, 1),
(335, '2018-11-04 13:07:22.896151', 2, 23, 0),
(336, '2018-11-04 13:07:25.252208', 1, 23, 0),
(337, '2018-11-04 13:07:31.406918', 4, 23, 0),
(338, '2018-11-04 13:07:35.683286', 1, 23, 0),
(339, '2018-11-04 13:07:40.494552', 3, 23, 1),
(340, '2018-11-04 13:07:42.479649', 2, 23, 0),
(341, '2018-11-04 13:07:52.472791', 1, 23, 0),
(342, '2018-11-04 13:07:56.446947', 4, 23, 0),
(343, '2018-11-04 13:08:02.399795', 4, 23, 0),
(344, '2018-11-04 13:08:03.957198', 4, 23, 0),
(345, '2018-11-04 13:08:06.677296', 1, 23, 0),
(346, '2018-11-04 13:08:07.856968', 3, 23, 1),
(347, '2018-11-04 13:08:13.008457', 2, 23, 0),
(348, '2018-11-04 13:08:37.437237', 3, 23, 1),
(349, '2018-11-04 13:09:02.924636', 4, 23, 0),
(350, '2018-11-04 13:09:04.774372', 4, 23, 0),
(351, '2018-11-04 13:09:05.855918', 1, 23, 0),
(352, '2018-11-04 13:09:06.275122', 3, 23, 1),
(353, '2018-11-04 13:09:08.535016', 2, 23, 0),
(354, '2018-11-04 13:09:10.562412', 3, 23, 1),
(355, '2018-11-04 13:09:11.278071', 1, 23, 0),
(356, '2018-11-04 13:09:11.924884', 4, 23, 0),
(357, '2018-11-04 13:09:14.643583', 1, 23, 0),
(358, '2018-11-04 13:09:28.886895', 2, 23, 0),
(359, '2018-11-04 13:09:31.035109', 3, 23, 1),
(360, '2018-11-04 13:09:31.052654', 3, 23, 1),
(361, '2018-11-04 13:09:33.051868', 1, 23, 0),
(362, '2018-11-04 13:09:34.546699', 3, 23, 1),
(363, '2018-11-04 13:09:41.676879', 4, 23, 0),
(364, '2018-11-04 13:10:27.040395', 4, 23, 0),
(365, '2018-11-04 13:10:28.335973', 1, 23, 0),
(366, '2018-11-04 13:10:30.685805', 4, 23, 0),
(367, '2018-11-04 13:10:46.965890', 4, 23, 0),
(368, '2018-11-04 13:10:49.585589', 4, 23, 0),
(369, '2018-11-04 13:10:56.105283', 4, 23, 0),
(370, '2018-11-04 13:10:59.426406', 1, 23, 0),
(371, '2018-11-04 13:11:04.028458', 1, 23, 0),
(372, '2018-11-04 13:11:16.618713', 4, 23, 0),
(373, '2018-11-04 13:11:24.069536', 1, 23, 0),
(374, '2018-11-04 13:11:31.958402', 1, 23, 0),
(375, '2018-11-04 13:12:07.974362', 1, 23, 0),
(376, '2018-11-04 13:32:02.987387', 4, 23, 0),
(377, '2018-11-04 14:18:22.661303', 1, 23, 0),
(378, '2018-11-04 14:52:12.348365', 4, 23, 0),
(379, '2018-11-04 15:16:52.080202', 2, 23, 0),
(380, '2018-11-05 06:31:54.670171', 2, 23, 0),
(381, '2018-11-05 06:32:01.491678', 1, 23, 0),
(382, '2018-11-05 06:32:53.641221', 2, 23, 0),
(383, '2018-11-05 06:32:55.287589', 1, 23, 0),
(384, '2018-11-05 06:32:57.734448', 2, 23, 0),
(385, '2018-11-05 06:33:14.947602', 4, 23, 0),
(386, '2018-11-05 06:33:16.935357', 1, 23, 0),
(387, '2018-11-05 06:33:18.158302', 4, 23, 0),
(388, '2018-11-05 06:33:28.492885', 4, 23, 0),
(389, '2018-11-05 06:33:30.313276', 1, 23, 0),
(390, '2018-11-05 06:33:31.597745', 2, 23, 0),
(391, '2018-11-05 06:33:40.533621', 1, 23, 0),
(392, '2018-11-05 06:33:41.611802', 2, 23, 0),
(393, '2018-11-05 06:33:49.084376', 1, 23, 0),
(394, '2018-11-05 06:33:53.940686', 4, 23, 0),
(395, '2018-11-05 06:37:43.324394', 4, 23, 0),
(396, '2018-11-05 06:37:49.965119', 4, 23, 0),
(397, '2018-11-05 06:37:56.310767', 1, 23, 0),
(398, '2018-11-05 06:37:57.134848', 3, 23, 1),
(399, '2018-11-05 06:37:58.007293', 2, 23, 0),
(400, '2018-11-05 06:42:46.439833', 4, 23, 0),
(401, '2018-11-05 06:42:48.981443', 4, 23, 0),
(402, '2018-11-05 06:42:50.668744', 1, 23, 0),
(403, '2018-11-05 06:42:54.404785', 3, 23, 1),
(404, '2018-11-05 06:42:57.484951', 2, 23, 0),
(405, '2018-11-05 06:44:04.305839', 2, 23, 0),
(406, '2018-11-05 06:44:14.220720', 4, 23, 0),
(407, '2018-11-05 06:44:15.072882', 4, 23, 0),
(408, '2018-11-05 06:44:17.988935', 1, 23, 0),
(409, '2018-11-05 06:44:18.762297', 3, 23, 1),
(410, '2018-11-05 06:44:20.761513', 2, 23, 0),
(411, '2018-11-05 06:45:08.051248', 4, 23, 0),
(412, '2018-11-05 06:45:09.606945', 4, 23, 0),
(413, '2018-11-05 06:45:11.976940', 1, 23, 0),
(414, '2018-11-05 06:45:12.670199', 3, 23, 1),
(415, '2018-11-05 06:45:14.110166', 2, 23, 0),
(416, '2018-11-05 06:46:00.593114', 4, 23, 0),
(417, '2018-11-05 06:46:03.166494', 4, 23, 0),
(418, '2018-11-05 06:46:03.859242', 1, 23, 0),
(419, '2018-11-05 06:46:04.725109', 3, 23, 1),
(420, '2018-11-05 06:46:06.163376', 2, 23, 0),
(421, '2018-11-05 06:47:57.230547', 4, 23, 0),
(422, '2018-11-05 06:47:59.757276', 3, 23, 1),
(423, '2018-11-05 06:48:00.539121', 2, 23, 0),
(424, '2018-11-05 06:49:00.458568', 4, 23, 0),
(425, '2018-11-05 06:49:02.582661', 4, 23, 0),
(426, '2018-11-05 06:49:03.251677', 1, 23, 0),
(427, '2018-11-05 06:49:04.032607', 3, 23, 1),
(428, '2018-11-05 06:49:04.819913', 2, 23, 0),
(429, '2018-11-05 06:50:04.131219', 4, 23, 0),
(430, '2018-11-05 06:50:06.375757', 1, 23, 0),
(431, '2018-11-05 06:50:07.017707', 3, 23, 1),
(432, '2018-11-05 06:50:07.941612', 2, 23, 0),
(433, '2018-11-05 06:50:58.363218', 4, 23, 0),
(434, '2018-11-05 06:50:59.408496', 4, 23, 0),
(435, '2018-11-05 06:51:02.705279', 1, 23, 0),
(436, '2018-11-05 06:51:03.634074', 3, 23, 1),
(437, '2018-11-05 06:51:05.432887', 2, 23, 0),
(438, '2018-11-05 06:51:07.984442', 4, 23, 0),
(439, '2018-11-05 06:53:41.830781', 2, 23, 0),
(440, '2018-11-05 06:53:46.366041', 1, 23, 0),
(441, '2018-11-05 06:53:57.154797', 1, 23, 0),
(442, '2018-11-05 06:54:51.935071', 2, 23, 0),
(443, '2018-11-05 06:56:28.173053', 2, 23, 0),
(444, '2018-11-05 06:56:31.352257', 1, 23, 0),
(445, '2018-11-05 08:13:00.348742', 2, 23, 0),
(446, '2018-11-05 08:18:51.734547', 4, 23, 0),
(447, '2018-11-05 08:19:44.929949', 2, 23, 0),
(448, '2018-11-05 08:20:45.364655', 2, 23, 0),
(449, '2018-11-05 08:20:58.134048', 2, 23, 0),
(450, '2018-11-05 08:21:02.419509', 2, 23, 0),
(451, '2018-11-05 08:21:03.485592', 2, 23, 0),
(452, '2018-11-05 08:21:04.121460', 2, 23, 0),
(453, '2018-11-05 08:21:04.628837', 2, 23, 0),
(454, '2018-11-05 08:21:04.845600', 2, 23, 0),
(455, '2018-11-05 08:21:05.083769', 2, 23, 0),
(456, '2018-11-05 08:21:05.257828', 2, 23, 0),
(457, '2018-11-05 08:21:55.332213', 2, 23, 0),
(458, '2018-11-05 08:21:55.333690', 2, 23, 0),
(459, '2018-11-05 08:21:55.335298', 2, 23, 0),
(460, '2018-11-05 08:22:00.303900', 2, 23, 0),
(461, '2018-11-05 08:22:02.950220', 2, 23, 0),
(462, '2018-11-05 08:31:34.907502', 5, 23, 1),
(463, '2018-11-05 08:31:48.898293', 5, 23, 1),
(464, '2018-11-05 08:31:51.816109', 5, 23, 1),
(465, '2018-11-05 08:31:53.400474', 5, 23, 1),
(466, '2018-11-05 08:38:29.810224', 2, 23, 0),
(467, '2018-11-05 08:40:07.230614', 2, 23, 0),
(468, '2018-11-05 08:40:19.992210', 2, 23, 0),
(469, '2018-11-05 08:40:55.849368', 2, 23, 0),
(470, '2018-11-05 08:41:43.311363', 2, 23, 0),
(471, '2018-11-05 08:43:51.445361', 1, 23, 0),
(472, '2018-11-05 08:43:54.145782', 2, 23, 0),
(473, '2018-11-05 09:16:30.397609', 4, 23, 0),
(474, '2018-11-05 09:16:34.631716', 4, 23, 0),
(475, '2018-11-05 09:17:21.844899', 4, 23, 0),
(476, '2018-11-05 09:17:24.155832', 4, 23, 0),
(477, '2018-11-05 09:17:30.815105', 1, 23, 0),
(478, '2018-11-05 09:17:48.690828', 1, 23, 0),
(479, '2018-11-05 09:17:50.606963', 2, 23, 0),
(480, '2018-11-05 09:18:02.154317', 3, 23, 1),
(481, '2018-11-05 09:18:05.798570', 4, 23, 0),
(482, '2018-11-05 09:18:12.660723', 5, 23, 1),
(483, '2018-11-05 09:18:17.339002', 1, 23, 0),
(484, '2018-11-05 09:18:19.794284', 5, 23, 1),
(485, '2018-11-05 09:18:22.145522', 1, 23, 0),
(486, '2018-11-05 09:18:27.162515', 3, 23, 1),
(487, '2018-11-05 09:18:29.981583', 5, 23, 1),
(488, '2018-11-05 09:18:32.151340', 4, 23, 0),
(489, '2018-11-05 09:18:37.534246', 1, 23, 0),
(490, '2018-11-05 09:18:38.773796', 2, 23, 0),
(491, '2018-11-05 09:18:39.715154', 1, 23, 0),
(492, '2018-11-05 09:18:51.082311', 3, 23, 1),
(493, '2018-11-05 09:18:54.343839', 1, 23, 0),
(494, '2018-11-05 09:18:54.394054', 2, 23, 0),
(495, '2018-11-05 09:18:55.988459', 2, 23, 0),
(496, '2018-11-05 09:19:00.001310', 1, 23, 0),
(497, '2018-11-05 09:19:04.376550', 3, 23, 1),
(498, '2018-11-05 09:19:05.465230', 4, 23, 0),
(499, '2018-11-05 09:19:35.959941', 1, 23, 0),
(500, '2018-11-05 09:19:37.820074', 2, 23, 0),
(501, '2018-11-05 09:19:39.333250', 1, 23, 0),
(502, '2018-11-05 09:20:10.144202', 3, 23, 1),
(503, '2018-11-05 09:20:11.413895', 4, 23, 0),
(504, '2018-11-05 09:21:30.949344', 1, 23, 0),
(505, '2018-11-05 09:21:40.738157', 2, 23, 0),
(506, '2018-11-05 09:22:42.542320', 3, 23, 1),
(507, '2018-11-05 09:22:46.440520', 4, 23, 0),
(508, '2018-11-05 09:22:49.267618', 3, 23, 1),
(509, '2018-11-05 09:22:54.118967', 1, 23, 0),
(510, '2018-11-05 09:22:57.070310', 2, 23, 0),
(511, '2018-11-05 09:23:34.634358', 3, 23, 1),
(512, '2018-11-05 09:23:35.620828', 4, 23, 0),
(513, '2018-11-05 09:23:38.949260', 5, 23, 1),
(514, '2018-11-05 09:23:43.274012', 1, 23, 0),
(515, '2018-11-05 09:23:44.225244', 2, 23, 0),
(516, '2018-11-05 09:24:36.176482', 1, 23, 0),
(517, '2018-11-05 09:24:39.109831', 2, 23, 0),
(518, '2018-11-05 09:25:20.081120', 1, 23, 0),
(519, '2018-11-05 09:25:21.576984', 2, 23, 0),
(520, '2018-11-05 09:28:33.047094', 1, 23, 0),
(521, '2018-11-05 09:28:34.181631', 2, 23, 0),
(522, '2018-11-05 09:29:01.373576', 1, 23, 0),
(523, '2018-11-05 09:29:06.058121', 2, 23, 0),
(524, '2018-11-05 09:30:33.249417', 1, 23, 0),
(525, '2018-11-05 09:30:34.828766', 2, 23, 0),
(526, '2018-11-05 09:33:42.359031', 1, 23, 0),
(527, '2018-11-05 09:33:44.795277', 2, 23, 0),
(528, '2018-11-05 09:34:33.828579', 1, 23, 0),
(529, '2018-11-05 09:34:34.951667', 2, 23, 0),
(530, '2018-11-05 09:35:43.138022', 1, 23, 0),
(531, '2018-11-05 09:35:45.550953', 2, 23, 0),
(532, '2018-11-05 09:37:14.689840', 1, 23, 0),
(533, '2018-11-05 09:37:15.809931', 2, 23, 0),
(534, '2018-11-05 09:38:53.864669', 1, 23, 0),
(535, '2018-11-05 09:38:55.244351', 2, 23, 0),
(536, '2018-11-05 09:39:10.356728', 1, 23, 0),
(537, '2018-11-05 09:40:08.725317', 2, 23, 0),
(538, '2018-11-05 09:40:33.557575', 1, 23, 0),
(539, '2018-11-05 09:40:34.690168', 2, 23, 0),
(540, '2018-11-05 09:40:36.858929', 1, 23, 0),
(541, '2018-11-05 09:40:39.443310', 3, 23, 1),
(542, '2018-11-05 09:40:42.773209', 4, 23, 0),
(543, '2018-11-05 09:40:53.752479', 1, 23, 0),
(544, '2018-11-05 09:41:10.070359', 5, 23, 1),
(545, '2018-11-05 09:41:12.678342', 1, 23, 0),
(546, '2018-11-05 09:41:17.010943', 3, 23, 1),
(547, '2018-11-05 09:41:19.705728', 1, 23, 0),
(548, '2018-11-05 09:41:21.469200', 1, 23, 0),
(549, '2018-11-05 09:41:33.367549', 5, 23, 1),
(550, '2018-11-05 09:41:35.982783', 3, 23, 1),
(551, '2018-11-05 09:41:39.100378', 1, 23, 0),
(552, '2018-11-05 09:41:41.746872', 5, 23, 1),
(553, '2018-11-05 09:41:44.128268', 1, 23, 0),
(554, '2018-11-05 09:41:44.235766', 3, 23, 1),
(555, '2018-11-05 09:42:00.405025', 3, 23, 1),
(556, '2018-11-05 09:42:10.212110', 5, 23, 1),
(557, '2018-11-05 09:42:36.613447', 3, 23, 1),
(558, '2018-11-05 09:43:30.504512', 1, 23, 0),
(559, '2018-11-05 09:46:49.298151', 4, 23, 0),
(560, '2018-11-05 09:52:14.982838', 1, 23, 0),
(561, '2018-11-05 09:52:16.494537', 2, 23, 0),
(562, '2018-11-05 09:52:19.828925', 3, 23, 1),
(563, '2018-11-05 09:55:07.998460', 4, 23, 0),
(564, '2018-11-05 10:12:54.404262', 4, 23, 0),
(565, '2018-11-05 10:24:08.122999', 4, 23, 0),
(566, '2018-11-05 10:26:03.745341', 4, 23, 0),
(567, '2018-11-05 10:28:39.519455', 4, 23, 0),
(568, '2018-11-05 11:00:54.944058', 4, 23, 0),
(569, '2018-11-05 11:01:29.935771', 4, 23, 0),
(570, '2018-11-05 11:02:37.939263', 4, 23, 0),
(571, '2018-11-05 11:02:53.205732', 4, 23, 0),
(572, '2018-11-05 11:03:26.921121', 4, 23, 0),
(573, '2018-11-05 11:29:42.579877', 4, 23, 0),
(574, '2018-11-05 11:30:59.781944', 4, 23, 0),
(575, '2018-11-05 11:31:01.132216', 4, 23, 0),
(576, '2018-11-05 11:31:13.859626', 3, 23, 1),
(577, '2018-11-05 11:31:31.596445', 4, 23, 0),
(578, '2018-11-05 11:40:05.376453', 4, 23, 0),
(579, '2018-11-05 11:40:34.110189', 4, 23, 0),
(580, '2018-11-05 11:42:06.693118', 4, 23, 0),
(581, '2018-11-05 11:42:28.558987', 4, 23, 0),
(582, '2018-11-05 11:43:20.048274', 4, 23, 0),
(583, '2018-11-05 11:43:57.991550', 4, 23, 0),
(584, '2018-11-05 11:45:36.989768', 3, 23, 1),
(585, '2018-11-05 11:46:26.365778', 4, 23, 0),
(586, '2018-11-05 11:46:46.278841', 4, 23, 0),
(587, '2018-11-05 11:48:14.992689', 4, 23, 0),
(588, '2018-11-05 11:55:26.913047', 4, 23, 0),
(589, '2018-11-05 11:55:57.432937', 4, 23, 0),
(590, '2018-11-05 11:58:32.227619', 4, 23, 0),
(591, '2018-11-05 11:59:42.351759', 4, 23, 0),
(592, '2018-11-05 12:00:12.159127', 4, 23, 0),
(593, '2018-11-05 12:00:49.842547', 4, 23, 0),
(594, '2018-11-05 12:01:22.939399', 4, 23, 0),
(595, '2018-11-05 12:02:51.562948', 4, 23, 0),
(596, '2018-11-05 12:03:46.495429', 4, 23, 0),
(597, '2018-11-05 12:04:18.812911', 4, 23, 0),
(598, '2018-11-05 12:05:19.982921', 4, 23, 0),
(599, '2018-11-05 12:08:40.299823', 4, 23, 0),
(600, '2018-11-05 12:20:31.596220', 4, 23, 0),
(601, '2018-11-23 13:40:26.681951', 5, 23, 1),
(602, '2018-11-30 15:31:09.273240', 3, 23, 1),
(603, '2018-11-30 15:33:34.044545', 1, 23, 0),
(604, '2018-11-30 16:12:27.477813', 4, 23, 0),
(605, '2018-11-30 16:12:33.208320', 3, 23, 1),
(606, '2018-11-30 16:13:06.129936', 1, 23, 0),
(607, '2018-11-30 16:13:16.942608', 2, 23, 0),
(608, '2018-11-30 16:13:29.898207', 4, 23, 0),
(609, '2018-11-30 16:14:00.077990', 4, 23, 0),
(610, '2018-11-30 16:14:35.918658', 4, 23, 1),
(611, '2018-11-30 16:14:43.219706', 5, 23, 1),
(612, '2018-11-30 16:14:45.268059', 4, 23, 1),
(613, '2018-11-30 16:17:02.586947', 4, 23, 1),
(614, '2018-11-30 16:17:14.546496', 4, 23, 1),
(615, '2018-11-30 16:18:00.330694', 4, 23, 1),
(616, '2018-11-30 16:19:24.741411', 4, 23, 1),
(617, '2018-11-30 16:19:34.737927', 4, 23, 1),
(618, '2018-11-30 16:22:35.772025', 4, 23, 1),
(619, '2018-11-30 16:25:03.201039', 4, 23, 1),
(620, '2018-11-30 16:25:23.902445', 4, 23, 1),
(621, '2018-11-30 16:25:38.276351', 3, 23, 1),
(622, '2018-11-30 16:26:06.094593', 3, 23, 1),
(623, '2018-11-30 16:26:39.128716', 3, 23, 1),
(624, '2018-11-30 16:27:03.849132', 3, 23, 1),
(625, '2018-11-30 16:27:33.874677', 3, 23, 1),
(626, '2018-11-30 16:28:02.649402', 3, 23, 1),
(627, '2018-11-30 16:31:14.978780', 5, 23, 1),
(628, '2018-11-30 16:31:35.263171', 3, 23, 1),
(629, '2018-11-30 16:33:46.652499', 3, 23, 1),
(630, '2018-11-30 16:34:13.838388', 3, 23, 1),
(631, '2018-11-30 16:34:13.847171', 3, 23, 1),
(632, '2018-11-30 16:34:26.546975', 3, 23, 1),
(633, '2018-11-30 16:35:12.637643', 3, 23, 1),
(634, '2018-11-30 16:37:07.042420', 3, 23, 1),
(635, '2018-11-30 16:37:32.832449', 3, 23, 1);

-- --------------------------------------------------------

--
-- Table structure for table `rapp_musictag`
--

CREATE TABLE `rapp_musictag` (
  `id` int(11) NOT NULL,
  `name` varchar(255) NOT NULL
) ENGINE=InnoDB DEFAULT CHARSET=utf8;

--
-- Dumping data for table `rapp_musictag`
--

INSERT INTO `rapp_musictag` (`id`, `name`) VALUES
(1, 'piano'),
(2, 'booster'),
(3, 'nature'),
(4, 'waterfall'),
(5, 'bird'),
(6, 'focus'),
(7, 'existence'),
(8, 'healing'),
(9, 'water');

-- --------------------------------------------------------

--
-- Table structure for table `rapp_music_tag`
--

CREATE TABLE `rapp_music_tag` (
  `id` int(11) NOT NULL,
  `music_id` int(11) NOT NULL,
  `musictag_id` int(11) NOT NULL
) ENGINE=InnoDB DEFAULT CHARSET=utf8;

--
-- Dumping data for table `rapp_music_tag`
--

INSERT INTO `rapp_music_tag` (`id`, `music_id`, `musictag_id`) VALUES
(1, 1, 2),
(2, 1, 6),
(3, 1, 7),
(4, 5, 8),
(5, 5, 9);

-- --------------------------------------------------------

--
-- Table structure for table `rapp_notefile`
--

CREATE TABLE `rapp_notefile` (
  `id` int(11) NOT NULL,
  `name` varchar(255) NOT NULL,
  `date` date NOT NULL,
  `ebook_id` int(11) NOT NULL,
  `user_id` int(11) NOT NULL
) ENGINE=InnoDB DEFAULT CHARSET=utf8;

-- --------------------------------------------------------

--
-- Table structure for table `rapp_notefileitem`
--

CREATE TABLE `rapp_notefileitem` (
  `id` int(11) NOT NULL,
  `note` longtext NOT NULL,
  `text` longtext NOT NULL,
  `notefile_id` int(11) NOT NULL
) ENGINE=InnoDB DEFAULT CHARSET=utf8;

-- --------------------------------------------------------

--
-- Table structure for table `rapp_notes`
--

CREATE TABLE `rapp_notes` (
  `id` int(11) NOT NULL,
  `title` varchar(255) NOT NULL,
  `text` longtext NOT NULL,
  `user_id` int(11) NOT NULL
) ENGINE=InnoDB DEFAULT CHARSET=utf8;

-- --------------------------------------------------------

--
-- Table structure for table `rapp_playlist`
--

CREATE TABLE `rapp_playlist` (
  `id` int(11) NOT NULL,
  `name` varchar(255) NOT NULL,
  `user_id` int(11) NOT NULL
) ENGINE=InnoDB DEFAULT CHARSET=utf8;

--
-- Dumping data for table `rapp_playlist`
--

INSERT INTO `rapp_playlist` (`id`, `name`, `user_id`) VALUES
(1, 'Playlist 1', 23),
(2, 'Playlist 2', 23),
(3, 'Playlist 3', 23),
(4, 'Playlist 4', 23),
(5, 'Playlist 5', 23),
(6, 'Playlist 6', 23);

-- --------------------------------------------------------

--
-- Table structure for table `rapp_playlist_music`
--

CREATE TABLE `rapp_playlist_music` (
  `id` int(11) NOT NULL,
  `playlist_id` int(11) NOT NULL,
  `music_id` int(11) NOT NULL
) ENGINE=InnoDB DEFAULT CHARSET=utf8;

--
-- Dumping data for table `rapp_playlist_music`
--

INSERT INTO `rapp_playlist_music` (`id`, `playlist_id`, `music_id`) VALUES
(1, 1, 2),
(15, 1, 4),
(11, 2, 3),
(4, 2, 4),
(12, 3, 3),
(5, 3, 5),
(6, 4, 1),
(8, 4, 5),
(10, 5, 1),
(14, 6, 1);

-- --------------------------------------------------------

--
-- Table structure for table `rapp_publishers`
--

CREATE TABLE `rapp_publishers` (
  `id` int(11) NOT NULL,
  `name` varchar(255) NOT NULL
) ENGINE=InnoDB DEFAULT CHARSET=utf8;

--
-- Dumping data for table `rapp_publishers`
--

INSERT INTO `rapp_publishers` (`id`, `name`) VALUES
(16, 'Createspace Independent Pub'),
(18, 'None');

-- --------------------------------------------------------

--
-- Table structure for table `rapp_subscribers`
--

CREATE TABLE `rapp_subscribers` (
  `id` int(11) NOT NULL,
  `subemail` varchar(254) NOT NULL
) ENGINE=InnoDB DEFAULT CHARSET=utf8;

-- --------------------------------------------------------

--
-- Table structure for table `rapp_tag`
--

CREATE TABLE `rapp_tag` (
  `id` int(11) NOT NULL,
  `name` varchar(255) NOT NULL
) ENGINE=InnoDB DEFAULT CHARSET=utf8;

--
-- Dumping data for table `rapp_tag`
--

INSERT INTO `rapp_tag` (`id`, `name`) VALUES
(1, 'Nature'),
(2, 'Forest');

-- --------------------------------------------------------

--
-- Table structure for table `rapp_transactions`
--

CREATE TABLE `rapp_transactions` (
  `id` int(11) NOT NULL,
  `txnid` varchar(32) NOT NULL
) ENGINE=InnoDB DEFAULT CHARSET=utf8;

-- --------------------------------------------------------

--
-- Table structure for table `rapp_uploadadmin`
--

CREATE TABLE `rapp_uploadadmin` (
  `id` int(11) NOT NULL,
  `user_id` int(11) NOT NULL
) ENGINE=InnoDB DEFAULT CHARSET=utf8;

--
-- Dumping data for table `rapp_uploadadmin`
--

INSERT INTO `rapp_uploadadmin` (`id`, `user_id`) VALUES
(1, 23);

-- --------------------------------------------------------

--
-- Table structure for table `rapp_uploaded`
--

CREATE TABLE `rapp_uploaded` (
  `id` int(11) NOT NULL,
  `file` varchar(100) NOT NULL,
  `handled` tinyint(1) NOT NULL,
  `publisher_id` int(11) NOT NULL
) ENGINE=InnoDB DEFAULT CHARSET=utf8;

-- --------------------------------------------------------

--
-- Table structure for table `rapp_usercart`
--

CREATE TABLE `rapp_usercart` (
  `id` int(11) NOT NULL,
  `duration` varchar(255) NOT NULL,
  `nprice` double NOT NULL,
  `ebook_id` int(11) NOT NULL,
  `user_id` int(11) NOT NULL,
  `buyrent` varchar(10) NOT NULL
) ENGINE=InnoDB DEFAULT CHARSET=utf8;

-- --------------------------------------------------------

--
-- Table structure for table `rapp_userp`
--

CREATE TABLE `rapp_userp` (
  `id` int(11) NOT NULL,
  `pub` tinyint(1) NOT NULL,
  `user_id` int(11) NOT NULL,
  `publisher_id` int(11) NOT NULL,
  `account` varchar(255) NOT NULL,
  `benname` varchar(255) NOT NULL,
  `ifsc` varchar(255) NOT NULL,
  `number` varchar(255) NOT NULL
) ENGINE=InnoDB DEFAULT CHARSET=utf8;

-- --------------------------------------------------------

--
-- Table structure for table `rapp_wishlist`
--

CREATE TABLE `rapp_wishlist` (
  `id` int(11) NOT NULL,
  `ebook_id` int(11) NOT NULL,
  `user_id` int(11) NOT NULL
) ENGINE=InnoDB DEFAULT CHARSET=utf8;

-- --------------------------------------------------------

--
-- Table structure for table `watson_searchentry`
--

CREATE TABLE `watson_searchentry` (
  `id` int(11) NOT NULL,
  `engine_slug` varchar(200) NOT NULL,
  `object_id` longtext NOT NULL,
  `object_id_int` int(11) DEFAULT NULL,
  `title` varchar(1000) NOT NULL,
  `description` longtext NOT NULL,
  `content` longtext NOT NULL,
  `url` varchar(1000) NOT NULL,
  `meta_encoded` longtext NOT NULL,
  `content_type_id` int(11) NOT NULL
) ENGINE=MyISAM DEFAULT CHARSET=utf8;

--
-- Indexes for dumped tables
--

--
-- Indexes for table `auth_group`
--
ALTER TABLE `auth_group`
  ADD PRIMARY KEY (`id`),
  ADD UNIQUE KEY `name` (`name`);

--
-- Indexes for table `auth_group_permissions`
--
ALTER TABLE `auth_group_permissions`
  ADD PRIMARY KEY (`id`),
  ADD UNIQUE KEY `auth_group_permissions_group_id_permission_id_0cd325b0_uniq` (`group_id`,`permission_id`),
  ADD KEY `auth_group_permissio_permission_id_84c5c92e_fk_auth_perm` (`permission_id`);

--
-- Indexes for table `auth_permission`
--
ALTER TABLE `auth_permission`
  ADD PRIMARY KEY (`id`),
  ADD UNIQUE KEY `auth_permission_content_type_id_codename_01ab375a_uniq` (`content_type_id`,`codename`);

--
-- Indexes for table `auth_user`
--
ALTER TABLE `auth_user`
  ADD PRIMARY KEY (`id`),
  ADD UNIQUE KEY `username` (`username`);

--
-- Indexes for table `auth_user_groups`
--
ALTER TABLE `auth_user_groups`
  ADD PRIMARY KEY (`id`),
  ADD UNIQUE KEY `auth_user_groups_user_id_group_id_94350c0c_uniq` (`user_id`,`group_id`),
  ADD KEY `auth_user_groups_group_id_97559544_fk_auth_group_id` (`group_id`);

--
-- Indexes for table `auth_user_user_permissions`
--
ALTER TABLE `auth_user_user_permissions`
  ADD PRIMARY KEY (`id`),
  ADD UNIQUE KEY `auth_user_user_permissions_user_id_permission_id_14a6b632_uniq` (`user_id`,`permission_id`),
  ADD KEY `auth_user_user_permi_permission_id_1fbb5f2c_fk_auth_perm` (`permission_id`);

--
-- Indexes for table `django_admin_log`
--
ALTER TABLE `django_admin_log`
  ADD PRIMARY KEY (`id`),
  ADD KEY `django_admin_log_content_type_id_c4bce8eb_fk_django_co` (`content_type_id`),
  ADD KEY `django_admin_log_user_id_c564eba6_fk_auth_user_id` (`user_id`);

--
-- Indexes for table `django_content_type`
--
ALTER TABLE `django_content_type`
  ADD PRIMARY KEY (`id`),
  ADD UNIQUE KEY `django_content_type_app_label_model_76bd3d3b_uniq` (`app_label`,`model`);

--
-- Indexes for table `django_migrations`
--
ALTER TABLE `django_migrations`
  ADD PRIMARY KEY (`id`);

--
-- Indexes for table `django_session`
--
ALTER TABLE `django_session`
  ADD PRIMARY KEY (`session_key`),
  ADD KEY `django_session_expire_date_a5c62663` (`expire_date`);

--
-- Indexes for table `rapp_adminacc`
--
ALTER TABLE `rapp_adminacc`
  ADD PRIMARY KEY (`id`),
  ADD UNIQUE KEY `user_id` (`user_id`);

--
-- Indexes for table `rapp_authors`
--
ALTER TABLE `rapp_authors`
  ADD PRIMARY KEY (`id`),
  ADD UNIQUE KEY `name` (`name`);

--
-- Indexes for table `rapp_bookmark`
--
ALTER TABLE `rapp_bookmark`
  ADD PRIMARY KEY (`id`),
  ADD KEY `rapp_bookmark_ebook_id_c88ac8d7_fk_rapp_ebooks_id` (`ebook_id`),
  ADD KEY `rapp_bookmark_user_id_7c74cf3d_fk_auth_user_id` (`user_id`);

--
-- Indexes for table `rapp_category`
--
ALTER TABLE `rapp_category`
  ADD PRIMARY KEY (`id`);

--
-- Indexes for table `rapp_dashboard`
--
ALTER TABLE `rapp_dashboard`
  ADD PRIMARY KEY (`id`);

--
-- Indexes for table `rapp_ebooks`
--
ALTER TABLE `rapp_ebooks`
  ADD PRIMARY KEY (`id`),
  ADD UNIQUE KEY `name` (`name`),
  ADD KEY `rapp_ebooks_author_id_10234717_fk_rapp_authors_id` (`author_id`),
  ADD KEY `rapp_ebooks_publisher_id_f5d6d5dc_fk_rapp_publishers_id` (`publisher_id`),
  ADD KEY `rapp_ebooks_category_id_807cb716_fk_rapp_category_id` (`category_id`);

--
-- Indexes for table `rapp_ebooks_tags`
--
ALTER TABLE `rapp_ebooks_tags`
  ADD PRIMARY KEY (`id`),
  ADD UNIQUE KEY `rapp_ebooks_tags_ebooks_id_tag_id_4f4e314c_uniq` (`ebooks_id`,`tag_id`),
  ADD KEY `rapp_ebooks_tags_tag_id_299fafcf_fk_rapp_tag_id` (`tag_id`);

--
-- Indexes for table `rapp_gmailid`
--
ALTER TABLE `rapp_gmailid`
  ADD PRIMARY KEY (`id`),
  ADD KEY `rapp_gmailid_user_id_666af66b_fk_auth_user_id` (`user_id`);

--
-- Indexes for table `rapp_highlight`
--
ALTER TABLE `rapp_highlight`
  ADD PRIMARY KEY (`id`),
  ADD KEY `rapp_highlight_ebook_id_b9b1acc9_fk_rapp_ebooks_id` (`ebook_id`),
  ADD KEY `rapp_highlight_user_id_66f9a3ce_fk_auth_user_id` (`user_id`);

--
-- Indexes for table `rapp_keyvalue`
--
ALTER TABLE `rapp_keyvalue`
  ADD PRIMARY KEY (`id`);

--
-- Indexes for table `rapp_lastpage`
--
ALTER TABLE `rapp_lastpage`
  ADD PRIMARY KEY (`id`),
  ADD KEY `rapp_lastpage_ebook_id_02a4e3de_fk_rapp_ebooks_id` (`ebook_id`),
  ADD KEY `rapp_lastpage_user_id_1626741d_fk_auth_user_id` (`user_id`);

--
-- Indexes for table `rapp_music`
--
ALTER TABLE `rapp_music`
  ADD PRIMARY KEY (`id`),
  ADD KEY `rapp_music_genre_id_8dad2e55_fk_rapp_musicgenre_id` (`genre_id`);

--
-- Indexes for table `rapp_musicgenre`
--
ALTER TABLE `rapp_musicgenre`
  ADD PRIMARY KEY (`id`);

--
-- Indexes for table `rapp_musiclis`
--
ALTER TABLE `rapp_musiclis`
  ADD PRIMARY KEY (`id`),
  ADD KEY `rapp_musiclis_music_id_e5cb268f_fk_rapp_music_id` (`music_id`),
  ADD KEY `rapp_musiclis_user_id_2b1b83d3_fk_auth_user_id` (`user_id`);

--
-- Indexes for table `rapp_musictag`
--
ALTER TABLE `rapp_musictag`
  ADD PRIMARY KEY (`id`);

--
-- Indexes for table `rapp_music_tag`
--
ALTER TABLE `rapp_music_tag`
  ADD PRIMARY KEY (`id`),
  ADD UNIQUE KEY `rapp_music_tag_music_id_musictag_id_5fbc287e_uniq` (`music_id`,`musictag_id`),
  ADD KEY `rapp_music_tag_musictag_id_ff190a21_fk_rapp_musictag_id` (`musictag_id`);

--
-- Indexes for table `rapp_notefile`
--
ALTER TABLE `rapp_notefile`
  ADD PRIMARY KEY (`id`),
  ADD KEY `rapp_notefile_ebook_id_09524811_fk_rapp_ebooks_id` (`ebook_id`),
  ADD KEY `rapp_notefile_user_id_5325c38b_fk_auth_user_id` (`user_id`);

--
-- Indexes for table `rapp_notefileitem`
--
ALTER TABLE `rapp_notefileitem`
  ADD PRIMARY KEY (`id`),
  ADD KEY `rapp_notefileitem_notefile_id_dbdaae69_fk_rapp_notefile_id` (`notefile_id`);

--
-- Indexes for table `rapp_notes`
--
ALTER TABLE `rapp_notes`
  ADD PRIMARY KEY (`id`),
  ADD KEY `rapp_notes_user_id_1b0bd80a_fk_auth_user_id` (`user_id`);

--
-- Indexes for table `rapp_playlist`
--
ALTER TABLE `rapp_playlist`
  ADD PRIMARY KEY (`id`),
  ADD KEY `rapp_playlist_user_id_cb2fa7fd_fk_auth_user_id` (`user_id`);

--
-- Indexes for table `rapp_playlist_music`
--
ALTER TABLE `rapp_playlist_music`
  ADD PRIMARY KEY (`id`),
  ADD UNIQUE KEY `rapp_playlist_music_playlist_id_music_id_7ad1ab3c_uniq` (`playlist_id`,`music_id`),
  ADD KEY `rapp_playlist_music_music_id_d1fff053_fk_rapp_music_id` (`music_id`);

--
-- Indexes for table `rapp_publishers`
--
ALTER TABLE `rapp_publishers`
  ADD PRIMARY KEY (`id`),
  ADD UNIQUE KEY `name` (`name`);

--
-- Indexes for table `rapp_subscribers`
--
ALTER TABLE `rapp_subscribers`
  ADD PRIMARY KEY (`id`);

--
-- Indexes for table `rapp_tag`
--
ALTER TABLE `rapp_tag`
  ADD PRIMARY KEY (`id`);

--
-- Indexes for table `rapp_transactions`
--
ALTER TABLE `rapp_transactions`
  ADD PRIMARY KEY (`id`);

--
-- Indexes for table `rapp_uploadadmin`
--
ALTER TABLE `rapp_uploadadmin`
  ADD PRIMARY KEY (`id`),
  ADD KEY `rapp_uploadadmin_user_id_b6ffc238_fk_auth_user_id` (`user_id`);

--
-- Indexes for table `rapp_uploaded`
--
ALTER TABLE `rapp_uploaded`
  ADD PRIMARY KEY (`id`),
  ADD KEY `rapp_uploaded_publisher_id_9d18087a_fk_rapp_publishers_id` (`publisher_id`);

--
-- Indexes for table `rapp_usercart`
--
ALTER TABLE `rapp_usercart`
  ADD PRIMARY KEY (`id`),
  ADD KEY `rapp_usercart_ebook_id_23e2e8d6_fk_rapp_ebooks_id` (`ebook_id`),
  ADD KEY `rapp_usercart_user_id_9a0f038d_fk_auth_user_id` (`user_id`);

--
-- Indexes for table `rapp_userp`
--
ALTER TABLE `rapp_userp`
  ADD PRIMARY KEY (`id`),
  ADD UNIQUE KEY `user_id` (`user_id`),
  ADD KEY `rapp_userp_publisher_id_14cff152_fk_rapp_publishers_id` (`publisher_id`);

--
-- Indexes for table `rapp_wishlist`
--
ALTER TABLE `rapp_wishlist`
  ADD PRIMARY KEY (`id`),
  ADD KEY `rapp_wishlist_ebook_id_c34dd68b_fk_rapp_ebooks_id` (`ebook_id`),
  ADD KEY `rapp_wishlist_user_id_4bcbf59d_fk_auth_user_id` (`user_id`);

--
-- Indexes for table `watson_searchentry`
--
ALTER TABLE `watson_searchentry`
  ADD PRIMARY KEY (`id`),
  ADD KEY `watson_searchentry_content_type_id_bd552f03_fk_django_co` (`content_type_id`),
  ADD KEY `watson_searchentry_engine_slug_516fbb0c` (`engine_slug`),
  ADD KEY `watson_searchentry_object_id_int_b04aab9e` (`object_id_int`);
ALTER TABLE `watson_searchentry` ADD FULLTEXT KEY `watson_searchentry_fulltext` (`title`,`description`,`content`);
ALTER TABLE `watson_searchentry` ADD FULLTEXT KEY `watson_searchentry_title` (`title`);
ALTER TABLE `watson_searchentry` ADD FULLTEXT KEY `watson_searchentry_description` (`description`);
ALTER TABLE `watson_searchentry` ADD FULLTEXT KEY `watson_searchentry_content` (`content`);

--
-- AUTO_INCREMENT for dumped tables
--

--
-- AUTO_INCREMENT for table `auth_group`
--
ALTER TABLE `auth_group`
  MODIFY `id` int(11) NOT NULL AUTO_INCREMENT;
--
-- AUTO_INCREMENT for table `auth_group_permissions`
--
ALTER TABLE `auth_group_permissions`
  MODIFY `id` int(11) NOT NULL AUTO_INCREMENT;
--
-- AUTO_INCREMENT for table `auth_permission`
--
ALTER TABLE `auth_permission`
  MODIFY `id` int(11) NOT NULL AUTO_INCREMENT, AUTO_INCREMENT=106;
--
-- AUTO_INCREMENT for table `auth_user`
--
ALTER TABLE `auth_user`
  MODIFY `id` int(11) NOT NULL AUTO_INCREMENT, AUTO_INCREMENT=54;
--
-- AUTO_INCREMENT for table `auth_user_groups`
--
ALTER TABLE `auth_user_groups`
  MODIFY `id` int(11) NOT NULL AUTO_INCREMENT;
--
-- AUTO_INCREMENT for table `auth_user_user_permissions`
--
ALTER TABLE `auth_user_user_permissions`
  MODIFY `id` int(11) NOT NULL AUTO_INCREMENT;
--
-- AUTO_INCREMENT for table `django_admin_log`
--
ALTER TABLE `django_admin_log`
  MODIFY `id` int(11) NOT NULL AUTO_INCREMENT, AUTO_INCREMENT=764;
--
-- AUTO_INCREMENT for table `django_content_type`
--
ALTER TABLE `django_content_type`
  MODIFY `id` int(11) NOT NULL AUTO_INCREMENT, AUTO_INCREMENT=36;
--
-- AUTO_INCREMENT for table `django_migrations`
--
ALTER TABLE `django_migrations`
  MODIFY `id` int(11) NOT NULL AUTO_INCREMENT, AUTO_INCREMENT=143;
--
-- AUTO_INCREMENT for table `rapp_adminacc`
--
ALTER TABLE `rapp_adminacc`
  MODIFY `id` int(11) NOT NULL AUTO_INCREMENT, AUTO_INCREMENT=2;
--
-- AUTO_INCREMENT for table `rapp_authors`
--
ALTER TABLE `rapp_authors`
  MODIFY `id` int(11) NOT NULL AUTO_INCREMENT, AUTO_INCREMENT=10;
--
-- AUTO_INCREMENT for table `rapp_bookmark`
--
ALTER TABLE `rapp_bookmark`
  MODIFY `id` int(11) NOT NULL AUTO_INCREMENT, AUTO_INCREMENT=22;
--
-- AUTO_INCREMENT for table `rapp_category`
--
ALTER TABLE `rapp_category`
  MODIFY `id` int(11) NOT NULL AUTO_INCREMENT, AUTO_INCREMENT=10;
--
-- AUTO_INCREMENT for table `rapp_dashboard`
--
ALTER TABLE `rapp_dashboard`
  MODIFY `id` int(11) NOT NULL AUTO_INCREMENT, AUTO_INCREMENT=14;
--
-- AUTO_INCREMENT for table `rapp_ebooks`
--
ALTER TABLE `rapp_ebooks`
  MODIFY `id` int(11) NOT NULL AUTO_INCREMENT, AUTO_INCREMENT=29;
--
-- AUTO_INCREMENT for table `rapp_ebooks_tags`
--
ALTER TABLE `rapp_ebooks_tags`
  MODIFY `id` int(11) NOT NULL AUTO_INCREMENT, AUTO_INCREMENT=3;
--
-- AUTO_INCREMENT for table `rapp_gmailid`
--
ALTER TABLE `rapp_gmailid`
  MODIFY `id` int(11) NOT NULL AUTO_INCREMENT;
--
-- AUTO_INCREMENT for table `rapp_highlight`
--
ALTER TABLE `rapp_highlight`
  MODIFY `id` int(11) NOT NULL AUTO_INCREMENT, AUTO_INCREMENT=174;
--
-- AUTO_INCREMENT for table `rapp_keyvalue`
--
ALTER TABLE `rapp_keyvalue`
  MODIFY `id` int(11) NOT NULL AUTO_INCREMENT, AUTO_INCREMENT=3;
--
-- AUTO_INCREMENT for table `rapp_lastpage`
--
ALTER TABLE `rapp_lastpage`
  MODIFY `id` int(11) NOT NULL AUTO_INCREMENT;
--
-- AUTO_INCREMENT for table `rapp_music`
--
ALTER TABLE `rapp_music`
  MODIFY `id` int(11) NOT NULL AUTO_INCREMENT, AUTO_INCREMENT=6;
--
-- AUTO_INCREMENT for table `rapp_musicgenre`
--
ALTER TABLE `rapp_musicgenre`
  MODIFY `id` int(11) NOT NULL AUTO_INCREMENT, AUTO_INCREMENT=6;
--
-- AUTO_INCREMENT for table `rapp_musiclis`
--
ALTER TABLE `rapp_musiclis`
  MODIFY `id` int(11) NOT NULL AUTO_INCREMENT, AUTO_INCREMENT=636;
--
-- AUTO_INCREMENT for table `rapp_musictag`
--
ALTER TABLE `rapp_musictag`
  MODIFY `id` int(11) NOT NULL AUTO_INCREMENT, AUTO_INCREMENT=10;
--
-- AUTO_INCREMENT for table `rapp_music_tag`
--
ALTER TABLE `rapp_music_tag`
  MODIFY `id` int(11) NOT NULL AUTO_INCREMENT, AUTO_INCREMENT=6;
--
-- AUTO_INCREMENT for table `rapp_notefile`
--
ALTER TABLE `rapp_notefile`
  MODIFY `id` int(11) NOT NULL AUTO_INCREMENT, AUTO_INCREMENT=10;
--
-- AUTO_INCREMENT for table `rapp_notefileitem`
--
ALTER TABLE `rapp_notefileitem`
  MODIFY `id` int(11) NOT NULL AUTO_INCREMENT, AUTO_INCREMENT=35;
--
-- AUTO_INCREMENT for table `rapp_notes`
--
ALTER TABLE `rapp_notes`
  MODIFY `id` int(11) NOT NULL AUTO_INCREMENT;
--
-- AUTO_INCREMENT for table `rapp_playlist`
--
ALTER TABLE `rapp_playlist`
  MODIFY `id` int(11) NOT NULL AUTO_INCREMENT, AUTO_INCREMENT=7;
--
-- AUTO_INCREMENT for table `rapp_playlist_music`
--
ALTER TABLE `rapp_playlist_music`
  MODIFY `id` int(11) NOT NULL AUTO_INCREMENT, AUTO_INCREMENT=16;
--
-- AUTO_INCREMENT for table `rapp_publishers`
--
ALTER TABLE `rapp_publishers`
  MODIFY `id` int(11) NOT NULL AUTO_INCREMENT, AUTO_INCREMENT=19;
--
-- AUTO_INCREMENT for table `rapp_subscribers`
--
ALTER TABLE `rapp_subscribers`
  MODIFY `id` int(11) NOT NULL AUTO_INCREMENT;
--
-- AUTO_INCREMENT for table `rapp_tag`
--
ALTER TABLE `rapp_tag`
  MODIFY `id` int(11) NOT NULL AUTO_INCREMENT, AUTO_INCREMENT=4;
--
-- AUTO_INCREMENT for table `rapp_transactions`
--
ALTER TABLE `rapp_transactions`
  MODIFY `id` int(11) NOT NULL AUTO_INCREMENT;
--
-- AUTO_INCREMENT for table `rapp_uploadadmin`
--
ALTER TABLE `rapp_uploadadmin`
  MODIFY `id` int(11) NOT NULL AUTO_INCREMENT, AUTO_INCREMENT=2;
--
-- AUTO_INCREMENT for table `rapp_uploaded`
--
ALTER TABLE `rapp_uploaded`
  MODIFY `id` int(11) NOT NULL AUTO_INCREMENT;
--
-- AUTO_INCREMENT for table `rapp_usercart`
--
ALTER TABLE `rapp_usercart`
  MODIFY `id` int(11) NOT NULL AUTO_INCREMENT;
--
-- AUTO_INCREMENT for table `rapp_userp`
--
ALTER TABLE `rapp_userp`
  MODIFY `id` int(11) NOT NULL AUTO_INCREMENT;
--
-- AUTO_INCREMENT for table `rapp_wishlist`
--
ALTER TABLE `rapp_wishlist`
  MODIFY `id` int(11) NOT NULL AUTO_INCREMENT;
--
-- AUTO_INCREMENT for table `watson_searchentry`
--
ALTER TABLE `watson_searchentry`
  MODIFY `id` int(11) NOT NULL AUTO_INCREMENT;
--
-- Constraints for dumped tables
--

--
-- Constraints for table `auth_group_permissions`
--
ALTER TABLE `auth_group_permissions`
  ADD CONSTRAINT `auth_group_permissio_permission_id_84c5c92e_fk_auth_perm` FOREIGN KEY (`permission_id`) REFERENCES `auth_permission` (`id`),
  ADD CONSTRAINT `auth_group_permissions_group_id_b120cbf9_fk_auth_group_id` FOREIGN KEY (`group_id`) REFERENCES `auth_group` (`id`);

--
-- Constraints for table `auth_permission`
--
ALTER TABLE `auth_permission`
  ADD CONSTRAINT `auth_permission_content_type_id_2f476e4b_fk_django_co` FOREIGN KEY (`content_type_id`) REFERENCES `django_content_type` (`id`);

--
-- Constraints for table `auth_user_groups`
--
ALTER TABLE `auth_user_groups`
  ADD CONSTRAINT `auth_user_groups_group_id_97559544_fk_auth_group_id` FOREIGN KEY (`group_id`) REFERENCES `auth_group` (`id`),
  ADD CONSTRAINT `auth_user_groups_user_id_6a12ed8b_fk_auth_user_id` FOREIGN KEY (`user_id`) REFERENCES `auth_user` (`id`);

--
-- Constraints for table `auth_user_user_permissions`
--
ALTER TABLE `auth_user_user_permissions`
  ADD CONSTRAINT `auth_user_user_permi_permission_id_1fbb5f2c_fk_auth_perm` FOREIGN KEY (`permission_id`) REFERENCES `auth_permission` (`id`),
  ADD CONSTRAINT `auth_user_user_permissions_user_id_a95ead1b_fk_auth_user_id` FOREIGN KEY (`user_id`) REFERENCES `auth_user` (`id`);

--
-- Constraints for table `django_admin_log`
--
ALTER TABLE `django_admin_log`
  ADD CONSTRAINT `django_admin_log_content_type_id_c4bce8eb_fk_django_co` FOREIGN KEY (`content_type_id`) REFERENCES `django_content_type` (`id`),
  ADD CONSTRAINT `django_admin_log_user_id_c564eba6_fk_auth_user_id` FOREIGN KEY (`user_id`) REFERENCES `auth_user` (`id`);

--
-- Constraints for table `rapp_adminacc`
--
ALTER TABLE `rapp_adminacc`
  ADD CONSTRAINT `rapp_adminacc_user_id_068bbf53_fk_auth_user_id` FOREIGN KEY (`user_id`) REFERENCES `auth_user` (`id`);

--
-- Constraints for table `rapp_bookmark`
--
ALTER TABLE `rapp_bookmark`
  ADD CONSTRAINT `rapp_bookmark_ebook_id_c88ac8d7_fk_rapp_ebooks_id` FOREIGN KEY (`ebook_id`) REFERENCES `rapp_ebooks` (`id`),
  ADD CONSTRAINT `rapp_bookmark_user_id_7c74cf3d_fk_auth_user_id` FOREIGN KEY (`user_id`) REFERENCES `auth_user` (`id`);

--
-- Constraints for table `rapp_ebooks`
--
ALTER TABLE `rapp_ebooks`
  ADD CONSTRAINT `rapp_ebooks_author_id_10234717_fk_rapp_authors_id` FOREIGN KEY (`author_id`) REFERENCES `rapp_authors` (`id`),
  ADD CONSTRAINT `rapp_ebooks_category_id_807cb716_fk_rapp_category_id` FOREIGN KEY (`category_id`) REFERENCES `rapp_category` (`id`),
  ADD CONSTRAINT `rapp_ebooks_publisher_id_f5d6d5dc_fk_rapp_publishers_id` FOREIGN KEY (`publisher_id`) REFERENCES `rapp_publishers` (`id`);

--
-- Constraints for table `rapp_ebooks_tags`
--
ALTER TABLE `rapp_ebooks_tags`
  ADD CONSTRAINT `rapp_ebooks_tags_ebooks_id_c71ee4b8_fk_rapp_ebooks_id` FOREIGN KEY (`ebooks_id`) REFERENCES `rapp_ebooks` (`id`),
  ADD CONSTRAINT `rapp_ebooks_tags_tag_id_299fafcf_fk_rapp_tag_id` FOREIGN KEY (`tag_id`) REFERENCES `rapp_tag` (`id`);

--
-- Constraints for table `rapp_gmailid`
--
ALTER TABLE `rapp_gmailid`
  ADD CONSTRAINT `rapp_gmailid_user_id_666af66b_fk_auth_user_id` FOREIGN KEY (`user_id`) REFERENCES `auth_user` (`id`);

--
-- Constraints for table `rapp_highlight`
--
ALTER TABLE `rapp_highlight`
  ADD CONSTRAINT `rapp_highlight_ebook_id_b9b1acc9_fk_rapp_ebooks_id` FOREIGN KEY (`ebook_id`) REFERENCES `rapp_ebooks` (`id`),
  ADD CONSTRAINT `rapp_highlight_user_id_66f9a3ce_fk_auth_user_id` FOREIGN KEY (`user_id`) REFERENCES `auth_user` (`id`);

--
-- Constraints for table `rapp_lastpage`
--
ALTER TABLE `rapp_lastpage`
  ADD CONSTRAINT `rapp_lastpage_ebook_id_02a4e3de_fk_rapp_ebooks_id` FOREIGN KEY (`ebook_id`) REFERENCES `rapp_ebooks` (`id`),
  ADD CONSTRAINT `rapp_lastpage_user_id_1626741d_fk_auth_user_id` FOREIGN KEY (`user_id`) REFERENCES `auth_user` (`id`);

--
-- Constraints for table `rapp_music`
--
ALTER TABLE `rapp_music`
  ADD CONSTRAINT `rapp_music_genre_id_8dad2e55_fk_rapp_musicgenre_id` FOREIGN KEY (`genre_id`) REFERENCES `rapp_musicgenre` (`id`);

--
-- Constraints for table `rapp_musiclis`
--
ALTER TABLE `rapp_musiclis`
  ADD CONSTRAINT `rapp_musiclis_music_id_e5cb268f_fk_rapp_music_id` FOREIGN KEY (`music_id`) REFERENCES `rapp_music` (`id`),
  ADD CONSTRAINT `rapp_musiclis_user_id_2b1b83d3_fk_auth_user_id` FOREIGN KEY (`user_id`) REFERENCES `auth_user` (`id`);

--
-- Constraints for table `rapp_music_tag`
--
ALTER TABLE `rapp_music_tag`
  ADD CONSTRAINT `rapp_music_tag_music_id_e60156a6_fk_rapp_music_id` FOREIGN KEY (`music_id`) REFERENCES `rapp_music` (`id`),
  ADD CONSTRAINT `rapp_music_tag_musictag_id_ff190a21_fk_rapp_musictag_id` FOREIGN KEY (`musictag_id`) REFERENCES `rapp_musictag` (`id`);

--
-- Constraints for table `rapp_notefile`
--
ALTER TABLE `rapp_notefile`
  ADD CONSTRAINT `rapp_notefile_ebook_id_09524811_fk_rapp_ebooks_id` FOREIGN KEY (`ebook_id`) REFERENCES `rapp_ebooks` (`id`),
  ADD CONSTRAINT `rapp_notefile_user_id_5325c38b_fk_auth_user_id` FOREIGN KEY (`user_id`) REFERENCES `auth_user` (`id`);

--
-- Constraints for table `rapp_notefileitem`
--
ALTER TABLE `rapp_notefileitem`
  ADD CONSTRAINT `rapp_notefileitem_notefile_id_dbdaae69_fk_rapp_notefile_id` FOREIGN KEY (`notefile_id`) REFERENCES `rapp_notefile` (`id`);

--
-- Constraints for table `rapp_notes`
--
ALTER TABLE `rapp_notes`
  ADD CONSTRAINT `rapp_notes_user_id_1b0bd80a_fk_auth_user_id` FOREIGN KEY (`user_id`) REFERENCES `auth_user` (`id`);

--
-- Constraints for table `rapp_playlist`
--
ALTER TABLE `rapp_playlist`
  ADD CONSTRAINT `rapp_playlist_user_id_cb2fa7fd_fk_auth_user_id` FOREIGN KEY (`user_id`) REFERENCES `auth_user` (`id`);

--
-- Constraints for table `rapp_playlist_music`
--
ALTER TABLE `rapp_playlist_music`
  ADD CONSTRAINT `rapp_playlist_music_music_id_d1fff053_fk_rapp_music_id` FOREIGN KEY (`music_id`) REFERENCES `rapp_music` (`id`),
  ADD CONSTRAINT `rapp_playlist_music_playlist_id_7974795e_fk_rapp_playlist_id` FOREIGN KEY (`playlist_id`) REFERENCES `rapp_playlist` (`id`);

--
-- Constraints for table `rapp_uploadadmin`
--
ALTER TABLE `rapp_uploadadmin`
  ADD CONSTRAINT `rapp_uploadadmin_user_id_b6ffc238_fk_auth_user_id` FOREIGN KEY (`user_id`) REFERENCES `auth_user` (`id`);

--
-- Constraints for table `rapp_uploaded`
--
ALTER TABLE `rapp_uploaded`
  ADD CONSTRAINT `rapp_uploaded_publisher_id_9d18087a_fk_rapp_publishers_id` FOREIGN KEY (`publisher_id`) REFERENCES `rapp_publishers` (`id`);

--
-- Constraints for table `rapp_usercart`
--
ALTER TABLE `rapp_usercart`
  ADD CONSTRAINT `rapp_usercart_ebook_id_23e2e8d6_fk_rapp_ebooks_id` FOREIGN KEY (`ebook_id`) REFERENCES `rapp_ebooks` (`id`),
  ADD CONSTRAINT `rapp_usercart_user_id_9a0f038d_fk_auth_user_id` FOREIGN KEY (`user_id`) REFERENCES `auth_user` (`id`);

--
-- Constraints for table `rapp_userp`
--
ALTER TABLE `rapp_userp`
  ADD CONSTRAINT `rapp_userp_publisher_id_14cff152_fk_rapp_publishers_id` FOREIGN KEY (`publisher_id`) REFERENCES `rapp_publishers` (`id`),
  ADD CONSTRAINT `rapp_userp_user_id_df2d092d_fk_auth_user_id` FOREIGN KEY (`user_id`) REFERENCES `auth_user` (`id`);

--
-- Constraints for table `rapp_wishlist`
--
ALTER TABLE `rapp_wishlist`
  ADD CONSTRAINT `rapp_wishlist_ebook_id_c34dd68b_fk_rapp_ebooks_id` FOREIGN KEY (`ebook_id`) REFERENCES `rapp_ebooks` (`id`),
  ADD CONSTRAINT `rapp_wishlist_user_id_4bcbf59d_fk_auth_user_id` FOREIGN KEY (`user_id`) REFERENCES `auth_user` (`id`);

/*!40101 SET CHARACTER_SET_CLIENT=@OLD_CHARACTER_SET_CLIENT */;
/*!40101 SET CHARACTER_SET_RESULTS=@OLD_CHARACTER_SET_RESULTS */;
/*!40101 SET COLLATION_CONNECTION=@OLD_COLLATION_CONNECTION */;
