-- MySQL dump 10.13  Distrib 5.7.24, for Linux (x86_64)
--
-- Host: localhost    Database: rapp
-- ------------------------------------------------------
-- Server version	5.7.24-0ubuntu0.16.04.1

/*!40101 SET @OLD_CHARACTER_SET_CLIENT=@@CHARACTER_SET_CLIENT */;
/*!40101 SET @OLD_CHARACTER_SET_RESULTS=@@CHARACTER_SET_RESULTS */;
/*!40101 SET @OLD_COLLATION_CONNECTION=@@COLLATION_CONNECTION */;
/*!40101 SET NAMES utf8 */;
/*!40103 SET @OLD_TIME_ZONE=@@TIME_ZONE */;
/*!40103 SET TIME_ZONE='+00:00' */;
/*!40014 SET @OLD_UNIQUE_CHECKS=@@UNIQUE_CHECKS, UNIQUE_CHECKS=0 */;
/*!40014 SET @OLD_FOREIGN_KEY_CHECKS=@@FOREIGN_KEY_CHECKS, FOREIGN_KEY_CHECKS=0 */;
/*!40101 SET @OLD_SQL_MODE=@@SQL_MODE, SQL_MODE='NO_AUTO_VALUE_ON_ZERO' */;
/*!40111 SET @OLD_SQL_NOTES=@@SQL_NOTES, SQL_NOTES=0 */;

--
-- Table structure for table `auth_group`
--

DROP TABLE IF EXISTS `auth_group`;
/*!40101 SET @saved_cs_client     = @@character_set_client */;
/*!40101 SET character_set_client = utf8 */;
CREATE TABLE `auth_group` (
  `id` int(11) NOT NULL AUTO_INCREMENT,
  `name` varchar(80) NOT NULL,
  PRIMARY KEY (`id`),
  UNIQUE KEY `name` (`name`)
) ENGINE=InnoDB DEFAULT CHARSET=utf8;
/*!40101 SET character_set_client = @saved_cs_client */;

--
-- Dumping data for table `auth_group`
--

LOCK TABLES `auth_group` WRITE;
/*!40000 ALTER TABLE `auth_group` DISABLE KEYS */;
/*!40000 ALTER TABLE `auth_group` ENABLE KEYS */;
UNLOCK TABLES;

--
-- Table structure for table `auth_group_permissions`
--

DROP TABLE IF EXISTS `auth_group_permissions`;
/*!40101 SET @saved_cs_client     = @@character_set_client */;
/*!40101 SET character_set_client = utf8 */;
CREATE TABLE `auth_group_permissions` (
  `id` int(11) NOT NULL AUTO_INCREMENT,
  `group_id` int(11) NOT NULL,
  `permission_id` int(11) NOT NULL,
  PRIMARY KEY (`id`),
  UNIQUE KEY `auth_group_permissions_group_id_permission_id_0cd325b0_uniq` (`group_id`,`permission_id`),
  KEY `auth_group_permissio_permission_id_84c5c92e_fk_auth_perm` (`permission_id`),
  CONSTRAINT `auth_group_permissio_permission_id_84c5c92e_fk_auth_perm` FOREIGN KEY (`permission_id`) REFERENCES `auth_permission` (`id`),
  CONSTRAINT `auth_group_permissions_group_id_b120cbf9_fk_auth_group_id` FOREIGN KEY (`group_id`) REFERENCES `auth_group` (`id`)
) ENGINE=InnoDB DEFAULT CHARSET=utf8;
/*!40101 SET character_set_client = @saved_cs_client */;

--
-- Dumping data for table `auth_group_permissions`
--

LOCK TABLES `auth_group_permissions` WRITE;
/*!40000 ALTER TABLE `auth_group_permissions` DISABLE KEYS */;
/*!40000 ALTER TABLE `auth_group_permissions` ENABLE KEYS */;
UNLOCK TABLES;

--
-- Table structure for table `auth_permission`
--

DROP TABLE IF EXISTS `auth_permission`;
/*!40101 SET @saved_cs_client     = @@character_set_client */;
/*!40101 SET character_set_client = utf8 */;
CREATE TABLE `auth_permission` (
  `id` int(11) NOT NULL AUTO_INCREMENT,
  `name` varchar(255) NOT NULL,
  `content_type_id` int(11) NOT NULL,
  `codename` varchar(100) NOT NULL,
  PRIMARY KEY (`id`),
  UNIQUE KEY `auth_permission_content_type_id_codename_01ab375a_uniq` (`content_type_id`,`codename`),
  CONSTRAINT `auth_permission_content_type_id_2f476e4b_fk_django_co` FOREIGN KEY (`content_type_id`) REFERENCES `django_content_type` (`id`)
) ENGINE=InnoDB AUTO_INCREMENT=166 DEFAULT CHARSET=utf8;
/*!40101 SET character_set_client = @saved_cs_client */;

--
-- Dumping data for table `auth_permission`
--

LOCK TABLES `auth_permission` WRITE;
/*!40000 ALTER TABLE `auth_permission` DISABLE KEYS */;
INSERT INTO `auth_permission` VALUES (1,'Can add log entry',1,'add_logentry'),(2,'Can change log entry',1,'change_logentry'),(3,'Can delete log entry',1,'delete_logentry'),(4,'Can add group',2,'add_group'),(5,'Can change group',2,'change_group'),(6,'Can delete group',2,'delete_group'),(7,'Can add user',3,'add_user'),(8,'Can change user',3,'change_user'),(9,'Can delete user',3,'delete_user'),(10,'Can add permission',4,'add_permission'),(11,'Can change permission',4,'change_permission'),(12,'Can delete permission',4,'delete_permission'),(13,'Can add content type',5,'add_contenttype'),(14,'Can change content type',5,'change_contenttype'),(15,'Can delete content type',5,'delete_contenttype'),(16,'Can add session',6,'add_session'),(17,'Can change session',6,'change_session'),(18,'Can delete session',6,'delete_session'),(19,'Can add authors',7,'add_authors'),(20,'Can change authors',7,'change_authors'),(21,'Can delete authors',7,'delete_authors'),(22,'Can add publishers',8,'add_publishers'),(23,'Can change publishers',8,'change_publishers'),(24,'Can delete publishers',8,'delete_publishers'),(25,'Can add ebooks',9,'add_ebooks'),(26,'Can change ebooks',9,'change_ebooks'),(27,'Can delete ebooks',9,'delete_ebooks'),(28,'Can add file',10,'add_file'),(29,'Can change file',10,'change_file'),(30,'Can delete file',10,'delete_file'),(31,'Can add user p',11,'add_userp'),(32,'Can change user p',11,'change_userp'),(33,'Can delete user p',11,'delete_userp'),(34,'Can add subscribers',12,'add_subscribers'),(35,'Can change subscribers',12,'change_subscribers'),(36,'Can delete subscribers',12,'delete_subscribers'),(37,'Can add category',13,'add_category'),(38,'Can change category',13,'change_category'),(39,'Can delete category',13,'delete_category'),(40,'Can add usercart',14,'add_usercart'),(41,'Can change usercart',14,'change_usercart'),(42,'Can delete usercart',14,'delete_usercart'),(43,'Can add wishlist',15,'add_wishlist'),(44,'Can change wishlist',15,'change_wishlist'),(45,'Can delete wishlist',15,'delete_wishlist'),(46,'Can add dashboard',16,'add_dashboard'),(47,'Can change dashboard',16,'change_dashboard'),(48,'Can delete dashboard',16,'delete_dashboard'),(49,'Can add transactions',17,'add_transactions'),(50,'Can change transactions',17,'change_transactions'),(51,'Can delete transactions',17,'delete_transactions'),(52,'Can add notes',18,'add_notes'),(53,'Can change notes',18,'change_notes'),(54,'Can delete notes',18,'delete_notes'),(55,'Can add lastpage',19,'add_lastpage'),(56,'Can change lastpage',19,'change_lastpage'),(57,'Can delete lastpage',19,'delete_lastpage'),(58,'Can add search entry',20,'add_searchentry'),(59,'Can change search entry',20,'change_searchentry'),(60,'Can delete search entry',20,'delete_searchentry'),(61,'Can add uploaded',21,'add_uploaded'),(62,'Can change uploaded',21,'change_uploaded'),(63,'Can delete uploaded',21,'delete_uploaded'),(64,'Can add adminacc',22,'add_adminacc'),(65,'Can change adminacc',22,'change_adminacc'),(66,'Can delete adminacc',22,'delete_adminacc'),(67,'Can add gmailid',23,'add_gmailid'),(68,'Can change gmailid',23,'change_gmailid'),(69,'Can delete gmailid',23,'delete_gmailid'),(70,'Can add tag',24,'add_tag'),(71,'Can change tag',24,'change_tag'),(72,'Can delete tag',24,'delete_tag'),(73,'Can add bookmark',25,'add_bookmark'),(74,'Can change bookmark',25,'change_bookmark'),(75,'Can delete bookmark',25,'delete_bookmark'),(76,'Can add musicgenre',26,'add_musicgenre'),(77,'Can change musicgenre',26,'change_musicgenre'),(78,'Can delete musicgenre',26,'delete_musicgenre'),(79,'Can add musictag',27,'add_musictag'),(80,'Can change musictag',27,'change_musictag'),(81,'Can delete musictag',27,'delete_musictag'),(82,'Can add music',28,'add_music'),(83,'Can change music',28,'change_music'),(84,'Can delete music',28,'delete_music'),(85,'Can add musiclis',29,'add_musiclis'),(86,'Can change musiclis',29,'change_musiclis'),(87,'Can delete musiclis',29,'delete_musiclis'),(88,'Can add playlist',30,'add_playlist'),(89,'Can change playlist',30,'change_playlist'),(90,'Can delete playlist',30,'delete_playlist'),(91,'Can add highlight',31,'add_highlight'),(92,'Can change highlight',31,'change_highlight'),(93,'Can delete highlight',31,'delete_highlight'),(94,'Can add notefileitem',32,'add_notefileitem'),(95,'Can change notefileitem',32,'change_notefileitem'),(96,'Can delete notefileitem',32,'delete_notefileitem'),(97,'Can add notefile',33,'add_notefile'),(98,'Can change notefile',33,'change_notefile'),(99,'Can delete notefile',33,'delete_notefile'),(100,'Can add uploadadmin',34,'add_uploadadmin'),(101,'Can change uploadadmin',34,'change_uploadadmin'),(102,'Can delete uploadadmin',34,'delete_uploadadmin'),(103,'Can add keyvalue',35,'add_keyvalue'),(104,'Can change keyvalue',35,'change_keyvalue'),(105,'Can delete keyvalue',35,'delete_keyvalue'),(106,'Can add connection history',36,'add_connectionhistory'),(107,'Can change connection history',36,'change_connectionhistory'),(108,'Can delete connection history',36,'delete_connectionhistory'),(109,'Can add readlocation',37,'add_readlocation'),(110,'Can change readlocation',37,'change_readlocation'),(111,'Can delete readlocation',37,'delete_readlocation'),(112,'Can add percentageread',38,'add_percentageread'),(113,'Can change percentageread',38,'change_percentageread'),(114,'Can delete percentageread',38,'delete_percentageread'),(115,'Can add genreview',39,'add_genreview'),(116,'Can change genreview',39,'change_genreview'),(117,'Can delete genreview',39,'delete_genreview'),(118,'Can add offer',40,'add_offer'),(119,'Can change offer',40,'change_offer'),(120,'Can delete offer',40,'delete_offer'),(121,'Can add sampleview',41,'add_sampleview'),(122,'Can change sampleview',41,'change_sampleview'),(123,'Can delete sampleview',41,'delete_sampleview'),(124,'Can add publisherpayment',42,'add_publisherpayment'),(125,'Can change publisherpayment',42,'change_publisherpayment'),(126,'Can delete publisherpayment',42,'delete_publisherpayment'),(127,'Can add payment',43,'add_payment'),(128,'Can change payment',43,'change_payment'),(129,'Can delete payment',43,'delete_payment'),(130,'Can add lastpagesample',44,'add_lastpagesample'),(131,'Can change lastpagesample',44,'change_lastpagesample'),(132,'Can delete lastpagesample',44,'delete_lastpagesample'),(133,'Can add subscriptiontry',45,'add_subscriptiontry'),(134,'Can change subscriptiontry',45,'change_subscriptiontry'),(135,'Can delete subscriptiontry',45,'delete_subscriptiontry'),(136,'Can add searchview',46,'add_searchview'),(137,'Can change searchview',46,'change_searchview'),(138,'Can delete searchview',46,'delete_searchview'),(139,'Can add bestsellerview',47,'add_bestsellerview'),(140,'Can change bestsellerview',47,'change_bestsellerview'),(141,'Can delete bestsellerview',47,'delete_bestsellerview'),(142,'Can add newreleaseview',48,'add_newreleaseview'),(143,'Can change newreleaseview',48,'change_newreleaseview'),(144,'Can delete newreleaseview',48,'delete_newreleaseview'),(145,'Can add rateduser',49,'add_rateduser'),(146,'Can change rateduser',49,'change_rateduser'),(147,'Can delete rateduser',49,'delete_rateduser'),(148,'Can add detailview',50,'add_detailview'),(149,'Can change detailview',50,'change_detailview'),(150,'Can delete detailview',50,'delete_detailview'),(151,'Can add bestseller',51,'add_bestseller'),(152,'Can change bestseller',51,'change_bestseller'),(153,'Can delete bestseller',51,'delete_bestseller'),(154,'Can add readview',52,'add_readview'),(155,'Can change readview',52,'change_readview'),(156,'Can delete readview',52,'delete_readview'),(157,'Can add recommendedbooks',53,'add_recommendedbooks'),(158,'Can change recommendedbooks',53,'change_recommendedbooks'),(159,'Can delete recommendedbooks',53,'delete_recommendedbooks'),(160,'Can add buyentry',54,'add_buyentry'),(161,'Can change buyentry',54,'change_buyentry'),(162,'Can delete buyentry',54,'delete_buyentry'),(163,'Can add facebookid',55,'add_facebookid'),(164,'Can change facebookid',55,'change_facebookid'),(165,'Can delete facebookid',55,'delete_facebookid');
/*!40000 ALTER TABLE `auth_permission` ENABLE KEYS */;
UNLOCK TABLES;

--
-- Table structure for table `auth_user`
--

DROP TABLE IF EXISTS `auth_user`;
/*!40101 SET @saved_cs_client     = @@character_set_client */;
/*!40101 SET character_set_client = utf8 */;
CREATE TABLE `auth_user` (
  `id` int(11) NOT NULL AUTO_INCREMENT,
  `password` varchar(128) NOT NULL,
  `last_login` datetime(6) DEFAULT NULL,
  `is_superuser` tinyint(1) NOT NULL,
  `username` varchar(150) NOT NULL,
  `first_name` varchar(30) NOT NULL,
  `last_name` varchar(150) NOT NULL,
  `email` varchar(254) NOT NULL,
  `is_staff` tinyint(1) NOT NULL,
  `is_active` tinyint(1) NOT NULL,
  `date_joined` datetime(6) NOT NULL,
  PRIMARY KEY (`id`),
  UNIQUE KEY `username` (`username`)
) ENGINE=InnoDB AUTO_INCREMENT=71 DEFAULT CHARSET=utf8;
/*!40101 SET character_set_client = @saved_cs_client */;

--
-- Dumping data for table `auth_user`
--

LOCK TABLES `auth_user` WRITE;
/*!40000 ALTER TABLE `auth_user` DISABLE KEYS */;
INSERT INTO `auth_user` VALUES (1,'bcrypt_sha256$$2b$12$hnD0NH19xgGME0Q137hySOvX0nhG.cHYkJKmPZmznYBNZgya.MvsG','2018-05-04 06:29:47.000000',1,'sharatsawhney','','','sharatsawhney@gmail.com',1,1,'2018-03-14 07:34:03.000000'),(3,'bcrypt_sha256$$2b$12$yd0IVXTiTOD5NnzC0p1pNObf/8erfRuOUhbk7Mlsac13nD5dyLeYK',NULL,0,'sagarsharma','','','sagarsharma@gmail.com',0,1,'2018-03-17 12:23:41.432609'),(23,'bcrypt_sha256$$2b$12$p34TOI1Qvrk2dkhz8nIXm.M0T.v3y73meamVg0nG.RIcyrccY2oRe','2019-01-17 16:07:36.848097',1,'sharat','','','sharatsawhneyy@gmail.com',1,1,'2018-05-04 05:01:09.084331'),(41,'bcrypt_sha256$$2b$12$j..BjB8PFnuYtFodeYaFIemowofWFvbGoX0pVpA7Q/HnciQytJmma',NULL,0,'trialuser','Trial','User','trialuser@gmail.com',0,1,'2018-08-20 16:02:51.000000'),(54,'bcrypt_sha256$$2b$12$N5NDvlCuFuEmTgdQy.npOeiQlMWsfOxgwwQ6HzwBXFwBU8FxhiOEW','2019-01-13 07:47:01.682574',0,'vivek.mylife4u@gmail.com','','','vivek.mylife4u@gmail.com',0,1,'2018-12-02 03:40:44.000000'),(55,'bcrypt_sha256$$2b$12$qGUwnjAGv2hINvITtFRUOe9ckl9ETmtZt3MNjkTTPdOSxscf3iKza','2019-01-16 16:25:07.424403',0,'TrialPublisher','','','sawhneysharat@gmail.com',0,1,'2018-12-17 10:30:21.000000'),(56,'bcrypt_sha256$$2b$12$bskIboNVozKh0SRqNsKbpO2tJS34Q7K8Q0YTDEK0dJ9l4lCFpnSOi','2018-12-20 14:10:35.279563',0,'create@gmail.com','','','create@gmail.com',0,1,'2018-12-20 14:10:00.000000'),(57,'bcrypt_sha256$$2b$12$egR/ljsDiSzr6x9oubN8xOjrRqGcTiPee92li3DfrGYesDGT9ALJ.',NULL,0,'sid','','','sidmote1@gmail.com',0,0,'2019-01-06 08:50:13.600386'),(58,'bcrypt_sha256$$2b$12$ttEhJRr4CV2heJoT/fpAWuwUYE4viPk5V/gBS79Y0INdwxOPwBITu','2019-01-13 05:40:51.210850',0,'Rahul','','','rahulapril1397@gmail.com',0,1,'2019-01-09 14:58:18.000000'),(59,'bcrypt_sha256$$2b$12$EfuA4JPB7lqmigSzVy7mP.zIRGQJ/9/lvIYkoLb59hyHE3gSzT.O6',NULL,0,'singhsama08@gmail.com','','','singhsama08@gmail.com',0,0,'2019-01-11 20:47:34.082895'),(60,'bcrypt_sha256$$2b$12$V2RnygpV9Oty7MzWgmKV5u8OQldJo9GKUJYy7pvKcnkYee289fsrO','2019-01-12 07:40:44.865477',0,'onlyashish9001@gmail.com','','','onlyashish9001@gmail.com',0,1,'2019-01-12 06:58:17.114596'),(61,'bcrypt_sha256$$2b$12$AqJOkYrUEBgrGy1BFyrYOO2qnFfg1e1je3iAbP30wou/KeCMMHtqy',NULL,0,'as900','','','as900',0,0,'2019-01-12 06:59:06.896119'),(62,'bcrypt_sha256$$2b$12$d94PCgnWkWe6sNk5osPFDeXypJWhbv.fqywkda9MJquJEnjcnyXIC',NULL,0,'yashkabraiitr@gmail.com','','','yashkabraiitr@gmail.com',0,0,'2019-01-13 10:29:17.357410'),(63,'bcrypt_sha256$$2b$12$iLK7FiRuLAwZfpAkYmZe7ugD6UJFFFKvcjb6JioLuMScbVFtRdBgm','2019-01-13 12:43:17.705812',0,'chitresh.matlani@gmail.com','','','chitresh.matlani@gmail.com',0,1,'2019-01-13 12:38:34.186980'),(64,'bcrypt_sha256$$2b$12$r07.RfQQzRcCkiMpxcZhieJ2hTRQUcCaAQ0sBBYoBA/IvvREbyFHK','2019-01-13 13:22:33.000000',0,'jatinaggarwal2106@gmail.com','','','jatinaggarwal2106@gmail.com',0,1,'2019-01-13 13:19:46.000000'),(65,'bcrypt_sha256$$2b$12$pruN4eaiQTtnC68jR2LYo.ExeCicf/o6XYMNG0i/1UMak8nwstGC6','2019-01-15 02:27:34.958449',0,'sumitroy600@gmail.com','','','sumitroy600@gmail.com',0,0,'2019-01-15 02:23:54.437353'),(66,'bcrypt_sha256$$2b$12$0b3NB/6jCEJgx.LIt7mNY.1AKPVRXRYcjc5NttzD2C9aKYgKs6xmq','2019-01-16 16:26:17.588443',0,'SHARAT SAWHNEY','','','ssawhney@ce.iitr.ac.in',0,1,'2019-01-16 12:25:22.666274'),(67,'bcrypt_sha256$$2b$12$oAdbfASM8gnSyH28vvEHPOZZksOnFxWnX3sS9d2sdd5BXQYzaVOIe','2019-01-17 16:33:38.622901',0,'amarkumarroy02@gmail.com','','','amarkumarroy02@gmail.com',0,1,'2019-01-17 16:19:56.633754'),(68,'bcrypt_sha256$$2b$12$LgOBucqqr36FTd4JLLX1o.AmHiWZ3MCoGvUphjOjycabaNM.0bJBa','2019-01-17 17:09:27.867225',0,'shivam garg','','','techentreshivam@gmail.com',0,1,'2019-01-17 17:09:27.432671'),(69,'bcrypt_sha256$$2b$12$w2G6rcaKGA5yti3YKXuep.abwxguwB9AcQofmOXc.0w4COaCZF8FS',NULL,0,'akshatg215@gmail.com','','','akshatg215@gmail.com',0,0,'2019-01-18 06:23:25.352748'),(70,'bcrypt_sha256$$2b$12$B8NPEYmivKF13vZEfWxedey3mGhGP1pLn70Dy4KXnAVhD4TW0hAPG','2019-01-18 06:29:40.994262',0,'akshatgbindal@gmail.com','','','akshatgbindal@gmail.com',0,1,'2019-01-18 06:23:43.782750');
/*!40000 ALTER TABLE `auth_user` ENABLE KEYS */;
UNLOCK TABLES;

--
-- Table structure for table `auth_user_groups`
--

DROP TABLE IF EXISTS `auth_user_groups`;
/*!40101 SET @saved_cs_client     = @@character_set_client */;
/*!40101 SET character_set_client = utf8 */;
CREATE TABLE `auth_user_groups` (
  `id` int(11) NOT NULL AUTO_INCREMENT,
  `user_id` int(11) NOT NULL,
  `group_id` int(11) NOT NULL,
  PRIMARY KEY (`id`),
  UNIQUE KEY `auth_user_groups_user_id_group_id_94350c0c_uniq` (`user_id`,`group_id`),
  KEY `auth_user_groups_group_id_97559544_fk_auth_group_id` (`group_id`),
  CONSTRAINT `auth_user_groups_group_id_97559544_fk_auth_group_id` FOREIGN KEY (`group_id`) REFERENCES `auth_group` (`id`),
  CONSTRAINT `auth_user_groups_user_id_6a12ed8b_fk_auth_user_id` FOREIGN KEY (`user_id`) REFERENCES `auth_user` (`id`)
) ENGINE=InnoDB DEFAULT CHARSET=utf8;
/*!40101 SET character_set_client = @saved_cs_client */;

--
-- Dumping data for table `auth_user_groups`
--

LOCK TABLES `auth_user_groups` WRITE;
/*!40000 ALTER TABLE `auth_user_groups` DISABLE KEYS */;
/*!40000 ALTER TABLE `auth_user_groups` ENABLE KEYS */;
UNLOCK TABLES;

--
-- Table structure for table `auth_user_user_permissions`
--

DROP TABLE IF EXISTS `auth_user_user_permissions`;
/*!40101 SET @saved_cs_client     = @@character_set_client */;
/*!40101 SET character_set_client = utf8 */;
CREATE TABLE `auth_user_user_permissions` (
  `id` int(11) NOT NULL AUTO_INCREMENT,
  `user_id` int(11) NOT NULL,
  `permission_id` int(11) NOT NULL,
  PRIMARY KEY (`id`),
  UNIQUE KEY `auth_user_user_permissions_user_id_permission_id_14a6b632_uniq` (`user_id`,`permission_id`),
  KEY `auth_user_user_permi_permission_id_1fbb5f2c_fk_auth_perm` (`permission_id`),
  CONSTRAINT `auth_user_user_permi_permission_id_1fbb5f2c_fk_auth_perm` FOREIGN KEY (`permission_id`) REFERENCES `auth_permission` (`id`),
  CONSTRAINT `auth_user_user_permissions_user_id_a95ead1b_fk_auth_user_id` FOREIGN KEY (`user_id`) REFERENCES `auth_user` (`id`)
) ENGINE=InnoDB DEFAULT CHARSET=utf8;
/*!40101 SET character_set_client = @saved_cs_client */;

--
-- Dumping data for table `auth_user_user_permissions`
--

LOCK TABLES `auth_user_user_permissions` WRITE;
/*!40000 ALTER TABLE `auth_user_user_permissions` DISABLE KEYS */;
/*!40000 ALTER TABLE `auth_user_user_permissions` ENABLE KEYS */;
UNLOCK TABLES;

--
-- Table structure for table `django_admin_log`
--

DROP TABLE IF EXISTS `django_admin_log`;
/*!40101 SET @saved_cs_client     = @@character_set_client */;
/*!40101 SET character_set_client = utf8 */;
CREATE TABLE `django_admin_log` (
  `id` int(11) NOT NULL AUTO_INCREMENT,
  `action_time` datetime(6) NOT NULL,
  `object_id` longtext,
  `object_repr` varchar(200) NOT NULL,
  `action_flag` smallint(5) unsigned NOT NULL,
  `change_message` longtext NOT NULL,
  `content_type_id` int(11) DEFAULT NULL,
  `user_id` int(11) NOT NULL,
  PRIMARY KEY (`id`),
  KEY `django_admin_log_content_type_id_c4bce8eb_fk_django_co` (`content_type_id`),
  KEY `django_admin_log_user_id_c564eba6_fk_auth_user_id` (`user_id`),
  CONSTRAINT `django_admin_log_content_type_id_c4bce8eb_fk_django_co` FOREIGN KEY (`content_type_id`) REFERENCES `django_content_type` (`id`),
  CONSTRAINT `django_admin_log_user_id_c564eba6_fk_auth_user_id` FOREIGN KEY (`user_id`) REFERENCES `auth_user` (`id`)
) ENGINE=InnoDB AUTO_INCREMENT=1595 DEFAULT CHARSET=utf8;
/*!40101 SET character_set_client = @saved_cs_client */;

--
-- Dumping data for table `django_admin_log`
--

LOCK TABLES `django_admin_log` WRITE;
/*!40000 ALTER TABLE `django_admin_log` DISABLE KEYS */;
INSERT INTO `django_admin_log` VALUES (1,'2018-03-17 06:54:20.752008','1','James',1,'[{\"added\": {}}]',7,1),(2,'2018-03-17 06:54:29.148380','1','Unesco',1,'[{\"added\": {}}]',8,1),(3,'2018-03-17 10:15:28.760265','1','Textbooks on hydrology',1,'[{\"added\": {}}]',9,1),(4,'2018-03-17 10:36:07.185387','2','Textbooks on hydrology',1,'[{\"added\": {}}]',9,1),(5,'2018-03-17 10:55:09.310032','1','Textbooks on hydrology',3,'',9,1),(6,'2018-03-17 11:01:06.097297','3','Textbooks on hydrology',1,'[{\"added\": {}}]',9,1),(7,'2018-03-17 11:01:27.389475','3','Textbooks on hydrology',3,'',9,1),(8,'2018-03-17 11:01:50.734288','4','Textbooks on hydrology',1,'[{\"added\": {}}]',9,1),(9,'2018-03-17 11:01:59.907745','4','Textbooks on hydrology',3,'',9,1),(10,'2018-03-17 11:02:19.882270','5','Textbooks on hydrology',1,'[{\"added\": {}}]',9,1),(11,'2018-03-17 11:23:38.014554','1','Textbooks on hydrology',3,'',9,1),(12,'2018-03-17 11:28:23.021223','2','Unesco',1,'[{\"added\": {}}]',8,1),(13,'2018-03-17 11:28:26.725549','2','James',1,'[{\"added\": {}}]',7,1),(14,'2018-03-17 11:29:53.987488','6','Textbooks on hydrology',1,'[{\"added\": {}}]',9,1),(15,'2018-03-17 13:21:44.495900','1','sagarsharma',1,'[{\"added\": {}}]',11,1),(16,'2018-03-18 16:13:38.021169','4','tarun',3,'',3,1),(17,'2018-03-19 06:23:55.008145','6','sid',3,'',3,1),(18,'2018-03-19 06:25:27.857265','8','sid',3,'',3,1),(19,'2018-03-19 06:38:40.061248','9','sid',3,'',3,1),(20,'2018-03-19 06:43:01.673607','10','sid',3,'',3,1),(21,'2018-03-19 11:49:16.748465','11','sid',3,'',3,1),(22,'2018-03-19 13:24:10.360651','12','sid ',3,'',3,1),(23,'2018-03-19 13:27:14.672310','13','sid',3,'',3,1),(24,'2018-03-19 13:31:49.237006','14','sid',3,'',3,1),(25,'2018-03-19 13:32:27.118545','15','sid',3,'',3,1),(26,'2018-03-19 14:02:22.633331','16','sid',3,'',3,1),(27,'2018-03-19 14:04:03.735550','17','sid',3,'',3,1),(28,'2018-03-19 14:55:21.278303','18','sid',3,'',3,1),(29,'2018-03-19 14:58:56.928049','19','sid',3,'',3,1),(30,'2018-03-19 18:28:45.155035','20','sid',3,'',3,1),(31,'2018-03-19 18:32:08.555121','21','sid',3,'',3,1),(32,'2018-03-20 13:07:05.789854','1','Engineering',1,'[{\"added\": {}}]',13,1),(33,'2018-03-20 13:10:22.197975','2','Textbooks on hydrology',1,'[{\"added\": {}}]',9,1),(34,'2018-03-20 13:23:21.508273','3','Viking Press',1,'[{\"added\": {}}]',8,1),(35,'2018-03-20 13:23:27.896206','3','S.E. Hinton',1,'[{\"added\": {}}]',7,1),(36,'2018-03-20 13:24:32.063045','2','Novels',1,'[{\"added\": {}}]',13,1),(37,'2018-03-20 13:24:47.899181','3','The Outsiders',1,'[{\"added\": {}}]',9,1),(38,'2018-03-20 13:42:18.012621','4','G. Norman Lippert',1,'[{\"added\": {}}]',8,1),(39,'2018-03-20 13:42:19.568289','4','G. Norman Lippert',1,'[{\"added\": {}}]',7,1),(40,'2018-03-20 13:43:08.074159','4','James Potter and the Hall of Elders\' Crossing',1,'[{\"added\": {}}]',9,1),(41,'2018-03-20 13:46:27.461897','5','Wish Publishing',1,'[{\"added\": {}}]',8,1),(42,'2018-03-20 13:46:29.393197','5','Santonu Kumar Dhar',1,'[{\"added\": {}}]',7,1),(43,'2018-03-20 13:47:11.795679','3','Motivational',1,'[{\"added\": {}}]',13,1),(44,'2018-03-20 13:47:24.922902','5','The Effort',1,'[{\"added\": {}}]',9,1),(45,'2018-03-20 15:38:35.903641','3','Self-Development',2,'[{\"changed\": {\"fields\": [\"cat\"]}}]',13,1),(46,'2018-03-20 15:39:01.305487','4','Medical',1,'[{\"added\": {}}]',13,1),(47,'2018-03-20 15:39:07.641817','5','Stories',1,'[{\"added\": {}}]',13,1),(48,'2018-03-20 16:37:22.215738','2','Textbooks on hydrology',2,'[]',9,1),(49,'2018-03-21 04:35:28.626589','5','The Effort',2,'[{\"changed\": {\"fields\": [\"dayopt\"]}}]',9,1),(50,'2018-03-21 04:35:43.919112','4','James Potter and the Hall of Elders\' Crossing',2,'[{\"changed\": {\"fields\": [\"dayopt\"]}}]',9,1),(51,'2018-03-21 04:35:53.172951','3','The Outsiders',2,'[{\"changed\": {\"fields\": [\"dayopt\"]}}]',9,1),(52,'2018-03-21 04:36:09.555271','2','Textbooks on hydrology',2,'[{\"changed\": {\"fields\": [\"dayopt\"]}}]',9,1),(53,'2018-03-21 10:57:20.779217','3','Textbooks on hydrology',3,'',14,1),(54,'2018-03-21 11:03:13.253871','4','Textbooks on hydrology',3,'',14,1),(55,'2018-03-21 11:04:38.852114','5','Textbooks on hydrology',3,'',14,1),(56,'2018-03-21 11:10:59.260946','6','Textbooks on hydrology',3,'',14,1),(57,'2018-03-21 11:10:59.419518','2','Textbooks on hydrology',3,'',14,1),(58,'2018-03-21 11:22:51.444836','7','Textbooks on hydrology',3,'',14,1),(59,'2018-03-21 15:49:32.807920','1','Wishlist object (1)',1,'[{\"added\": {}}]',15,1),(60,'2018-03-21 15:50:28.276087','1','James Potter and the Hall of Elders\' Crossing',3,'',15,1),(61,'2018-03-21 15:51:10.529220','2','James Potter and the Hall of Elders\' Crossing',1,'[{\"added\": {}}]',15,1),(62,'2018-03-21 16:08:00.033515','3','James Potter and the Hall of Elders\' Crossing',1,'[{\"added\": {}}]',15,1),(63,'2018-03-21 16:16:01.292057','4','James Potter and the Hall of Elders\' Crossing',1,'[{\"added\": {}}]',15,1),(64,'2018-03-28 14:12:49.795503','1','b22eb34537f6f6753da6e0dc05713be0',1,'[{\"added\": {}}]',17,1),(65,'2018-04-01 08:58:00.957674','5','The Effort',2,'[{\"changed\": {\"fields\": [\"deal\"]}}]',9,1),(66,'2018-04-01 08:58:18.400591','4','James Potter and the Hall of Elders\' Crossing',2,'[{\"changed\": {\"fields\": [\"deal\"]}}]',9,1),(67,'2018-04-01 08:58:23.080519','3','The Outsiders',2,'[{\"changed\": {\"fields\": [\"deal\"]}}]',9,1),(68,'2018-04-01 08:58:27.525636','2','Textbooks on hydrology',2,'[{\"changed\": {\"fields\": [\"deal\"]}}]',9,1),(69,'2018-04-01 11:43:49.599455','3','2018-04-01 11:43:46+00:00',1,'[{\"added\": {}}]',16,1),(70,'2018-04-01 11:51:02.125995','3','2018-04-01 11:43:46+00:00',2,'[]',16,1),(71,'2018-04-01 11:51:08.905771','3','2018-04-01 11:43:46+00:00',3,'',16,1),(72,'2018-04-01 13:30:32.712957','6','2018-06-01 11:55:03+00:00',2,'[{\"changed\": {\"fields\": [\"itime\"]}}]',16,1),(73,'2018-04-01 13:30:40.760877','6','2018-02-01 11:55:03+00:00',2,'[{\"changed\": {\"fields\": [\"itime\"]}}]',16,1),(74,'2018-04-01 13:31:10.067176','6','2018-03-01 11:55:03+00:00',2,'[{\"changed\": {\"fields\": [\"itime\"]}}]',16,1),(75,'2018-04-01 13:31:48.583065','6','2018-03-02 11:55:03+00:00',2,'[{\"changed\": {\"fields\": [\"itime\"]}}]',16,1),(76,'2018-04-01 13:32:14.926595','6','2018-03-01 13:55:03+00:00',2,'[{\"changed\": {\"fields\": [\"itime\"]}}]',16,1),(77,'2018-04-01 13:32:30.640615','6','2018-03-01 12:55:03+00:00',2,'[{\"changed\": {\"fields\": [\"itime\"]}}]',16,1),(78,'2018-04-01 13:33:15.869761','6','2018-03-01 13:55:03+00:00',2,'[{\"changed\": {\"fields\": [\"itime\"]}}]',16,1),(79,'2018-04-01 13:33:51.331728','6','2018-03-01 12:55:03+00:00',2,'[{\"changed\": {\"fields\": [\"itime\"]}}]',16,1),(80,'2018-04-07 18:36:56.015516','1','',3,'',18,1),(81,'2018-04-07 18:47:49.577939','3','Topic',3,'',18,1),(82,'2018-04-07 18:47:49.851656','2','',3,'',18,1),(83,'2018-04-07 18:49:26.121607','4','Topic',3,'',18,1),(84,'2018-04-09 06:58:42.060034','1','1',3,'',19,1),(85,'2018-05-09 09:49:00.352523','6','Textbooks on hydrology',3,'',14,23),(86,'2018-05-09 09:49:16.996366','7','Textbooks on hydrology',1,'[{\"added\": {}}]',14,23),(87,'2018-05-09 12:13:53.659419','1','The Outsiders',3,'',15,23),(88,'2018-05-09 12:14:02.124689','2','The Outsiders',1,'[{\"added\": {}}]',15,23),(89,'2018-05-09 12:14:17.746183','3','James Potter and the Hall of Elders\' Crossing',1,'[{\"added\": {}}]',15,23),(90,'2018-05-09 13:01:04.868126','4','The Outsiders',1,'[{\"added\": {}}]',15,23),(91,'2018-05-09 13:01:18.843359','5','The Effort',1,'[{\"added\": {}}]',15,23),(92,'2018-05-09 13:01:24.887378','6','Textbooks on hydrology',1,'[{\"added\": {}}]',15,23),(93,'2018-05-09 13:01:32.793557','7','Textbooks on hydrology',1,'[{\"added\": {}}]',15,23),(94,'2018-05-09 13:01:39.193706','8','James Potter and the Hall of Elders\' Crossing',1,'[{\"added\": {}}]',15,23),(95,'2018-05-09 13:01:47.059826','9','The Outsiders',1,'[{\"added\": {}}]',15,23),(96,'2018-05-09 13:29:35.172348','6','2018-03-01 12:55:03+00:00',3,'',16,23),(97,'2018-05-09 13:29:35.270158','5','2018-04-01 11:55:03.597988+00:00',3,'',16,23),(98,'2018-05-09 13:29:35.359057','4','2018-04-01 11:55:03.453555+00:00',3,'',16,23),(99,'2018-05-09 13:31:34.573109','7','2018-05-09 13:31:17+00:00',1,'[{\"added\": {}}]',16,23),(100,'2018-05-09 13:37:12.802827','8','2018-05-09 13:36:59+00:00',1,'[{\"added\": {}}]',16,23),(101,'2018-05-09 15:29:55.981484','7','2018-05-09 13:31:17+00:00',3,'',16,23),(102,'2018-05-09 15:30:57.235210','9','2018-05-09 15:30:49+00:00',1,'[{\"added\": {}}]',16,23),(103,'2018-05-10 09:38:06.444748','3','sagarsharma',3,'',3,23),(104,'2018-05-10 09:38:06.505626','2','sahil',3,'',3,23),(105,'2018-05-10 09:38:06.560916','1','sharatsawhney',3,'',3,23),(106,'2018-05-10 09:38:06.605373','22','sid',3,'',3,23),(107,'2018-05-10 09:38:06.638770','5','tarun',3,'',3,23),(108,'2018-05-10 09:38:21.619560','22','sid',3,'',3,23),(109,'2018-05-10 09:38:27.144821','5','tarun',3,'',3,23),(110,'2018-05-10 09:38:33.931395','2','sahil',3,'',3,23),(111,'2018-05-10 09:38:39.240978','3','sagarsharma',3,'',3,23),(112,'2018-05-10 09:38:51.673613','1','sharatsawhney',3,'',3,23),(113,'2018-05-10 09:41:59.818122','24','sahil',3,'',3,23),(114,'2018-05-10 09:42:04.984802','25','sid',3,'',3,23),(115,'2018-05-10 09:53:21.114435','26','sid',3,'',3,23),(116,'2018-05-10 09:58:00.515300','32','sid',3,'',3,23),(117,'2018-05-10 10:46:08.085914','33','sid',3,'',3,23),(118,'2018-05-10 11:14:33.795304','10','Textbooks on hydrology',1,'[{\"added\": {}}]',15,23),(119,'2018-05-10 11:15:04.432189','11','The Effort',1,'[{\"added\": {}}]',15,23),(120,'2018-05-10 12:34:08.287989','18','Textbooks on hydrology',1,'[{\"added\": {}}]',14,23),(121,'2018-05-10 12:46:46.211379','18','Textbooks on hydrology',2,'[{\"changed\": {\"fields\": [\"buyrent\"]}}]',14,23),(122,'2018-05-10 14:02:40.421038','4','James Potter and the Hall of Elders\' Crossing',2,'[{\"changed\": {\"fields\": [\"price\"]}}]',9,23),(123,'2018-05-10 14:02:49.874136','5','The Effort',2,'[{\"changed\": {\"fields\": [\"price\"]}}]',9,23),(124,'2018-05-10 14:02:54.212161','3','The Outsiders',2,'[{\"changed\": {\"fields\": [\"price\"]}}]',9,23),(125,'2018-05-10 14:02:58.891606','2','Textbooks on hydrology',2,'[{\"changed\": {\"fields\": [\"price\"]}}]',9,23),(126,'2018-05-10 14:24:07.033464','5','The Effort',2,'[{\"changed\": {\"fields\": [\"description\"]}}]',9,23),(127,'2018-05-10 14:26:52.445433','5','The Effort',2,'[{\"changed\": {\"fields\": [\"description\"]}}]',9,23),(128,'2018-05-10 16:51:43.543158','6','Biographies',1,'[{\"added\": {}}]',13,23),(129,'2018-05-10 17:23:09.359558','9','2018-05-09 15:30:49+00:00',2,'[{\"changed\": {\"fields\": [\"duration\"]}}]',16,23),(130,'2018-05-10 17:23:25.573429','9','2018-05-04 15:30:49+00:00',2,'[{\"changed\": {\"fields\": [\"itime\"]}}]',16,23),(131,'2018-05-10 17:24:53.735324','9','2018-05-05 15:30:49+00:00',2,'[{\"changed\": {\"fields\": [\"itime\"]}}]',16,23),(132,'2018-05-10 17:25:02.612033','9','2018-05-06 15:30:49+00:00',2,'[{\"changed\": {\"fields\": [\"itime\"]}}]',16,23),(133,'2018-05-10 17:25:26.032477','9','2018-05-07 15:30:49+00:00',2,'[{\"changed\": {\"fields\": [\"itime\"]}}]',16,23),(134,'2018-05-10 17:25:58.331844','9','2018-05-07 16:30:49+00:00',2,'[{\"changed\": {\"fields\": [\"itime\"]}}]',16,23),(135,'2018-05-10 17:26:18.199015','9','2018-05-07 17:30:49+00:00',2,'[{\"changed\": {\"fields\": [\"itime\"]}}]',16,23),(136,'2018-05-10 17:27:22.623980','8','2018-05-09 13:36:59+00:00',2,'[{\"changed\": {\"fields\": [\"duration\"]}}]',16,23),(137,'2018-05-10 17:27:27.537358','9','2018-05-07 17:30:49+00:00',2,'[{\"changed\": {\"fields\": [\"duration\"]}}]',16,23),(138,'2018-05-11 13:21:06.746062','10','2018-05-11 13:20:43+00:00',1,'[{\"added\": {}}]',16,23),(139,'2018-05-11 13:29:13.397950','9','2018-05-07 17:30:49+00:00',2,'[{\"changed\": {\"fields\": [\"active\"]}}]',16,23),(140,'2018-05-11 13:29:17.329715','9','2018-05-07 17:30:49+00:00',2,'[{\"changed\": {\"fields\": [\"active\"]}}]',16,23),(141,'2018-05-11 13:29:41.260167','9','2018-05-07 17:30:49+00:00',2,'[{\"changed\": {\"fields\": [\"duration\"]}}]',16,23),(142,'2018-05-11 14:00:17.065478','1','sagarsharma',3,'',11,23),(143,'2018-05-11 14:01:52.715926','2','sid',1,'[{\"added\": {}}]',11,23),(144,'2018-05-11 15:57:08.451726','3','',3,'',21,23),(145,'2018-05-11 16:00:08.727416','4','media/5.pdf',3,'',21,23),(146,'2018-05-11 16:06:25.347453','5','media/5.pdf',3,'',21,23),(147,'2018-05-11 16:08:40.907026','7','media/5.pdf',3,'',21,23),(148,'2018-05-11 16:08:41.013525','6','media/2.pdf',3,'',21,23),(149,'2018-05-11 16:08:41.076391','2','media/3_KjhuqYT.pdf',3,'',21,23),(150,'2018-05-11 16:08:41.143007','1','media/3.pdf',3,'',21,23),(151,'2018-05-11 16:11:09.265001','8','media/reader.tar.gz',3,'',21,23),(152,'2018-05-12 16:00:54.262030','16','New note',2,'[{\"changed\": {\"fields\": [\"user\"]}}]',18,23),(153,'2018-05-12 16:00:54.396492','16','New note',2,'[]',18,23),(154,'2018-05-12 16:01:37.532903','16','New note',2,'[]',18,23),(155,'2018-05-12 16:18:25.228467','4','1',3,'',19,23),(156,'2018-05-12 16:44:34.420664','6','14',3,'',19,23),(157,'2018-05-12 16:51:58.547274','3','18',3,'',19,23),(158,'2018-05-12 16:51:58.637085','2','20',3,'',19,23),(159,'2018-05-12 16:51:58.682630','3','18',3,'',19,23),(160,'2018-05-12 16:51:58.783600','2','20',3,'',19,23),(161,'2018-05-12 21:22:18.376421','11','2018-05-12 21:21:59+00:00',1,'[{\"added\": {}}]',16,23),(162,'2018-05-13 11:58:49.709236','5','The Effort',2,'[{\"changed\": {\"fields\": [\"priority\"]}}]',9,23),(163,'2018-05-13 11:58:56.917522','4','James Potter and the Hall of Elders\' Crossing',2,'[{\"changed\": {\"fields\": [\"priority\"]}}]',9,23),(164,'2018-05-13 11:59:16.558997','3','The Outsiders',2,'[{\"changed\": {\"fields\": [\"priority\"]}}]',9,23),(165,'2018-05-13 22:40:48.996593','6','Test Publisher',3,'',8,23),(166,'2018-05-14 09:07:38.451820','9','Test2',2,'[{\"changed\": {\"fields\": [\"dayopt\"]}}]',9,23),(167,'2018-05-14 09:17:52.704046','11','Test4',3,'',9,23),(168,'2018-05-14 09:17:52.771624','10','Test3',3,'',9,23),(169,'2018-05-14 09:17:52.812967','9','Test2',3,'',9,23),(170,'2018-05-14 09:17:52.857470','8','Test',3,'',9,23),(171,'2018-05-14 09:18:15.684507','9','Test4 Author',3,'',7,23),(172,'2018-05-14 09:18:15.751615','8','Test3 Author',3,'',7,23),(173,'2018-05-14 09:18:15.794588','7','Test2 Author',3,'',7,23),(174,'2018-05-14 09:18:15.839032','6','Test Author',3,'',7,23),(175,'2018-05-14 09:18:25.923593','9','Test4 Publisher',3,'',8,23),(176,'2018-05-14 09:18:25.974608','8','Test3 Publisher',3,'',8,23),(177,'2018-05-14 09:18:26.147682','7','Test2 Publisher',3,'',8,23),(178,'2018-05-14 09:18:26.192537','6','Test Publisher',3,'',8,23),(179,'2018-05-14 10:52:04.502710','13','Test2',3,'',9,23),(180,'2018-05-14 10:52:04.561974','12','Test',3,'',9,23),(181,'2018-05-14 10:52:16.891563','11','Test2 Author',3,'',7,23),(182,'2018-05-14 10:52:16.980897','10','Test Author',3,'',7,23),(183,'2018-05-14 10:52:27.048330','11','Test2 Publisher',3,'',8,23),(184,'2018-05-14 10:52:27.114568','10','Test Publisher',3,'',8,23),(185,'2018-05-14 11:02:14.149401','14','Test',3,'',9,23),(186,'2018-05-14 11:02:21.790144','12','Test Author',3,'',7,23),(187,'2018-05-14 11:02:32.222777','12','Test Publisher',3,'',8,23),(188,'2018-06-02 10:15:51.727219','37','sawhney',3,'',3,23),(189,'2018-08-19 09:26:38.883895','34','sid',3,'',3,23),(190,'2018-08-19 09:30:21.678486','34','sid',3,'',3,23),(191,'2018-08-19 09:30:21.844266','34','sid',3,'',3,23),(192,'2018-08-19 09:34:34.766133','34','sid',3,'',3,23),(193,'2018-08-19 09:35:35.002812','34','sid',3,'',3,23),(194,'2018-08-19 09:40:46.704907','34','sid',3,'',3,23),(195,'2018-08-19 09:42:19.130430','38','shararat',3,'',3,23),(196,'2018-08-19 10:01:32.230658','1','sharatsawhney',3,'',3,23),(197,'2018-08-19 10:02:17.362815','1','sharatsawhney',2,'[{\"changed\": {\"fields\": [\"email\"]}}]',3,23),(198,'2018-08-19 20:23:11.098196','56','4',3,'',19,23),(199,'2018-08-20 09:24:13.626308','60','Dhu',3,'',18,23),(200,'2018-08-20 09:24:13.765929','59','Hulchul',3,'',18,23),(201,'2018-08-20 09:24:13.812654','58','Dhoom',3,'',18,23),(202,'2018-08-20 09:24:13.857813','57','Dust',3,'',18,23),(203,'2018-08-20 09:24:13.902379','56','High',3,'',18,23),(204,'2018-08-20 09:24:13.946745','55','Highlighter',3,'',18,23),(205,'2018-08-20 09:24:14.002584','54','newest note',3,'',18,23),(206,'2018-08-20 09:24:14.046805','53','newest note',3,'',18,23),(207,'2018-08-20 09:24:14.091306','52','newest note',3,'',18,23),(208,'2018-08-20 09:24:14.135744','51','hella',3,'',18,23),(209,'2018-08-20 09:24:14.180229','50','Extra Note',3,'',18,23),(210,'2018-08-20 09:24:14.224720','49','NEW NOTE',3,'',18,23),(211,'2018-08-20 09:24:14.269013','48','Drytack',3,'',18,23),(212,'2018-08-20 09:24:14.313287','47','',3,'',18,23),(213,'2018-08-20 09:24:14.357895','46','esd',3,'',18,23),(214,'2018-08-20 09:24:14.402542','45','eg',3,'',18,23),(215,'2018-08-20 09:24:14.447355','44','ef',3,'',18,23),(216,'2018-08-20 09:24:14.569400','43','drf',3,'',18,23),(217,'2018-08-20 09:24:14.625059','42','dfg',3,'',18,23),(218,'2018-08-20 09:24:14.669561','41','frfr',3,'',18,23),(219,'2018-08-20 09:24:14.713715','40','rfrfr',3,'',18,23),(220,'2018-08-20 09:24:14.758232','39','ff',3,'',18,23),(221,'2018-08-20 09:24:14.803481','38','frf',3,'',18,23),(222,'2018-08-20 09:24:14.858150','37','',3,'',18,23),(223,'2018-08-20 09:24:15.003102','36','frfr',3,'',18,23),(224,'2018-08-20 09:24:15.047686','35','eds',3,'',18,23),(225,'2018-08-20 09:24:15.105261','34','frfr',3,'',18,23),(226,'2018-08-20 09:24:15.160689','33','defg',3,'',18,23),(227,'2018-08-20 09:24:15.216173','32','tri',3,'',18,23),(228,'2018-08-20 09:24:15.271885','31','ed',3,'',18,23),(229,'2018-08-20 09:24:15.327398','30','efvfevefvv',3,'',18,23),(230,'2018-08-20 09:24:15.382950','29','dvfefev',3,'',18,23),(231,'2018-08-20 09:24:15.438502','28','evfevfe',3,'',18,23),(232,'2018-08-20 09:24:15.494182','27','eww',3,'',18,23),(233,'2018-08-20 09:24:15.549713','26','fr3f',3,'',18,23),(234,'2018-08-20 09:24:15.605409','25','dik',3,'',18,23),(235,'2018-08-20 09:24:15.661185','24','dush',3,'',18,23),(236,'2018-08-20 09:24:15.716566','23','wdwfr',3,'',18,23),(237,'2018-08-20 09:24:15.772097','22','fr',3,'',18,23),(238,'2018-08-20 09:24:15.828154','21','wefrf',3,'',18,23),(239,'2018-08-20 09:24:15.883448','20','bla bla',3,'',18,23),(240,'2018-08-20 09:24:15.938989','19','heldi',3,'',18,23),(241,'2018-08-20 09:24:15.994619','18','Tricup',3,'',18,23),(242,'2018-08-20 09:24:16.050207','17','Hoorahh!',3,'',18,23),(243,'2018-08-20 09:24:16.105664','16','New note',3,'',18,23),(244,'2018-08-20 09:24:16.161211','15','Lts',3,'',18,23),(245,'2018-08-20 09:24:16.216848','14','BIdy',3,'',18,23),(246,'2018-08-20 09:24:16.349936','13','Again last',3,'',18,23),(247,'2018-08-20 09:24:16.406026','12','Last',3,'',18,23),(248,'2018-08-20 09:24:16.462024','11','Les',3,'',18,23),(249,'2018-08-20 09:24:16.517108','10','Maths',3,'',18,23),(250,'2018-08-20 09:24:16.572756','9','Science',3,'',18,23),(251,'2018-08-20 09:24:16.628295','8','Pure',3,'',18,23),(252,'2018-08-20 09:24:16.683844','7','GReat',3,'',18,23),(253,'2018-08-20 09:24:16.739454','6','Secy',3,'',18,23),(254,'2018-08-20 09:24:16.783990','5','Topic',3,'',18,23),(255,'2018-08-20 12:06:58.268866','75','fire',3,'',18,23),(256,'2018-08-20 12:06:58.718725','74','des',3,'',18,23),(257,'2018-08-20 12:06:58.774212','73','active',3,'',18,23),(258,'2018-08-20 12:06:58.829753','72','abc',3,'',18,23),(259,'2018-08-20 12:06:58.885252','71','latest',3,'',18,23),(260,'2018-08-20 12:06:59.007855','70','dlight',3,'',18,23),(261,'2018-08-20 12:06:59.063388','69','dell',3,'',18,23),(262,'2018-08-20 12:06:59.118904','68','dist',3,'',18,23),(263,'2018-08-20 12:06:59.174537','67','die',3,'',18,23),(264,'2018-08-20 12:06:59.230511','66','let',3,'',18,23),(265,'2018-08-20 12:06:59.285649','65','ether',3,'',18,23),(266,'2018-08-20 12:06:59.341420','64','other',3,'',18,23),(267,'2018-08-20 12:06:59.396851','63','Eternal',3,'',18,23),(268,'2018-08-20 12:06:59.443148','62','Extra',3,'',18,23),(269,'2018-08-20 12:06:59.487631','61','Fgh',3,'',18,23),(270,'2018-08-20 16:01:48.228406','40','trialuser',1,'[{\"added\": {}}]',3,23),(271,'2018-08-20 16:02:20.602739','40','trialuser',3,'',3,23),(272,'2018-08-20 16:02:51.683760','41','trialuser',1,'[{\"added\": {}}]',3,23),(273,'2018-08-20 16:03:11.895929','41','trialuser',2,'[{\"changed\": {\"fields\": [\"first_name\", \"last_name\", \"email\"]}}]',3,23),(274,'2018-08-20 18:00:02.824012','1','sharat',1,'[{\"added\": {}}]',22,23),(275,'2018-08-20 18:04:57.959852','34','sid',3,'',3,23),(276,'2018-08-20 18:04:58.630886','34','sid',3,'',3,23),(277,'2018-08-20 18:04:58.869211','34','sid',3,'',3,23),(279,'2018-08-20 18:07:26.344036','34','sid',3,'',3,23),(280,'2018-08-20 18:08:03.775285','39','sawhney',3,'',3,23),(281,'2018-08-21 07:17:54.206421','42','Trial Publisher',3,'',3,23),(282,'2018-08-21 07:20:40.231329','43','Trial Publisher',3,'',3,23),(283,'2018-08-21 07:22:35.303892','6','Trial Publisher',3,'',8,23),(284,'2018-08-21 07:22:52.222979','44','Trial Publisher',3,'',3,23),(285,'2018-08-21 07:52:04.742842','7','Trial Publisher',3,'',8,23),(286,'2018-08-21 07:52:16.912346','3','Trial Publisher',3,'',11,23),(287,'2018-08-21 07:52:28.177564','7','Trial Publisher',3,'',8,23),(288,'2018-08-21 07:52:45.422865','45','Trial Publisher',3,'',3,23),(289,'2018-08-21 08:27:42.035287','4','Trial Publisher',3,'',11,23),(290,'2018-08-21 08:27:48.608793','8','Trial Publisher',3,'',8,23),(291,'2018-08-21 08:27:59.308791','46','Trial Publisher',3,'',3,23),(292,'2018-08-21 08:28:49.872572','5','Trial Publisher',3,'',11,23),(293,'2018-08-21 08:28:57.060347','9','Trial Publisher',3,'',8,23),(294,'2018-08-21 08:29:09.688852','47','Trial Publisher',3,'',3,23),(295,'2018-08-21 08:33:17.808051','6','Trial Publisher',3,'',11,23),(296,'2018-08-21 08:33:36.278554','10','Trial Publisher',3,'',8,23),(297,'2018-08-21 08:33:43.457623','48','Trial Publisher',3,'',3,23),(298,'2018-08-21 10:27:30.813838','7','Trial Publisher',3,'',11,23),(299,'2018-08-21 10:27:38.800858','11','Trial Publisher',3,'',8,23),(300,'2018-08-21 10:27:49.101904','49','Trial Publisher',3,'',3,23),(301,'2018-08-21 10:29:33.648688','8','Trial Publisher',3,'',11,23),(302,'2018-08-21 10:29:40.451704','12','Trial Publisher',3,'',8,23),(303,'2018-08-21 10:29:48.850593','50','Trial Publisher',3,'',3,23),(304,'2018-08-21 10:34:27.530686','9','Trial Publisher',3,'',11,23),(305,'2018-08-21 10:34:33.671598','13','Trial Publisher',3,'',8,23),(306,'2018-08-21 10:34:40.079589','51','Trial Publisher',3,'',3,23),(307,'2018-08-21 16:57:27.585217','10','Trial Publisher',3,'',11,23),(308,'2018-08-21 16:57:36.613688','14','Trial Publisher',3,'',8,23),(309,'2018-08-21 16:57:44.387781','52','Trial Publisher',3,'',3,23),(310,'2018-08-21 19:43:20.658673','6','Test book',3,'',9,23),(311,'2018-08-21 19:43:31.752869','6','Test author',3,'',7,23),(312,'2018-08-21 19:50:37.102437','7','Test book',3,'',9,23),(313,'2018-08-21 19:59:38.774635','8','Test book',3,'',9,23),(314,'2018-08-21 20:02:00.323549','9','Test book',3,'',9,23),(315,'2018-08-21 20:04:50.907016','10','Test book',3,'',9,23),(316,'2018-08-21 20:06:39.268398','11','Test book',3,'',9,23),(317,'2018-11-01 10:15:51.713957','12','Test book',3,'',9,23),(318,'2018-11-01 10:15:51.956392','5','The Effort',3,'',9,23),(319,'2018-11-01 10:15:52.045828','4','James Potter and the Hall of Elders\' Crossing',3,'',9,23),(320,'2018-11-01 10:15:52.134944','3','The Outsiders',3,'',9,23),(321,'2018-11-01 10:15:52.234846','2','Textbooks on hydrology',3,'',9,23),(322,'2018-11-01 10:16:12.094884','21','The Effort',3,'',15,23),(323,'2018-11-01 10:16:12.164525','18','James Potter and the Hall of Elders\' Crossing',3,'',15,23),(324,'2018-11-01 10:16:20.592752','23','James Potter and the Hall of Elders\' Crossing',3,'',14,23),(325,'2018-11-01 10:16:20.683080','22','The Effort',3,'',14,23),(326,'2018-11-01 10:16:20.800536','21','The Effort',3,'',14,23),(327,'2018-11-01 10:16:20.844911','18','Textbooks on hydrology',3,'',14,23),(328,'2018-11-01 10:16:41.961970','11','2018-05-12 21:21:59+00:00',3,'',16,23),(329,'2018-11-01 10:16:42.024285','10','2018-05-11 13:20:43+00:00',3,'',16,23),(330,'2018-11-01 10:16:42.065464','9','2018-05-07 17:30:49+00:00',3,'',16,23),(331,'2018-11-01 10:16:42.109451','8','2018-05-09 13:36:59+00:00',3,'',16,23),(332,'2018-11-01 10:16:50.785318','12','Test book',3,'',9,23),(333,'2018-11-01 10:16:50.872820','5','The Effort',3,'',9,23),(334,'2018-11-01 10:16:50.924550','4','James Potter and the Hall of Elders\' Crossing',3,'',9,23),(335,'2018-11-01 10:16:50.979924','3','The Outsiders',3,'',9,23),(336,'2018-11-01 10:16:51.046701','2','Textbooks on hydrology',3,'',9,23),(337,'2018-11-01 10:17:07.762140','209','2',3,'',19,23),(338,'2018-11-01 10:17:07.833388','204','1',3,'',19,23),(339,'2018-11-01 10:17:18.450684','12','Test book',3,'',9,23),(340,'2018-11-01 10:17:18.773036','5','The Effort',3,'',9,23),(341,'2018-11-01 10:17:18.970022','4','James Potter and the Hall of Elders\' Crossing',3,'',9,23),(342,'2018-11-01 10:17:19.191442','3','The Outsiders',3,'',9,23),(343,'2018-11-01 10:17:19.469846','2','Textbooks on hydrology',3,'',9,23),(344,'2018-11-01 10:17:32.217006','15','Trial Publisher',3,'',8,23),(345,'2018-11-01 10:17:32.279123','5','Wish Publishing',3,'',8,23),(346,'2018-11-01 10:17:32.331094','4','G. Norman Lippert',3,'',8,23),(347,'2018-11-01 10:17:32.397444','3','Viking Press',3,'',8,23),(348,'2018-11-01 10:17:32.553661','2','Unesco',3,'',8,23),(349,'2018-11-01 10:17:48.419249','11','Trial Publisher',3,'',11,23),(350,'2018-11-01 10:17:48.511495','2','sid',3,'',11,23),(351,'2018-11-01 10:18:07.336984','11','media/4.pdf',3,'',21,23),(352,'2018-11-01 10:18:07.548451','10','media/5.pdf',3,'',21,23),(353,'2018-11-01 10:18:07.646642','9','media/2.pdf',3,'',21,23),(354,'2018-11-01 10:18:20.327818','14','885f2257fbbe706b89b634874386b8d5',3,'',17,23),(355,'2018-11-01 10:18:20.397398','13','70d2cb795f51908054e494e6ce0ec9b3',3,'',17,23),(356,'2018-11-01 10:18:20.687891','12','604e61cfb59d9f33ed0c59185f2b7151',3,'',17,23),(357,'2018-11-01 10:18:20.794117','11','7f749eb43a0467aaddd9d41d1dd77370',3,'',17,23),(358,'2018-11-01 10:18:20.893921','10','4818e4e360aa807b02aa53a2c9848896',3,'',17,23),(359,'2018-11-01 10:18:20.938483','9','f57bb14b2c7324d9abdcf01e65d07081',3,'',17,23),(360,'2018-11-01 10:18:21.027345','8','8404bff3512a52a7a25770ef6557e512',3,'',17,23),(361,'2018-11-01 10:18:21.072318','7','52e2bbdec2b1e87dc307a1272fe6a75d',3,'',17,23),(362,'2018-11-01 10:18:21.116082','6','91f7f3d1e5b4a4645d9a890c5c805fad',3,'',17,23),(363,'2018-11-01 10:18:21.160817','5','bfdf7b4dc958fe2896966ad376fec63a',3,'',17,23),(364,'2018-11-01 10:18:21.206087','4','fc0dcaeedfc3c581b17f332f3e953ae7',3,'',17,23),(365,'2018-11-01 10:18:21.249739','3','f48edd9ee99eb54891b0d80b0871cc0c',3,'',17,23),(366,'2018-11-01 10:18:21.294338','2','49982c8e082e073b414ede8160c20679',3,'',17,23),(367,'2018-11-01 10:18:21.338871','1','b22eb34537f6f6753da6e0dc05713be0',3,'',17,23),(368,'2018-11-01 10:18:28.916741','9','ala@gmail.com',3,'',12,23),(369,'2018-11-01 10:18:28.982602','8','hello@gmail.com',3,'',12,23),(370,'2018-11-01 10:18:29.024956','7','sagar@gmail.com',3,'',12,23),(371,'2018-11-01 10:18:29.069649','6','sahil2@gmail.com',3,'',12,23),(372,'2018-11-01 10:18:29.158329','5','sahil@gmail.com',3,'',12,23),(373,'2018-11-01 10:18:29.202484','4','vivek.mylife4u@gmail.com',3,'',12,23),(374,'2018-11-01 10:18:29.247050','3','raghav3@gmail.com',3,'',12,23),(375,'2018-11-01 10:18:29.291525','2','raghav2@gmail.com',3,'',12,23),(376,'2018-11-01 10:18:29.336084','1','raghav@gmail.com',3,'',12,23),(377,'2018-11-01 10:18:38.319291','15','Trial Publisher',3,'',8,23),(378,'2018-11-01 10:18:38.408366','5','Wish Publishing',3,'',8,23),(379,'2018-11-01 10:18:38.473668','4','G. Norman Lippert',3,'',8,23),(380,'2018-11-01 10:18:38.529206','3','Viking Press',3,'',8,23),(381,'2018-11-01 10:18:38.584807','2','Unesco',3,'',8,23),(382,'2018-11-01 10:18:49.012233','92','HI',3,'',18,23),(383,'2018-11-01 10:18:49.123394','91','Test it',3,'',18,23),(384,'2018-11-01 10:18:49.188616','90','sample',3,'',18,23),(385,'2018-11-01 10:18:49.244198','89','Trial',3,'',18,23),(386,'2018-11-01 10:18:49.300389','88','hi',3,'',18,23),(387,'2018-11-01 10:18:49.411477','87','love',3,'',18,23),(388,'2018-11-01 10:18:49.577995','86','ed',3,'',18,23),(389,'2018-11-01 10:18:49.711378','85','asli',3,'',18,23),(390,'2018-11-01 10:18:49.800009','84','edfgh',3,'',18,23),(391,'2018-11-01 10:18:49.911584','83','edf',3,'',18,23),(392,'2018-11-01 10:18:49.966506','82','esd',3,'',18,23),(393,'2018-11-01 10:18:50.153380','81','defyuh',3,'',18,23),(394,'2018-11-01 10:18:50.222376','80','frf',3,'',18,23),(395,'2018-11-01 10:18:50.277754','79','deyu',3,'',18,23),(396,'2018-11-01 10:18:50.389008','78','alt',3,'',18,23),(397,'2018-11-01 10:18:50.444320','77','des',3,'',18,23),(398,'2018-11-01 10:18:50.544829','76','dcryt',3,'',18,23),(399,'2018-11-01 10:19:09.305420','7','Test author',3,'',7,23),(400,'2018-11-01 10:19:09.400313','5','Santonu Kumar Dhar',3,'',7,23),(401,'2018-11-01 10:19:09.441311','4','G. Norman Lippert',3,'',7,23),(402,'2018-11-01 10:19:09.486087','3','S.E. Hinton',3,'',7,23),(403,'2018-11-01 10:19:09.530284','2','James',3,'',7,23),(404,'2018-11-01 10:19:52.459754','8','Herman Melville',1,'[{\"added\": {}}]',7,23),(405,'2018-11-01 10:20:10.694902','16','Createspace Independent Pub',1,'[{\"added\": {}}]',8,23),(406,'2018-11-01 10:22:08.799866','7','Action and Adventure',1,'[{\"added\": {}}]',13,23),(407,'2018-11-01 10:27:31.189584','13','Moby Dick',1,'[{\"added\": {}}]',9,23),(408,'2018-11-01 10:32:32.461671','12','2018-11-01 10:32:11+00:00',1,'[{\"added\": {}}]',16,23),(409,'2018-11-02 11:58:40.931414','1','Study Music',1,'[{\"added\": {}}]',26,23),(410,'2018-11-02 11:58:50.098455','2','Relaxing Music',1,'[{\"added\": {}}]',26,23),(411,'2018-11-02 11:59:03.223948','3','Peaceful Music',1,'[{\"added\": {}}]',26,23),(412,'2018-11-02 11:59:12.421661','4','Instrumental Music',1,'[{\"added\": {}}]',26,23),(413,'2018-11-02 11:59:37.984954','5','Memory Music',1,'[{\"added\": {}}]',26,23),(414,'2018-11-02 12:04:35.806210','5','Memory Music',2,'[{\"changed\": {\"fields\": [\"image\"]}}]',26,23),(415,'2018-11-02 12:04:42.432508','4','Instrumental Music',2,'[{\"changed\": {\"fields\": [\"image\"]}}]',26,23),(416,'2018-11-02 12:04:52.207298','3','Peaceful Music',2,'[{\"changed\": {\"fields\": [\"image\"]}}]',26,23),(417,'2018-11-02 12:05:02.269195','2','Relaxing Music',2,'[{\"changed\": {\"fields\": [\"image\"]}}]',26,23),(418,'2018-11-02 12:05:10.748652','1','Study Music',2,'[{\"changed\": {\"fields\": [\"image\"]}}]',26,23),(419,'2018-11-02 12:08:12.334104','1','Blue Deja Vu Music for Studying',1,'[{\"added\": {}}]',28,23),(420,'2018-11-02 12:10:40.380907','2','Focus Music 1',1,'[{\"added\": {}}]',28,23),(421,'2018-11-02 12:12:31.611726','3','Natural Soothing of Waterfall and Bird',1,'[{\"added\": {}}]',28,23),(422,'2018-11-02 12:14:17.067057','4','Study Aid Music Piano',1,'[{\"added\": {}}]',28,23),(423,'2018-11-02 12:51:54.681191','3','Natural Soothing of Waterfall and Bird and Tress, Plants',2,'[{\"changed\": {\"fields\": [\"name\"]}}]',28,23),(424,'2018-11-02 12:52:10.564817','3','Natural Soothing of Waterfall and Bird',2,'[{\"changed\": {\"fields\": [\"name\"]}}]',28,23),(425,'2018-11-03 15:02:30.339744','4','Study Aid Music Piano',2,'[{\"changed\": {\"fields\": [\"listennum\"]}}]',28,23),(426,'2018-11-03 15:03:05.052682','1','Blue Deja Vu Music for Studying',2,'[{\"changed\": {\"fields\": [\"listennum\"]}}]',28,23),(427,'2018-11-03 15:03:10.937926','4','Study Aid Music Piano',2,'[{\"changed\": {\"fields\": [\"listennum\"]}}]',28,23),(428,'2018-11-03 15:03:16.614754','3','Natural Soothing of Waterfall and Bird',2,'[{\"changed\": {\"fields\": [\"listennum\"]}}]',28,23),(429,'2018-11-03 15:27:19.596931','1','piano',1,'[{\"added\": {}}]',27,23),(430,'2018-11-03 15:27:55.578046','2','booster',1,'[{\"added\": {}}]',27,23),(431,'2018-11-03 15:28:12.556913','3','nature',1,'[{\"added\": {}}]',27,23),(432,'2018-11-03 15:28:17.284478','4','waterfall',1,'[{\"added\": {}}]',27,23),(433,'2018-11-03 15:28:20.805316','5','bird',1,'[{\"added\": {}}]',27,23),(434,'2018-11-03 15:28:32.842248','6','focus',1,'[{\"added\": {}}]',27,23),(435,'2018-11-03 15:29:00.126626','7','existence',1,'[{\"added\": {}}]',27,23),(436,'2018-11-03 15:29:02.934278','1','Blue Deja Vu Music for Studying',2,'[]',28,23),(437,'2018-11-04 05:18:15.925450','1','Blue Deja Vu Music for Studying',3,'',29,23),(438,'2018-11-04 05:50:12.007549','14','Study Aid Music Piano',3,'',29,23),(439,'2018-11-04 05:50:12.108921','14','Study Aid Music Piano',3,'',29,23),(440,'2018-11-04 05:50:12.133058','13','Study Aid Music Piano',3,'',29,23),(441,'2018-11-04 05:50:12.222355','13','Study Aid Music Piano',3,'',29,23),(442,'2018-11-04 05:50:12.309809','12','Study Aid Music Piano',3,'',29,23),(443,'2018-11-04 05:50:12.398966','12','Study Aid Music Piano',3,'',29,23),(444,'2018-11-04 05:50:12.455469','11','Study Aid Music Piano',3,'',29,23),(445,'2018-11-04 05:50:12.543603','11','Study Aid Music Piano',3,'',29,23),(446,'2018-11-04 05:50:12.598750','10','Study Aid Music Piano',3,'',29,23),(447,'2018-11-04 05:50:12.698752','10','Study Aid Music Piano',3,'',29,23),(448,'2018-11-04 05:50:12.799282','9','Study Aid Music Piano',3,'',29,23),(449,'2018-11-04 05:50:12.854587','9','Study Aid Music Piano',3,'',29,23),(450,'2018-11-04 05:50:12.910147','8','Study Aid Music Piano',3,'',29,23),(451,'2018-11-04 05:50:12.999061','8','Study Aid Music Piano',3,'',29,23),(452,'2018-11-04 05:50:13.054572','7','Study Aid Music Piano',3,'',29,23),(453,'2018-11-04 05:50:13.109932','7','Study Aid Music Piano',3,'',29,23),(454,'2018-11-04 05:50:13.165759','6','Study Aid Music Piano',3,'',29,23),(455,'2018-11-04 05:50:13.221897','6','Study Aid Music Piano',3,'',29,23),(456,'2018-11-04 05:50:13.310048','5','Study Aid Music Piano',3,'',29,23),(457,'2018-11-04 05:50:13.365801','5','Study Aid Music Piano',3,'',29,23),(458,'2018-11-04 05:50:13.421469','4','Study Aid Music Piano',3,'',29,23),(459,'2018-11-04 05:50:13.521016','4','Study Aid Music Piano',3,'',29,23),(460,'2018-11-04 05:50:13.621515','3','Study Aid Music Piano',3,'',29,23),(461,'2018-11-04 05:50:13.688061','3','Study Aid Music Piano',3,'',29,23),(462,'2018-11-04 05:50:13.776918','2','Study Aid Music Piano',3,'',29,23),(463,'2018-11-04 05:50:13.877069','2','Study Aid Music Piano',3,'',29,23),(464,'2018-11-04 05:58:24.842239','16','Natural Soothing of Waterfall and Bird',3,'',29,23),(465,'2018-11-04 06:13:14.870271','15','Study Aid Music Piano',3,'',29,23),(466,'2018-11-04 06:28:37.533677','18','Study Aid Music Piano',3,'',29,23),(467,'2018-11-04 06:28:37.753651','17','Study Aid Music Piano',3,'',29,23),(468,'2018-11-04 06:29:34.617172','19','Study Aid Music Piano',3,'',29,23),(469,'2018-11-04 06:31:54.269239','21','Study Aid Music Piano',3,'',29,23),(470,'2018-11-04 06:31:54.436985','20','Study Aid Music Piano',3,'',29,23),(471,'2018-11-04 06:33:12.983630','23','Study Aid Music Piano',3,'',29,23),(472,'2018-11-04 06:33:13.095570','22','Study Aid Music Piano',3,'',29,23),(473,'2018-11-04 06:34:15.085660','25','Natural Soothing of Waterfall and Bird',3,'',29,23),(474,'2018-11-04 06:34:15.287598','24','Study Aid Music Piano',3,'',29,23),(475,'2018-11-04 06:35:11.655725','26','Study Aid Music Piano',3,'',29,23),(476,'2018-11-04 06:36:31.624125','27','Study Aid Music Piano',3,'',29,23),(477,'2018-11-04 06:37:41.982059','28','Study Aid Music Piano',3,'',29,23),(478,'2018-11-04 06:40:33.038602','29','Study Aid Music Piano',3,'',29,23),(479,'2018-11-04 06:44:41.707916','30','Study Aid Music Piano',3,'',29,23),(480,'2018-11-05 07:15:53.875551','1','Playlist 1',1,'[{\"added\": {}}]',30,23),(481,'2018-11-05 08:31:04.922587','8','healing',1,'[{\"added\": {}}]',27,23),(482,'2018-11-05 08:31:11.977914','9','water',1,'[{\"added\": {}}]',27,23),(483,'2018-11-05 08:31:20.332295','5','Healing Water',1,'[{\"added\": {}}]',28,23),(484,'2018-11-05 08:43:38.798707','1','Playlist 1',2,'[]',30,23),(485,'2018-11-05 08:47:59.625816','2','Playlist2',1,'[{\"added\": {}}]',30,23),(486,'2018-11-05 08:48:06.075013','2','Playlist 2',2,'[{\"changed\": {\"fields\": [\"name\"]}}]',30,23),(487,'2018-11-05 08:51:24.074736','3','Playlist 3',1,'[{\"added\": {}}]',30,23),(488,'2018-11-05 08:51:35.295282','4','Playlist 4',1,'[{\"added\": {}}]',30,23),(489,'2018-11-26 05:31:09.744938','68','epubcfi(/6/142[xchapter_065]!/4/2/12,/1:633,/1:653)',3,'',31,23),(490,'2018-11-26 05:31:10.044878','67','epubcfi(/6/142[xchapter_065]!/4/2/12,/1:215,/1:327)',3,'',31,23),(491,'2018-11-26 05:31:10.140326','66','epubcfi(/6/142[xchapter_065]!/4/2/10,/1:710,/1:730)',3,'',31,23),(492,'2018-11-26 05:31:10.229539','65','epubcfi(/6/142[xchapter_065]!/4/2/10,/1:322,/1:435)',3,'',31,23),(493,'2018-11-26 05:31:10.274019','64','epubcfi(/6/156[xchapter_072]!/4/2/26,/1:111,/1:336)',3,'',31,23),(494,'2018-11-26 05:31:10.318529','63','epubcfi(/6/156[xchapter_072]!/4/2/24,/1:339,/1:461)',3,'',31,23),(495,'2018-11-26 05:31:10.407551','62','epubcfi(/6/156[xchapter_072]!/4/2/24,/1:209,/1:227)',3,'',31,23),(496,'2018-11-26 05:31:10.452008','61','epubcfi(/6/156[xchapter_072]!/4/2/22,/1:9,/1:220)',3,'',31,23),(497,'2018-11-26 05:31:10.496393','60','epubcfi(/6/182[xchapter_085]!/4/2/26,/1:106,/1:323)',3,'',31,23),(498,'2018-11-26 05:31:10.540850','59','epubcfi(/6/182[xchapter_085]!/4/2/24,/1:892,/1:1017)',3,'',31,23),(499,'2018-11-26 05:31:10.629793','58','epubcfi(/6/182[xchapter_085]!/4/2/24,/1:588,/1:704)',3,'',31,23),(500,'2018-11-26 05:31:10.685265','57','epubcfi(/6/182[xchapter_085]!/4/2/24,/1:212,/1:421)',3,'',31,23),(501,'2018-11-26 05:31:10.740443','56','epubcfi(/6/162[xchapter_075]!/4/2/10,/1:444,/1:467)',3,'',31,23),(502,'2018-11-26 05:31:10.796224','55','epubcfi(/6/162[xchapter_075]!/4/2/10,/1:515,/1:528)',3,'',31,23),(503,'2018-11-26 05:31:10.851839','54','epubcfi(/6/162[xchapter_075]!/4/2/10,/1:31,/1:247)',3,'',31,23),(504,'2018-11-26 05:31:10.940951','53','epubcfi(/6/162[xchapter_075]!/4/2/10,/1:821,/1:1036)',3,'',31,23),(505,'2018-11-26 05:31:10.996502','52','epubcfi(/6/220[xchapter_104]!/4/2/12,/1:303,/1:392)',3,'',31,23),(506,'2018-11-26 05:31:11.052189','51','epubcfi(/6/220[xchapter_104]!/4/2/16,/1:162,/1:303)',3,'',31,23),(507,'2018-11-26 05:31:11.107593','50','epubcfi(/6/220[xchapter_104]!/4/2/14,/1:564,/1:585)',3,'',31,23),(508,'2018-11-26 05:31:11.163404','49','epubcfi(/6/220[xchapter_104]!/4/2/14,/1:293,/1:374)',3,'',31,23),(509,'2018-11-26 05:31:11.251916','48','epubcfi(/6/220[xchapter_104]!/4/2/14,/1:692,/1:767)',3,'',31,23),(510,'2018-11-26 05:31:11.307835','47','epubcfi(/6/220[xchapter_104]!/4/2/16,/1:401,/1:414)',3,'',31,23),(511,'2018-11-26 05:31:11.363323','46','epubcfi(/6/220[xchapter_104]!/4/2/10,/1:627,/1:662)',3,'',31,23),(512,'2018-11-26 05:31:11.419044','45','epubcfi(/6/220[xchapter_104]!/4/2/10,/1:421,/1:448)',3,'',31,23),(513,'2018-11-26 05:31:11.474617','44','epubcfi(/6/220[xchapter_104]!/4/2/10,/1:205,/1:229)',3,'',31,23),(514,'2018-11-26 05:31:11.530181','43','epubcfi(/6/220[xchapter_104]!/4/2/10,/1:67,/1:82)',3,'',31,23),(515,'2018-11-26 05:31:11.652310','42','epubcfi(/6/64[xchapter_026]!/4/2/4,/1:211,/1:250)',3,'',31,23),(516,'2018-11-26 05:31:11.707889','41','epubcfi(/6/64[xchapter_026]!/4/2/4,/1:155,/1:182)',3,'',31,23),(517,'2018-11-26 05:31:11.763283','40','epubcfi(/6/64[xchapter_026]!/4/2/4,/1:26,/1:53)',3,'',31,23),(518,'2018-11-26 05:31:11.819044','39','epubcfi(/6/64[xchapter_026]!/4/2/4,/1:1109,/1:1450)',3,'',31,23),(519,'2018-11-26 05:31:11.874698','38','epubcfi(/6/64[xchapter_026]!/4/2/4,/1:397,/1:819)',3,'',31,23),(520,'2018-11-26 05:31:11.930352','37','epubcfi(/6/84[xchapter_036]!/4/2,/12/1:92,/14/1:132)',3,'',31,23),(521,'2018-11-26 05:31:11.985934','36','epubcfi(/6/84[xchapter_036]!/4/2/8,/1:9,/1:237)',3,'',31,23),(522,'2018-11-26 05:31:12.086068','35','epubcfi(/6/84[xchapter_036]!/4/2/6,/1:80,/1:157)',3,'',31,23),(523,'2018-11-26 05:31:12.141396','34','epubcfi(/6/174[xchapter_081]!/4/2/8,/1:22,/1:237)',3,'',31,23),(524,'2018-11-26 05:31:12.196963','33','epubcfi(/6/120[xchapter_054]!/4/2/40,/1:302,/1:526)',3,'',31,23),(525,'2018-11-26 05:31:12.252529','32','epubcfi(/6/210[xchapter_099]!/4/2/12,/1:323,/1:537)',3,'',31,23),(526,'2018-11-26 05:31:12.308243','31','epubcfi(/6/126[xchapter_057]!/4/2/14,/1:206,/1:333)',3,'',31,23),(527,'2018-11-26 05:31:12.363736','30','epubcfi(/6/126[xchapter_057]!/4/2/12,/1:219,/1:342)',3,'',31,23),(528,'2018-11-26 05:31:12.419495','29','epubcfi(/6/140[xchapter_064]!/4/2/26,/1:621,/1:630)',3,'',31,23),(529,'2018-11-26 05:31:12.474555','28','epubcfi(/6/140[xchapter_064]!/4/2/26,/1:104,/1:316)',3,'',31,23),(530,'2018-11-26 05:31:12.530596','27','epubcfi(/6/140[xchapter_064]!/4/2/24,/1:23,/1:154)',3,'',31,23),(531,'2018-11-26 05:31:12.586230','26','epubcfi(/6/66[xchapter_027]!/4/2/20,/1:208,/1:363)',3,'',31,23),(532,'2018-11-26 05:31:12.641869','25','epubcfi(/6/176[xchapter_082]!/4/2/8,/1:131,/1:238)',3,'',31,23),(533,'2018-11-26 05:31:12.708157','24','epubcfi(/6/104[xchapter_046]!/4/2/6,/1:1608,/1:1721)',3,'',31,23),(534,'2018-11-26 05:31:12.764048','23','epubcfi(/6/154[xchapter_071]!/4/2/32,/1:126,/1:343)',3,'',31,23),(535,'2018-11-26 05:31:12.874278','22','epubcfi(/6/94[xchapter_041]!/4/2/48,/1:716,/1:839)',3,'',31,23),(536,'2018-11-26 05:31:13.452953','21','epubcfi(/6/186[xchapter_087]!/4/2/32,/1:796,/1:1007)',3,'',31,23),(537,'2018-11-26 05:31:13.508672','20','epubcfi(/6/136[xchapter_062]!/4/2/6,/1:626,/1:947)',3,'',31,23),(538,'2018-11-26 05:31:13.564182','19','epubcfi(/6/158[xchapter_073]!/4/2,/68/1:17,/70/1:233)',3,'',31,23),(539,'2018-11-26 05:31:13.619828','18','epubcfi(/6/122[xchapter_055]!/4/2,/22/1:742,/24/1:19)',3,'',31,23),(540,'2018-11-26 05:31:13.675421','17','epubcfi(/6/122[xchapter_055]!/4/2/22,/1:604,/1:697)',3,'',31,23),(541,'2018-11-26 05:31:13.731181','16','epubcfi(/6/122[xchapter_055]!/4/2/22,/1:273,/1:426)',3,'',31,23),(542,'2018-11-26 05:31:13.786543','15','epubcfi(/6/122[xchapter_055]!/4/2/22,/1:74,/1:152)',3,'',31,23),(543,'2018-11-26 05:31:13.842090','14','epubcfi(/6/48[xchapter_018]!/4/2,/28/1:531,/30/1:235)',3,'',31,23),(544,'2018-11-26 05:31:13.897731','13','epubcfi(/6/80[xchapter_034]!/4/2/12,/1:358,/1:574)',3,'',31,23),(545,'2018-11-26 05:31:13.942455','12','epubcfi(/6/82[xchapter_035]!/4/2/10,/1:1938,/1:2027)',3,'',31,23),(546,'2018-11-26 05:31:13.986708','11','epubcfi(/6/82[xchapter_035]!/4/2/10,/1:738,/1:822)',3,'',31,23),(547,'2018-11-26 05:31:14.031224','10','epubcfi(/6/82[xchapter_035]!/4/2/14,/1:1297,/1:1380)',3,'',31,23),(548,'2018-11-26 05:31:14.076211','9','epubcfi(/6/82[xchapter_035]!/4/2/12,/1:71,/1:225)',3,'',31,23),(549,'2018-11-26 05:31:14.264463','8','epubcfi(/6/82[xchapter_035]!/4/2/10,/1:1734,/1:1809)',3,'',31,23),(550,'2018-11-26 05:31:14.309283','7','epubcfi(/6/82[xchapter_035]!/4/2/10,/1:416,/1:498)',3,'',31,23),(551,'2018-11-26 05:31:14.353665','6','epubcfi(/6/98[xchapter_043]!/4/2/6,/1:69,/1:162)',3,'',31,23),(552,'2018-11-26 05:31:14.398211','5','epubcfi(/6/98[xchapter_043]!/4/2/6,/1:365,/1:526)',3,'',31,23),(553,'2018-11-26 05:31:14.442667','4','epubcfi(/6/82[xchapter_035]!/4/2/8,/1:2409,/1:2559)',3,'',31,23),(554,'2018-11-26 05:31:14.487215','3','epubcfi(/6/82[xchapter_035]!/4/2/8,/1:2584,/1:2597)',3,'',31,23),(555,'2018-11-26 05:31:14.644586','2','epubcfi(/6/82[xchapter_035]!/4/2/10,/1:1184,/1:1406)',3,'',31,23),(556,'2018-11-26 05:31:15.042226','1','epubcfi(/6/82[xchapter_035]!/4/2/10,/1:63,/1:242)',3,'',31,23),(557,'2018-11-27 16:21:01.402004','116','epubcfi(/6/186[xchapter_087]!/4/2/32,/1:800,/1:1018)',3,'',31,23),(558,'2018-11-29 12:23:32.311322','6','Moby Dick',3,'',25,23),(559,'2018-11-29 12:23:32.539906','5','Moby Dick',3,'',25,23),(560,'2018-11-29 12:23:32.641530','4','Moby Dick',3,'',25,23),(561,'2018-11-29 12:23:32.697068','1','Moby Dick',3,'',25,23),(562,'2018-11-29 12:30:18.308150','9','Moby Dick',3,'',25,23),(563,'2018-11-29 12:30:18.429686','8','Moby Dick',3,'',25,23),(564,'2018-11-29 12:30:18.493329','7','Moby Dick',3,'',25,23),(565,'2018-11-29 14:17:05.924239','158','epubcfi(/6/116[xchapter_052]!/4/2/4,/1:158,/1:164)',3,'',31,23),(566,'2018-11-29 14:17:06.065421','157','epubcfi(/6/266[xchapter_127]!/4/2,/28/1:104,/30/1:29)',3,'',31,23),(567,'2018-11-29 14:17:06.193740','156','epubcfi(/6/154[xchapter_071]!/4/2,/34/1:134,/36/1:70)',3,'',31,23),(568,'2018-11-29 14:17:06.282608','155','epubcfi(/6/154[xchapter_071]!/4/2,/24/1:0,/26/1:69)',3,'',31,23),(569,'2018-11-29 14:17:06.415850','154','epubcfi(/6/224[xchapter_106]!/4/2/14,/1:93,/1:245)',3,'',31,23),(570,'2018-11-29 14:17:06.504792','153','epubcfi(/6/224[xchapter_106]!/4/2/12,/1:5,/1:215)',3,'',31,23),(571,'2018-11-29 14:17:06.637937','152','epubcfi(/6/194[xchapter_091]!/4/2/94,/1:150,/1:260)',3,'',31,23),(572,'2018-11-29 14:17:06.727079','151','epubcfi(/6/250[xchapter_119]!/4/2/4,/1:142,/1:291)',3,'',31,23),(573,'2018-11-29 14:17:06.894474','150','epubcfi(/6/250[xchapter_119]!/4/2/8,/1:52,/1:204)',3,'',31,23),(574,'2018-11-29 14:17:06.983417','149','epubcfi(/6/186[xchapter_087]!/4/2/32,/1:50,/1:240)',3,'',31,23),(575,'2018-11-29 14:17:07.116431','148','epubcfi(/6/158[xchapter_073]!/4/2/88,/1:53,/1:207)',3,'',31,23),(576,'2018-11-29 14:17:07.283833','147','epubcfi(/6/158[xchapter_073]!/4/2/84,/1:186,/1:387)',3,'',31,23),(577,'2018-11-29 14:17:07.428182','146','epubcfi(/6/170[xchapter_079]!/4/2/6,/1:525,/1:632)',3,'',31,23),(578,'2018-11-29 14:17:07.517133','145','epubcfi(/6/170[xchapter_079]!/4/2/6,/1:225,/1:405)',3,'',31,23),(579,'2018-11-29 14:17:07.683684','144','epubcfi(/6/170[xchapter_079]!/4/2/4,/1:237,/1:394)',3,'',31,23),(580,'2018-11-29 14:17:07.816915','143','epubcfi(/6/170[xchapter_079]!/4/2/4,/1:47,/1:158)',3,'',31,23),(581,'2018-11-29 14:17:07.950629','142','epubcfi(/6/192[xchapter_090]!/4/2/38,/1:16,/1:159)',3,'',31,23),(582,'2018-11-29 14:17:08.050453','141','epubcfi(/6/112[xchapter_050]!/4/2/14,/1:865,/1:973)',3,'',31,23),(583,'2018-11-29 14:17:08.183257','140','epubcfi(/6/112[xchapter_050]!/4/2/14,/1:594,/1:749)',3,'',31,23),(584,'2018-11-29 14:17:08.327810','139','epubcfi(/6/112[xchapter_050]!/4/2/14,/1:408,/1:528)',3,'',31,23),(585,'2018-11-29 14:17:08.450098','138','epubcfi(/6/228[xchapter_108]!/4/2/78,/1:235,/1:342)',3,'',31,23),(586,'2018-11-29 14:17:08.527797','137','epubcfi(/6/228[xchapter_108]!/4/2/78,/1:2,/1:107)',3,'',31,23),(587,'2018-11-29 14:17:08.661096','136','epubcfi(/6/190[xchapter_089]!/4/2/8,/1:475,/1:538)',3,'',31,23),(588,'2018-11-29 14:17:08.794391','135','epubcfi(/6/190[xchapter_089]!/4/2/6,/1:145,/1:257)',3,'',31,23),(589,'2018-11-29 14:17:08.916370','134','epubcfi(/6/190[xchapter_089]!/4/2/8,/1:148,/1:332)',3,'',31,23),(590,'2018-11-29 14:17:08.994265','133','epubcfi(/6/190[xchapter_089]!/4/2,/4/1:59,/6/1:24)',3,'',31,23),(591,'2018-11-29 14:17:09.347831','131','epubcfi(/6/190[xchapter_089]!/4/2/6,/1:552,/1:692)',3,'',31,23),(592,'2018-11-29 14:17:09.483196','127','epubcfi(/6/130[xchapter_059]!/4/2/4,/1:101,/1:198)',3,'',31,23),(593,'2018-11-29 14:17:09.605182','126','epubcfi(/6/238[xchapter_113]!/4/2/58,/1:381,/1:489)',3,'',31,23),(594,'2018-11-29 14:17:09.683120','125','epubcfi(/6/194[xchapter_091]!/4/2/78,/1:145,/1:197)',3,'',31,23),(595,'2018-11-29 14:17:09.805189','124','epubcfi(/6/194[xchapter_091]!/4/2/76,/1:98,/1:153)',3,'',31,23),(596,'2018-11-29 14:17:09.882922','123','epubcfi(/6/194[xchapter_091]!/4/2/92,/1:47,/1:161)',3,'',31,23),(597,'2018-11-29 14:17:10.005142','122','epubcfi(/6/140[xchapter_064]!/4/2/26,/1:97,/1:248)',3,'',31,23),(598,'2018-11-29 14:17:10.082848','121','epubcfi(/6/198[xchapter_093]!/4/2/20,/1:359,/1:437)',3,'',31,23),(599,'2018-11-29 14:17:10.205031','120','epubcfi(/6/198[xchapter_093]!/4/2/20,/1:799,/1:881)',3,'',31,23),(600,'2018-11-29 14:17:10.327229','119','epubcfi(/6/198[xchapter_093]!/4/2/20,/1:206,/1:353)',3,'',31,23),(601,'2018-11-29 14:17:10.404994','118','epubcfi(/6/108[xchapter_048]!/4/2/78,/1:88,/1:178)',3,'',31,23),(602,'2018-11-29 14:17:10.482606','117','epubcfi(/6/108[xchapter_048]!/4/2/76,/1:217,/1:305)',3,'',31,23),(603,'2018-11-29 14:17:10.604831','116','epubcfi(/6/108[xchapter_048]!/4/2/74,/1:426,/1:579)',3,'',31,23),(604,'2018-11-29 14:17:10.682801','115','epubcfi(/6/186[xchapter_087]!/4/2/32,/1:800,/1:1018)',3,'',31,23),(605,'2018-11-29 14:17:10.760318','114','epubcfi(/6/140[xchapter_064]!/4/2,/28/1:627,/30/1:121)',3,'',31,23),(606,'2018-11-29 14:17:10.882787','113','epubcfi(/6/208[xchapter_098]!/4/2/4,/1:1,/1:137)',3,'',31,23),(607,'2018-11-29 14:17:10.960371','112','epubcfi(/6/208[xchapter_098]!/4/2,/4/1:793,/6/1:83)',3,'',31,23),(608,'2018-11-29 14:17:11.038257','111','epubcfi(/6/208[xchapter_098]!/4/2/6,/1:183,/1:340)',3,'',31,23),(609,'2018-11-29 14:17:11.116232','110','epubcfi(/6/210[xchapter_099]!/4/2/20,/1:371,/1:598)',3,'',31,23),(610,'2018-11-29 14:17:11.193637','109','epubcfi(/6/84[xchapter_036]!/4/2/92,/1:267,/1:436)',3,'',31,23),(611,'2018-11-29 14:17:11.271493','108','epubcfi(/6/142[xchapter_065]!/4/2/14,/1:617,/1:782)',3,'',31,23),(612,'2018-11-29 14:17:11.349264','107','epubcfi(/6/174[xchapter_081]!/4/2/60,/1:538,/1:768)',3,'',31,23),(613,'2018-11-29 14:17:11.427054','106','epubcfi(/6/136[xchapter_062]!/4/2/6,/1:563,/1:705)',3,'',31,23),(614,'2018-11-29 14:17:11.505182','105','epubcfi(/6/172[xchapter_080]!/4/2/14,/1:159,/1:163)',3,'',31,23),(615,'2018-11-29 14:17:11.582720','104','epubcfi(/6/98[xchapter_043]!/4/2/6,/1:216,/1:326)',3,'',31,23),(616,'2018-11-29 14:17:11.660475','103','epubcfi(/6/120[xchapter_054]!/4/2/168,/1:29,/1:103)',3,'',31,23),(617,'2018-11-29 14:17:11.738149','102','epubcfi(/6/120[xchapter_054]!/4/2/176,/1:985,/1:1200)',3,'',31,23),(618,'2018-11-29 14:17:11.816033','101','epubcfi(/6/92[xchapter_040]!/4/2,/30/1:86,/32/1:95)',3,'',31,23),(619,'2018-11-29 14:17:11.961014','100','epubcfi(/6/112[xchapter_050]!/4/2/14,/1:1822,/1:1970)',3,'',31,23),(620,'2018-11-29 14:17:12.405736','99','epubcfi(/6/184[xchapter_086]!/4/2/32,/1:157,/1:438)',3,'',31,23),(621,'2018-11-29 14:17:12.538504','95','epubcfi(/6/140[xchapter_064]!/4/2/20,/1:1330,/1:1442)',3,'',31,23),(622,'2018-11-29 14:17:12.627815','94','epubcfi(/6/104[xchapter_046]!/4/2/10,/1:473,/1:746)',3,'',31,23),(623,'2018-11-29 14:17:12.716361','93','epubcfi(/6/166[xchapter_077]!/4/2/6,/1:100,/1:245)',3,'',31,23),(624,'2018-11-29 14:17:12.805392','92','epubcfi(/6/112[xchapter_050]!/4/2/18,/1:611,/1:760)',3,'',31,23),(625,'2018-11-29 14:17:12.894228','91','epubcfi(/6/112[xchapter_050]!/4/2/16,/1:136,/1:212)',3,'',31,23),(626,'2018-11-29 14:17:13.027370','90','epubcfi(/6/76[xchapter_032]!/4/2/50,/1:199,/1:425)',3,'',31,23),(627,'2018-11-29 14:17:13.216309','89','epubcfi(/6/156[xchapter_072]!/4/2/24,/1:332,/1:487)',3,'',31,23),(628,'2018-11-29 14:17:13.392090','88','epubcfi(/6/132[xchapter_060]!/4/2/22,/1:621,/1:677)',3,'',31,23),(629,'2018-11-29 14:17:13.503483','87','epubcfi(/6/198[xchapter_093]!/4/2/14,/1:141,/1:240)',3,'',31,23),(630,'2018-11-29 14:17:13.594231','86','epubcfi(/6/166[xchapter_077]!/4/2/10,/1:318,/1:426)',3,'',31,23),(631,'2018-11-29 14:17:13.683169','85','epubcfi(/6/180[xchapter_084]!/4/2/8,/1:180,/1:290)',3,'',31,23),(632,'2018-11-29 14:17:13.772001','84','epubcfi(/6/156[xchapter_072]!/4/2/26,/1:227,/1:405)',3,'',31,23),(633,'2018-11-29 14:17:13.860776','83','epubcfi(/6/112[xchapter_050]!/4/2/14,/1:1555,/1:1733)',3,'',31,23),(634,'2018-11-29 14:17:13.949645','82','epubcfi(/6/94[xchapter_041]!/4/2/48,/1:836,/1:1062)',3,'',31,23),(635,'2018-11-29 14:17:14.038456','81','epubcfi(/6/140[xchapter_064]!/4/2,/18/1:1141,/20/1:319)',3,'',31,23),(636,'2018-11-29 14:17:14.127523','80','epubcfi(/6/120[xchapter_054]!/4/2/122,/1:22,/1:91)',3,'',31,23),(637,'2018-11-29 14:17:14.216353','79','epubcfi(/6/120[xchapter_054]!/4/2/176,/1:417,/1:558)',3,'',31,23),(638,'2018-11-29 14:17:14.305199','78','epubcfi(/6/82[xchapter_035]!/4/2/10,/1:544,/1:560)',3,'',31,23),(639,'2018-11-29 14:17:14.393893','77','epubcfi(/6/82[xchapter_035]!/4/2/10,/1:77,/1:300)',3,'',31,23),(640,'2018-11-29 14:17:14.482999','76','epubcfi(/6/198[xchapter_093]!/4/2/12,/1:238,/1:333)',3,'',31,23),(641,'2018-11-29 14:17:14.606482','75','epubcfi(/6/120[xchapter_054]!/4/2/176,/1:722,/1:731)',3,'',31,23),(642,'2018-11-29 14:17:14.695111','74','epubcfi(/6/80[xchapter_034]!/4/2/10,/1:311,/1:416)',3,'',31,23),(643,'2018-11-29 14:17:14.783983','73','epubcfi(/6/82[xchapter_035]!/4/2/10,/1:1393,/1:1543)',3,'',31,23),(644,'2018-11-29 14:17:14.872963','72','epubcfi(/6/82[xchapter_035]!/4/2/8,/1:2396,/1:2414)',3,'',31,23),(645,'2018-11-29 14:17:14.961748','71','epubcfi(/6/82[xchapter_035]!/4/2/8,/1:2296,/1:2310)',3,'',31,23),(646,'2018-11-29 14:17:15.039935','70','epubcfi(/6/82[xchapter_035]!/4/2/8,/1:2273,/1:2289)',3,'',31,23),(647,'2018-11-29 14:17:15.117376','69','epubcfi(/6/82[xchapter_035]!/4/2/8,/1:2255,/1:2268)',3,'',31,23),(648,'2018-12-01 03:05:11.892746','12','2018-11-01 10:32:11+00:00',2,'[{\"changed\": {\"fields\": [\"duration\"]}}]',16,23),(649,'2018-12-01 03:16:33.720679','1','sharat',1,'[{\"added\": {}}]',34,23),(650,'2018-12-01 04:30:56.591826','1','Nature',1,'[{\"added\": {}}]',24,23),(651,'2018-12-01 04:31:02.719393','2','Forest',1,'[{\"added\": {}}]',24,23),(652,'2018-12-01 05:21:46.476301','9','Test author',3,'',7,23),(653,'2018-12-01 05:28:14.584214','17','Test Publisher',3,'',8,23),(654,'2018-12-01 05:34:37.077837','3','Test tag',3,'',24,23),(655,'2018-12-01 05:43:19.622008','8','Test Category',3,'',13,23),(656,'2018-12-01 05:43:41.791885','9','Test category',3,'',13,23),(657,'2018-12-01 07:31:11.132636','1','ebook',1,'[{\"added\": {}}]',35,23),(658,'2018-12-01 07:31:18.278853','2','image',1,'[{\"added\": {}}]',35,23),(659,'2018-12-01 09:34:35.477884','2','image',2,'[{\"changed\": {\"fields\": [\"value\"]}}]',35,23),(660,'2018-12-01 09:34:40.718485','1','ebook',2,'[{\"changed\": {\"fields\": [\"value\"]}}]',35,23),(661,'2018-12-01 09:42:20.520983','2','image',2,'[{\"changed\": {\"fields\": [\"value\"]}}]',35,23),(662,'2018-12-01 09:42:24.412333','1','ebook',2,'[{\"changed\": {\"fields\": [\"value\"]}}]',35,23),(663,'2018-12-01 09:55:40.698752','14','Test book',3,'',9,23),(664,'2018-12-01 09:57:16.288682','16','Test book',3,'',9,23),(665,'2018-12-01 09:59:03.080861','17','Test book',3,'',9,23),(666,'2018-12-01 10:02:48.714642','18','Test book',3,'',9,23),(667,'2018-12-01 10:09:05.166180','19','Test book',3,'',9,23),(668,'2018-12-01 10:10:23.225011','20','Test book',3,'',9,23),(669,'2018-12-01 10:12:29.334306','21','Test book',3,'',9,23),(670,'2018-12-01 10:12:53.263728','18','None',1,'[{\"added\": {}}]',8,23),(671,'2018-12-01 10:26:04.804855','23','Test book2',3,'',9,23),(672,'2018-12-01 10:26:05.049299','22','Test book',3,'',9,23),(673,'2018-12-01 10:27:19.899269','24','Test book',3,'',9,23),(674,'2018-12-01 10:28:26.660866','25','Test book',3,'',9,23),(675,'2018-12-01 10:29:19.684354','2','image',2,'[{\"changed\": {\"fields\": [\"value\"]}}]',35,23),(676,'2018-12-01 10:29:24.027380','1','ebook',2,'[{\"changed\": {\"fields\": [\"value\"]}}]',35,23),(677,'2018-12-01 10:30:45.774558','26','Test book',3,'',9,23),(678,'2018-12-01 10:32:11.117554','27','Test book',3,'',9,23),(679,'2018-12-01 10:32:25.899549','2','image',2,'[{\"changed\": {\"fields\": [\"value\"]}}]',35,23),(680,'2018-12-01 10:32:29.893681','1','ebook',2,'[{\"changed\": {\"fields\": [\"value\"]}}]',35,23),(682,'2018-12-01 10:37:29.009997','173','epubcfi(/6/108[xchapter_048]!/4/2/44,/1:72,/1:374)',3,'',31,23),(683,'2018-12-01 10:37:29.127657','172','epubcfi(/6/108[xchapter_048]!/4/2/42,/1:611,/1:775)',3,'',31,23),(684,'2018-12-01 10:37:29.284796','171','epubcfi(/6/190[xchapter_089]!/4/2/8,/1:400,/1:409)',3,'',31,23),(685,'2018-12-01 10:37:29.418065','170','epubcfi(/6/170[xchapter_079]!/4/2/4,/1:406,/1:566)',3,'',31,23),(686,'2018-12-01 10:37:29.559770','169','epubcfi(/6/108[xchapter_048]!/4/2/26,/1:284,/1:509)',3,'',31,23),(687,'2018-12-01 10:37:29.704115','168','epubcfi(/6/152[xchapter_070]!/4/2/10,/1:131,/1:286)',3,'',31,23),(688,'2018-12-01 10:37:30.118840','167','epubcfi(/6/152[xchapter_070]!/4/2/6,/1:155,/1:304)',3,'',31,23),(689,'2018-12-01 10:37:30.419854','166','epubcfi(/6/102[xchapter_045]!/4/2/26,/1:214,/1:257)',3,'',31,23),(690,'2018-12-01 10:37:30.606174','165','epubcfi(/6/182[xchapter_085]!/4/2/24,/1:143,/1:231)',3,'',31,23),(691,'2018-12-01 10:37:30.773792','164','epubcfi(/6/118[xchapter_053]!/4/2/20,/1:1232,/1:1470)',3,'',31,23),(692,'2018-12-01 10:37:31.021170','163','epubcfi(/6/118[xchapter_053]!/4/2/16,/1:84,/1:173)',3,'',31,23),(693,'2018-12-01 10:37:31.163002','162','epubcfi(/6/174[xchapter_081]!/4/2/64,/1:12,/1:162)',3,'',31,23),(694,'2018-12-01 10:37:31.388451','161','epubcfi(/6/174[xchapter_081]!/4/2/62,/1:87,/1:116)',3,'',31,23),(695,'2018-12-01 10:37:31.542161','160','epubcfi(/6/174[xchapter_081]!/4/2/60,/1:1377,/1:1603)',3,'',31,23),(696,'2018-12-01 10:37:31.675390','159','epubcfi(/6/174[xchapter_081]!/4/2/60,/1:1045,/1:1279)',3,'',31,23),(697,'2018-12-01 10:37:38.668783','21','Moby Dick',3,'',25,23),(698,'2018-12-01 10:37:38.801235','20','Moby Dick',3,'',25,23),(699,'2018-12-01 10:37:38.909536','19','Moby Dick',3,'',25,23),(700,'2018-12-01 10:37:39.030157','18','Moby Dick',3,'',25,23),(701,'2018-12-01 10:37:39.142858','17','Moby Dick',3,'',25,23),(702,'2018-12-01 10:37:39.263200','16','Moby Dick',3,'',25,23),(703,'2018-12-01 10:37:39.376104','15','Moby Dick',3,'',25,23),(704,'2018-12-01 10:37:39.487473','14','Moby Dick',3,'',25,23),(705,'2018-12-01 10:37:39.597923','13','Moby Dick',3,'',25,23),(706,'2018-12-01 10:37:39.753318','12','Moby Dick',3,'',25,23),(707,'2018-12-01 10:37:39.864690','11','Moby Dick',3,'',25,23),(708,'2018-12-01 10:37:39.975353','10','Moby Dick',3,'',25,23),(709,'2018-12-01 10:37:55.715828','12','2018-11-01 10:32:11+00:00',3,'',16,23),(710,'2018-12-01 10:38:41.888494','9','fgh',3,'',33,23),(711,'2018-12-01 10:38:42.156348','8','Tester',3,'',33,23),(712,'2018-12-01 10:38:42.330305','7','Twice again',3,'',33,23),(713,'2018-12-01 10:38:42.520344','6','Once again',3,'',33,23),(714,'2018-12-01 10:38:42.642278','5','Again',3,'',33,23),(715,'2018-12-01 10:38:42.764825','4','Yet another',3,'',33,23),(716,'2018-12-01 10:38:42.887135','3','Important file',3,'',33,23),(717,'2018-12-01 10:38:43.008884','2','Another file',3,'',33,23),(718,'2018-12-01 10:38:43.185270','1','Sample file',3,'',33,23),(719,'2018-12-01 10:39:06.379609','34','fgh',3,'',32,23),(720,'2018-12-01 10:39:06.511540','33','fgh',3,'',32,23),(721,'2018-12-01 10:39:06.629794','32','fgh',3,'',32,23),(722,'2018-12-01 10:39:06.784809','31','Tester',3,'',32,23),(723,'2018-12-01 10:39:06.960629','30','Tester',3,'',32,23),(724,'2018-12-01 10:39:07.096457','29','Tester',3,'',32,23),(725,'2018-12-01 10:39:07.296371','28','Twice again',3,'',32,23),(726,'2018-12-01 10:39:07.475293','27','Twice again',3,'',32,23),(727,'2018-12-01 10:39:07.674101','26','Twice again',3,'',32,23),(728,'2018-12-01 10:39:07.885056','25','Twice again',3,'',32,23),(729,'2018-12-01 10:39:08.018719','24','Twice again',3,'',32,23),(730,'2018-12-01 10:39:08.129262','23','Once again',3,'',32,23),(731,'2018-12-01 10:39:08.240288','22','Once again',3,'',32,23),(732,'2018-12-01 10:39:08.506724','21','Once again',3,'',32,23),(733,'2018-12-01 10:39:08.873910','20','Once again',3,'',32,23),(734,'2018-12-01 10:39:08.984350','19','Once again',3,'',32,23),(735,'2018-12-01 10:39:09.339744','18','Again',3,'',32,23),(736,'2018-12-01 10:39:09.461714','17','Again',3,'',32,23),(737,'2018-12-01 10:39:09.584254','16','Again',3,'',32,23),(738,'2018-12-01 10:39:09.706413','15','Again',3,'',32,23),(739,'2018-12-01 10:39:09.828417','14','Yet another',3,'',32,23),(740,'2018-12-01 10:39:09.951094','13','Yet another',3,'',32,23),(741,'2018-12-01 10:39:10.073120','12','Yet another',3,'',32,23),(742,'2018-12-01 10:39:10.195600','11','Important file',3,'',32,23),(743,'2018-12-01 10:39:10.317786','10','Important file',3,'',32,23),(744,'2018-12-01 10:39:10.439852','9','Important file',3,'',32,23),(745,'2018-12-01 10:39:10.793103','8','Another file',3,'',32,23),(746,'2018-12-01 10:39:10.905943','7','Another file',3,'',32,23),(747,'2018-12-01 10:39:11.028342','6','Another file',3,'',32,23),(748,'2018-12-01 10:39:11.194878','5','Sample file',3,'',32,23),(749,'2018-12-01 10:39:11.318673','4','Sample file',3,'',32,23),(750,'2018-12-01 10:39:11.440780','3','Sample file',3,'',32,23),(751,'2018-12-01 10:39:11.563204','2','Sample file',3,'',32,23),(752,'2018-12-01 10:39:11.685285','1','Sample file',3,'',32,23),(753,'2018-12-01 10:39:20.846500','9','fgh',3,'',33,23),(754,'2018-12-01 10:39:20.960122','8','Tester',3,'',33,23),(755,'2018-12-01 10:39:21.065809','7','Twice again',3,'',33,23),(756,'2018-12-01 10:39:21.176825','6','Once again',3,'',33,23),(757,'2018-12-01 10:39:21.288137','5','Again',3,'',33,23),(758,'2018-12-01 10:39:21.398625','4','Yet another',3,'',33,23),(759,'2018-12-01 10:39:21.510254','3','Important file',3,'',33,23),(760,'2018-12-01 10:39:21.621037','2','Another file',3,'',33,23),(761,'2018-12-01 10:39:21.731731','1','Sample file',3,'',33,23),(762,'2018-12-01 10:39:48.231996','13','Moby Dick',3,'',9,23),(763,'2018-12-01 10:47:56.686896','13','2018-12-01 10:47:45+00:00',1,'[{\"added\": {}}]',16,23),(764,'2018-12-02 03:40:44.819948','54','vivek.mylife4u@gmail.com',1,'[{\"added\": {}}]',3,23),(765,'2018-12-02 03:40:49.927853','54','vivek.mylife4u@gmail.com',2,'[{\"changed\": {\"fields\": [\"email\"]}}]',3,23),(766,'2018-12-02 03:40:57.361141','2','vivek.mylife4u@gmail.com',1,'[{\"added\": {}}]',22,23),(767,'2018-12-02 04:26:52.210380','29','Test book',3,'',9,23),(768,'2018-12-02 04:27:12.433874','2','image',2,'[{\"changed\": {\"fields\": [\"value\"]}}]',35,23),(769,'2018-12-02 04:27:16.206895','1','ebook',2,'[{\"changed\": {\"fields\": [\"value\"]}}]',35,23),(770,'2018-12-02 04:50:15.645169','2','vivek.mylife4u@gmail.com',1,'[{\"added\": {}}]',34,23),(771,'2018-12-17 10:30:03.927197','53','Trial Publisher',3,'',3,23),(772,'2018-12-20 14:10:00.609738','56','create@gmail.com',1,'[{\"added\": {}}]',3,23),(773,'2018-12-20 14:10:07.199448','56','create@gmail.com',2,'[{\"changed\": {\"fields\": [\"email\"]}}]',3,23),(774,'2018-12-20 14:10:17.920458','2','create@gmail.com',1,'[{\"added\": {}}]',11,23),(775,'2019-01-06 08:49:41.964888','34','sid',3,'',3,23),(776,'2019-01-09 15:01:55.836055','58','Rahul',2,'[{\"changed\": {\"fields\": [\"is_active\"]}}]',3,23),(777,'2019-01-09 15:02:18.675522','3','Rahul',1,'[{\"added\": {}}]',22,23),(778,'2019-01-09 15:04:38.363069','3','Rahul',1,'[{\"added\": {}}]',34,23),(779,'2019-01-09 15:04:47.484693','3','Rahul',3,'',22,23),(780,'2019-01-10 11:27:57.495392','1','30-40%OFF',1,'[{\"added\": {}}]',40,23),(781,'2019-01-10 12:59:51.183113','10','Fiction, Literature & Novels',2,'[{\"changed\": {\"fields\": [\"cat\"]}}]',13,23),(782,'2019-01-10 13:00:50.877236','17','Short Stories & Poetry',2,'[{\"changed\": {\"fields\": [\"cat\"]}}]',13,23),(783,'2019-01-10 13:00:55.511186','16','Young Adult',2,'[{\"changed\": {\"fields\": [\"cat\"]}}]',13,23),(784,'2019-01-10 13:01:00.039832','15','Children\'s Books',2,'[]',13,23),(785,'2019-01-10 13:01:04.794388','14','Health & Fitness',2,'[]',13,23),(786,'2019-01-10 13:01:09.209033','13','Religion & Spirituality',2,'[{\"changed\": {\"fields\": [\"cat\"]}}]',13,23),(787,'2019-01-10 13:01:14.291351','12','Business & Finance',2,'[{\"changed\": {\"fields\": [\"cat\"]}}]',13,23),(788,'2019-01-10 13:01:19.212038','11','Biographies & Memoirs',2,'[{\"changed\": {\"fields\": [\"cat\"]}}]',13,23),(789,'2019-01-10 13:01:23.848868','10','Fiction, Literature & Novels',2,'[]',13,23),(790,'2019-01-10 13:01:28.656533','7','Action and Adventure',2,'[]',13,23),(791,'2019-01-10 13:01:32.112898','6','Biographies',2,'[]',13,23),(792,'2019-01-10 13:01:38.066737','5','Stories',2,'[]',13,23),(793,'2019-01-10 13:01:43.756106','4','Medical',2,'[]',13,23),(794,'2019-01-10 13:01:49.231377','3','Self-Development',2,'[]',13,23),(795,'2019-01-10 13:01:53.655024','3','Self-Development',2,'[]',13,23),(796,'2019-01-10 13:01:57.945032','2','Novels',2,'[]',13,23),(797,'2019-01-10 13:02:02.161630','1','Engineering',2,'[]',13,23),(798,'2019-01-10 13:02:28.566876','2','Novels',3,'',13,23),(799,'2019-01-10 13:02:43.770536','1','Engineering',3,'',13,23),(800,'2019-01-10 13:03:06.456817','4','Medical',3,'',13,23),(801,'2019-01-10 13:03:16.213478','6','Biographies',3,'',13,23),(802,'2019-01-10 13:03:28.352443','19','Competitive Books',3,'',13,23),(803,'2019-01-10 13:03:28.360180','6','Biographies',3,'',13,23),(804,'2019-01-10 13:03:40.580118','21','Competitive Books',3,'',13,23),(805,'2019-01-10 13:04:00.171707','5','Stories',3,'',13,23),(806,'2019-01-10 13:05:20.435271','7','Action and Adventure',3,'',13,23),(807,'2019-01-10 15:31:42.534301','28','Moby Dick',2,'[]',9,23),(808,'2019-01-10 15:43:03.989637','1','Warlord of Mars',1,'[{\"added\": {}}]',53,23),(809,'2019-01-10 15:43:12.542254','2','The Lion of Petra ',1,'[{\"added\": {}}]',53,23),(810,'2019-01-10 15:43:28.805794','3','Guns of the Gods: A Story of Yasmini\'s Youth ',1,'[{\"added\": {}}]',53,23),(811,'2019-01-10 15:43:37.778312','4','Hira Singh : when India came to fight in Flanders ',1,'[{\"added\": {}}]',53,23),(812,'2019-01-10 15:43:43.919450','5','Looking Backward, 2000 to 1887',1,'[{\"added\": {}}]',53,23),(813,'2019-01-10 15:43:50.139695','6','The Eye of Zeitoon',1,'[{\"added\": {}}]',53,23),(814,'2019-01-10 15:44:16.273064','6','The Eye of Zeitoon',3,'',53,23),(815,'2019-01-10 15:44:16.278170','5','Looking Backward, 2000 to 1887',3,'',53,23),(816,'2019-01-10 15:44:16.280189','4','Hira Singh : when India came to fight in Flanders ',3,'',53,23),(817,'2019-01-10 15:44:16.282801','3','Guns of the Gods: A Story of Yasmini\'s Youth ',3,'',53,23),(818,'2019-01-10 15:44:16.285639','2','The Lion of Petra ',3,'',53,23),(819,'2019-01-10 15:44:16.288761','1','Warlord of Mars',3,'',53,23),(820,'2019-01-10 15:48:48.404762','1','Bestsellers',1,'[{\"added\": {}}]',51,23),(821,'2019-01-10 17:01:03.518340','14','2019-01-10 17:00:53+00:00',1,'[{\"added\": {}}]',16,23),(822,'2019-01-10 17:01:30.211659','14','2019-01-10 17:00:53+00:00',2,'[{\"changed\": {\"fields\": [\"user\"]}}]',16,23),(823,'2019-01-10 17:06:58.917206','15','2019-01-10 17:06:51+00:00',1,'[{\"added\": {}}]',16,23),(824,'2019-01-10 17:07:10.047881','15','2019-01-10 17:06:51+00:00',2,'[{\"changed\": {\"fields\": [\"user\"]}}]',16,23),(825,'2019-01-10 17:08:03.840659','16','2019-01-10 17:07:56+00:00',1,'[{\"added\": {}}]',16,23),(826,'2019-01-10 17:09:26.810750','17','2019-01-10 17:09:18+00:00',1,'[{\"added\": {}}]',16,23),(827,'2019-01-10 17:22:01.372126','18','2019-01-10 17:21:52+00:00',1,'[{\"added\": {}}]',16,23),(828,'2019-01-10 17:23:33.376260','19','2019-01-10 17:23:27+00:00',1,'[{\"added\": {}}]',16,23),(829,'2019-01-10 17:23:48.545478','19','2019-01-10 17:23:27+00:00',2,'[{\"changed\": {\"fields\": [\"active\"]}}]',16,23),(830,'2019-01-10 17:25:52.722385','20','2019-01-10 17:25:36+00:00',1,'[{\"added\": {}}]',16,23),(831,'2019-01-10 17:26:49.510425','21','2019-01-10 17:26:38+00:00',1,'[{\"added\": {}}]',16,23),(832,'2019-01-10 17:28:12.408481','22','2019-01-10 17:28:04+00:00',1,'[{\"added\": {}}]',16,23),(833,'2019-01-10 17:28:54.209583','23','2019-01-10 17:28:45+00:00',1,'[{\"added\": {}}]',16,23),(834,'2019-01-10 17:34:51.863629','24','2019-01-10 17:34:44+00:00',1,'[{\"added\": {}}]',16,23),(835,'2019-01-10 18:53:53.209831','25','2019-01-10 18:53:41+00:00',1,'[{\"added\": {}}]',16,23),(836,'2019-01-10 19:26:22.220935','3','sharat',1,'[{\"added\": {}}]',11,23),(837,'2019-01-10 22:11:34.379860','2','Forest',3,'',24,23),(838,'2019-01-10 22:11:34.382465','1','Nature',3,'',24,23),(839,'2019-01-10 22:13:00.504710','28','Moby Dick',3,'',9,23),(840,'2019-01-10 22:14:14.649235','13','2018-12-01 10:47:45+00:00',3,'',16,23),(841,'2019-01-10 22:15:08.808174','188','epubcfi(/6/22[xchapter_005]!/4/2/14,/1:182,/1:337)',3,'',31,23),(842,'2019-01-10 22:15:08.810732','187','epubcfi(/6/142[xchapter_065]!/4/2/6,/1:5,/1:339)',3,'',31,23),(843,'2019-01-10 22:15:08.812229','186','epubcfi(/6/202[xchapter_095]!/4/2,/4/1:953,/6/1:21)',3,'',31,23),(844,'2019-01-10 22:15:08.813984','185','epubcfi(/6/202[xchapter_095]!/4/2/4,/1:499,/1:667)',3,'',31,23),(845,'2019-01-10 22:15:08.815367','184','epubcfi(/6/202[xchapter_095]!/4/2/4,/1:185,/1:349)',3,'',31,23),(846,'2019-01-10 22:15:08.817078','183','epubcfi(/6/62[xchapter_025]!/4/2/6,/1:50,/1:215)',3,'',31,23),(847,'2019-01-10 22:15:08.818426','174','epubcfi(/6/22[xchapter_005]!/4/2/10,/1:339,/1:424)',3,'',31,23),(848,'2019-01-10 22:15:21.510527','1','epubcfi(/6/194[xchapter_091]!/4/2/2/2/1:0)',3,'',19,23),(850,'2019-01-10 22:16:11.734946','37','notes',3,'',32,23),(851,'2019-01-10 22:16:11.737411','36','notes',3,'',32,23),(852,'2019-01-10 22:16:11.738915','35','notes',3,'',32,23),(853,'2019-01-10 22:16:25.097796','10','notes',3,'',33,23),(855,'2019-01-10 22:18:14.238692','141','Moby Dick',3,'',52,23),(856,'2019-01-10 22:18:14.241401','138','Moby Dick',3,'',52,23),(857,'2019-01-10 22:18:14.243276','137','Moby Dick',3,'',52,23),(858,'2019-01-10 22:18:14.245695','134','Moby Dick',3,'',52,23),(859,'2019-01-10 22:18:14.247282','122','Moby Dick',3,'',52,23),(860,'2019-01-10 22:18:14.249532','103','Moby Dick',3,'',52,23),(861,'2019-01-10 22:18:14.251025','76','Moby Dick',3,'',52,23),(862,'2019-01-10 22:18:14.252591','75','Moby Dick',3,'',52,23),(863,'2019-01-10 22:18:14.254567','74','Moby Dick',3,'',52,23),(864,'2019-01-10 22:18:14.255847','73','Moby Dick',3,'',52,23),(865,'2019-01-10 22:18:14.257896','72','Moby Dick',3,'',52,23),(866,'2019-01-10 22:18:14.259275','71','Moby Dick',3,'',52,23),(867,'2019-01-10 22:18:14.261434','70','Moby Dick',3,'',52,23),(868,'2019-01-10 22:18:14.262811','69','Moby Dick',3,'',52,23),(869,'2019-01-10 22:18:14.264225','68','Moby Dick',3,'',52,23),(870,'2019-01-10 22:18:14.266231','67','Moby Dick',3,'',52,23),(871,'2019-01-10 22:18:14.267639','66','Moby Dick',3,'',52,23),(872,'2019-01-10 22:18:14.269933','65','Moby Dick',3,'',52,23),(873,'2019-01-10 22:18:14.271494','64','Moby Dick',3,'',52,23),(874,'2019-01-10 22:18:14.273453','63','Moby Dick',3,'',52,23),(875,'2019-01-10 22:18:14.274970','62','Moby Dick',3,'',52,23),(876,'2019-01-10 22:18:14.276446','61','Moby Dick',3,'',52,23),(877,'2019-01-10 22:18:14.278538','60','Moby Dick',3,'',52,23),(878,'2019-01-10 22:18:14.280032','59','Moby Dick',3,'',52,23),(879,'2019-01-10 22:18:14.281990','58','Moby Dick',3,'',52,23),(880,'2019-01-10 22:18:14.283272','57','Moby Dick',3,'',52,23),(881,'2019-01-10 22:18:14.285372','56','Moby Dick',3,'',52,23),(882,'2019-01-10 22:18:14.286719','55','Moby Dick',3,'',52,23),(883,'2019-01-10 22:18:14.288176','50','Moby Dick',3,'',52,23),(884,'2019-01-10 22:18:14.290292','48','Moby Dick',3,'',52,23),(885,'2019-01-10 22:18:36.479255','12','Moby Dick',3,'',52,23),(886,'2019-01-10 22:18:36.482019','10','Moby Dick',3,'',52,23),(887,'2019-01-10 22:18:36.483658','9','Moby Dick',3,'',52,23),(888,'2019-01-10 22:18:36.485944','8','Moby Dick',3,'',52,23),(889,'2019-01-10 22:18:36.487379','6','Moby Dick',3,'',52,23),(890,'2019-01-10 22:18:36.489456','5','Moby Dick',3,'',52,23),(891,'2019-01-10 22:18:36.490807','3','Moby Dick',3,'',52,23),(892,'2019-01-10 22:18:36.492300','2','Moby Dick',3,'',52,23),(893,'2019-01-10 22:18:36.494254','1','Moby Dick',3,'',52,23),(894,'2019-01-10 22:19:02.630607','88','Moby Dick',3,'',52,23),(895,'2019-01-10 22:19:02.633022','87','Moby Dick',3,'',52,23),(896,'2019-01-10 22:19:02.635061','86','Moby Dick',3,'',52,23),(897,'2019-01-10 22:19:02.637184','85','Moby Dick',3,'',52,23),(898,'2019-01-10 22:19:02.638870','19','Moby Dick',3,'',52,23),(900,'2019-01-10 22:21:19.588033','510','right',3,'',37,23),(901,'2019-01-10 22:21:19.590913','509','left',3,'',37,23),(902,'2019-01-10 22:21:19.592541','508','right',3,'',37,23),(903,'2019-01-10 22:21:19.594825','507','full',3,'',37,23),(904,'2019-01-10 22:21:19.596268','506','left',3,'',37,23),(905,'2019-01-10 22:21:19.598250','505','right',3,'',37,23),(906,'2019-01-10 22:21:19.599641','504','full',3,'',37,23),(907,'2019-01-10 22:21:19.601652','503','full',3,'',37,23),(908,'2019-01-10 22:21:19.603069','502','left',3,'',37,23),(909,'2019-01-10 22:21:19.604405','501','right',3,'',37,23),(910,'2019-01-10 22:21:19.606356','500','full',3,'',37,23),(911,'2019-01-10 22:21:19.607837','499','left',3,'',37,23),(912,'2019-01-10 22:21:19.609726','498','right',3,'',37,23),(913,'2019-01-10 22:21:19.611043','497','full',3,'',37,23),(914,'2019-01-10 22:21:19.612383','496','left',3,'',37,23),(915,'2019-01-10 22:21:19.614229','495','right',3,'',37,23),(916,'2019-01-10 22:21:19.615600','494','full',3,'',37,23),(917,'2019-01-10 22:21:19.617620','493','left',3,'',37,23),(918,'2019-01-10 22:21:19.619050','492','right',3,'',37,23),(919,'2019-01-10 22:21:19.620405','491','full',3,'',37,23),(920,'2019-01-10 22:21:19.622264','490','left',3,'',37,23),(921,'2019-01-10 22:21:19.623803','489','right',3,'',37,23),(922,'2019-01-10 22:21:19.625641','488','full',3,'',37,23),(923,'2019-01-10 22:21:19.627014','487','left',3,'',37,23),(924,'2019-01-10 22:21:19.628364','486','right',3,'',37,23),(925,'2019-01-10 22:21:19.630208','485','full',3,'',37,23),(926,'2019-01-10 22:21:19.631593','484','full',3,'',37,23),(927,'2019-01-10 22:21:19.633518','483','left',3,'',37,23),(928,'2019-01-10 22:21:19.635020','482','right',3,'',37,23),(929,'2019-01-10 22:21:19.636466','481','full',3,'',37,23),(930,'2019-01-10 22:21:19.638276','480','left',3,'',37,23),(931,'2019-01-10 22:21:19.642162','479','right',3,'',37,23),(932,'2019-01-10 22:21:19.643560','478','right',3,'',37,23),(933,'2019-01-10 22:21:19.645492','477','full',3,'',37,23),(934,'2019-01-10 22:21:19.646953','476','full',3,'',37,23),(935,'2019-01-10 22:21:19.648454','475','left',3,'',37,23),(936,'2019-01-10 22:21:19.650346','474','right',3,'',37,23),(937,'2019-01-10 22:21:19.651750','473','full',3,'',37,23),(938,'2019-01-10 22:21:19.653702','472','full',3,'',37,23),(939,'2019-01-10 22:21:19.655248','471','full',3,'',37,23),(940,'2019-01-10 22:21:19.657405','470','full',3,'',37,23),(941,'2019-01-10 22:21:19.658822','469','left',3,'',37,23),(942,'2019-01-10 22:21:19.660367','468','right',3,'',37,23),(943,'2019-01-10 22:21:19.662443','467','left',3,'',37,23),(944,'2019-01-10 22:21:19.663894','466','left',3,'',37,23),(945,'2019-01-10 22:21:19.665769','465','right',3,'',37,23),(946,'2019-01-10 22:21:19.667053','464','full',3,'',37,23),(947,'2019-01-10 22:21:19.669024','463','left',3,'',37,23),(948,'2019-01-10 22:21:19.670402','462','right',3,'',37,23),(949,'2019-01-10 22:21:19.671736','461','right',3,'',37,23),(950,'2019-01-10 22:21:19.673682','460','full',3,'',37,23),(951,'2019-01-10 22:21:19.675206','459','full',3,'',37,23),(952,'2019-01-10 22:21:19.677200','458','left',3,'',37,23),(953,'2019-01-10 22:21:19.678634','457','right',3,'',37,23),(954,'2019-01-10 22:21:19.680045','456','full',3,'',37,23),(955,'2019-01-10 22:21:19.682107','455','left',3,'',37,23),(956,'2019-01-10 22:21:19.683586','454','right',3,'',37,23),(957,'2019-01-10 22:21:19.685667','453','full',3,'',37,23),(958,'2019-01-10 22:21:19.687120','452','left',3,'',37,23),(959,'2019-01-10 22:21:19.688512','451','right',3,'',37,23),(960,'2019-01-10 22:21:19.690306','450','full',3,'',37,23),(961,'2019-01-10 22:21:19.691733','449','left',3,'',37,23),(962,'2019-01-10 22:21:19.694191','448','right',3,'',37,23),(963,'2019-01-10 22:21:19.695914','447','full',3,'',37,23),(964,'2019-01-10 22:21:19.698004','446','left',3,'',37,23),(965,'2019-01-10 22:21:19.699332','445','right',3,'',37,23),(966,'2019-01-10 22:21:19.701427','444','left',3,'',37,23),(967,'2019-01-10 22:21:19.703042','443','right',3,'',37,23),(968,'2019-01-10 22:21:19.704664','442','full',3,'',37,23),(969,'2019-01-10 22:21:19.706670','441','left',3,'',37,23),(970,'2019-01-10 22:21:19.708149','440','right',3,'',37,23),(971,'2019-01-10 22:21:19.710155','439','full',3,'',37,23),(972,'2019-01-10 22:21:19.711543','438','left',3,'',37,23),(973,'2019-01-10 22:21:19.713654','437','right',3,'',37,23),(974,'2019-01-10 22:21:19.714990','436','full',3,'',37,23),(975,'2019-01-10 22:21:19.716306','435','left',3,'',37,23),(976,'2019-01-10 22:21:19.718374','434','right',3,'',37,23),(977,'2019-01-10 22:21:19.719856','433','left',3,'',37,23),(978,'2019-01-10 22:21:19.722549','432','right',3,'',37,23),(979,'2019-01-10 22:21:19.724059','431','left',3,'',37,23),(980,'2019-01-10 22:21:19.726211','430','left',3,'',37,23),(981,'2019-01-10 22:21:19.727649','429','left',3,'',37,23),(982,'2019-01-10 22:21:19.731486','428','right',3,'',37,23),(983,'2019-01-10 22:21:19.733445','427','left',3,'',37,23),(984,'2019-01-10 22:21:19.734911','426','left',3,'',37,23),(985,'2019-01-10 22:21:19.736462','425','left',3,'',37,23),(986,'2019-01-10 22:21:19.738997','424','right',3,'',37,23),(987,'2019-01-10 22:21:19.740574','423','right',3,'',37,23),(988,'2019-01-10 22:21:19.742752','422','left',3,'',37,23),(989,'2019-01-10 22:21:19.744140','421','right',3,'',37,23),(990,'2019-01-10 22:21:19.746094','420','full',3,'',37,23),(991,'2019-01-10 22:21:19.747521','419','right',3,'',37,23),(992,'2019-01-10 22:21:19.749472','418','full',3,'',37,23),(993,'2019-01-10 22:21:19.750871','417','left',3,'',37,23),(994,'2019-01-10 22:21:19.752493','416','left',3,'',37,23),(995,'2019-01-10 22:21:19.754470','415','right',3,'',37,23),(996,'2019-01-10 22:21:19.755852','414','left',3,'',37,23),(997,'2019-01-10 22:21:19.757972','413','full',3,'',37,23),(998,'2019-01-10 22:21:19.759408','412','right',3,'',37,23),(999,'2019-01-10 22:21:19.761515','411','left',3,'',37,23),(1000,'2019-01-10 22:21:28.553511','410','right',3,'',37,23),(1001,'2019-01-10 22:21:28.556169','409','left',3,'',37,23),(1002,'2019-01-10 22:21:28.558177','408','right',3,'',37,23),(1003,'2019-01-10 22:21:28.560159','407','left',3,'',37,23),(1004,'2019-01-10 22:21:28.562324','406','right',3,'',37,23),(1005,'2019-01-10 22:21:28.563798','405','left',3,'',37,23),(1006,'2019-01-10 22:21:28.565692','404','right',3,'',37,23),(1007,'2019-01-10 22:21:28.567058','403','left',3,'',37,23),(1008,'2019-01-10 22:21:28.568728','402','right',3,'',37,23),(1009,'2019-01-10 22:21:28.570650','401','left',3,'',37,23),(1010,'2019-01-10 22:21:28.572013','400','right',3,'',37,23),(1011,'2019-01-10 22:21:28.573892','399','left',3,'',37,23),(1012,'2019-01-10 22:21:28.575201','398','right',3,'',37,23),(1013,'2019-01-10 22:21:28.577094','397','left',3,'',37,23),(1014,'2019-01-10 22:21:28.578435','396','right',3,'',37,23),(1015,'2019-01-10 22:21:28.579756','395','left',3,'',37,23),(1016,'2019-01-10 22:21:28.581656','394','right',3,'',37,23),(1017,'2019-01-10 22:21:28.582961','393','left',3,'',37,23),(1018,'2019-01-10 22:21:28.584451','392','right',3,'',37,23),(1019,'2019-01-10 22:21:28.586249','391','full',3,'',37,23),(1020,'2019-01-10 22:21:28.587622','390','right',3,'',37,23),(1021,'2019-01-10 22:21:28.589782','389','left',3,'',37,23),(1022,'2019-01-10 22:21:28.591117','388','right',3,'',37,23),(1023,'2019-01-10 22:21:28.592480','387','left',3,'',37,23),(1024,'2019-01-10 22:21:28.594253','386','left',3,'',37,23),(1025,'2019-01-10 22:21:28.595633','385','left',3,'',37,23),(1026,'2019-01-10 22:21:28.597487','384','right',3,'',37,23),(1027,'2019-01-10 22:21:28.598972','383','full',3,'',37,23),(1028,'2019-01-10 22:21:28.600432','382','left',3,'',37,23),(1029,'2019-01-10 22:21:28.602338','381','right',3,'',37,23),(1030,'2019-01-10 22:21:28.603809','380','left',3,'',37,23),(1031,'2019-01-10 22:21:28.605915','379','right',3,'',37,23),(1032,'2019-01-10 22:21:28.607276','378','left',3,'',37,23),(1033,'2019-01-10 22:21:28.609446','377','right',3,'',37,23),(1034,'2019-01-10 22:21:28.611057','376','full',3,'',37,23),(1035,'2019-01-10 22:21:28.612533','375','left',3,'',37,23),(1036,'2019-01-10 22:21:28.614421','374','right',3,'',37,23),(1037,'2019-01-10 22:21:28.615767','373','full',3,'',37,23),(1038,'2019-01-10 22:21:28.617487','372','left',3,'',37,23),(1039,'2019-01-10 22:21:28.618743','371','right',3,'',37,23),(1040,'2019-01-10 22:21:28.620090','370','full',3,'',37,23),(1041,'2019-01-10 22:21:28.621854','369','left',3,'',37,23),(1042,'2019-01-10 22:21:28.623081','368','right',3,'',37,23),(1043,'2019-01-10 22:21:28.624541','367','full',3,'',37,23),(1044,'2019-01-10 22:21:28.626488','366','left',3,'',37,23),(1045,'2019-01-10 22:21:28.627854','365','right',3,'',37,23),(1046,'2019-01-10 22:21:28.629672','364','full',3,'',37,23),(1047,'2019-01-10 22:21:28.631356','363','left',3,'',37,23),(1048,'2019-01-10 22:21:28.633204','362','left',3,'',37,23),(1049,'2019-01-10 22:21:28.634562','361','right',3,'',37,23),(1050,'2019-01-10 22:21:28.635970','360','full',3,'',37,23),(1051,'2019-01-10 22:21:28.637673','359','left',3,'',37,23),(1052,'2019-01-10 22:21:28.639034','358','full',3,'',37,23),(1053,'2019-01-10 22:21:28.640408','357','left',3,'',37,23),(1054,'2019-01-10 22:21:28.642251','356','right',3,'',37,23),(1055,'2019-01-10 22:21:28.643588','355','left',3,'',37,23),(1056,'2019-01-10 22:21:28.645384','354','right',3,'',37,23),(1057,'2019-01-10 22:21:28.646692','353','left',3,'',37,23),(1058,'2019-01-10 22:21:28.648138','352','right',3,'',37,23),(1059,'2019-01-10 22:21:28.649861','351','left',3,'',37,23),(1060,'2019-01-10 22:21:28.651077','350','right',3,'',37,23),(1061,'2019-01-10 22:21:28.652318','349','full',3,'',37,23),(1062,'2019-01-10 22:21:28.654045','348','left',3,'',37,23),(1063,'2019-01-10 22:21:28.655298','347','right',3,'',37,23),(1064,'2019-01-10 22:21:28.657015','346','left',3,'',37,23),(1065,'2019-01-10 22:21:28.658332','345','right',3,'',37,23),(1066,'2019-01-10 22:21:28.659780','344','full',3,'',37,23),(1067,'2019-01-10 22:21:28.661789','343','left',3,'',37,23),(1068,'2019-01-10 22:21:28.663210','342','left',3,'',37,23),(1069,'2019-01-10 22:21:28.665082','341','right',3,'',37,23),(1070,'2019-01-10 22:21:28.666371','340','left',3,'',37,23),(1071,'2019-01-10 22:21:28.667672','339','left',3,'',37,23),(1072,'2019-01-10 22:21:28.669608','338','right',3,'',37,23),(1073,'2019-01-10 22:21:28.670879','337','full',3,'',37,23),(1074,'2019-01-10 22:21:28.672198','336','left',3,'',37,23),(1075,'2019-01-10 22:21:28.674064','335','right',3,'',37,23),(1076,'2019-01-10 22:21:28.675419','334','full',3,'',37,23),(1077,'2019-01-10 22:21:28.677398','333','left',3,'',37,23),(1078,'2019-01-10 22:21:28.678769','332','right',3,'',37,23),(1079,'2019-01-10 22:21:28.680216','331','full',3,'',37,23),(1080,'2019-01-10 22:21:28.682042','330','left',3,'',37,23),(1081,'2019-01-10 22:21:28.683317','329','right',3,'',37,23),(1082,'2019-01-10 22:21:28.685015','328','full',3,'',37,23),(1083,'2019-01-10 22:21:28.686280','327','left',3,'',37,23),(1084,'2019-01-10 22:21:28.687631','326','right',3,'',37,23),(1085,'2019-01-10 22:21:28.689396','325','left',3,'',37,23),(1086,'2019-01-10 22:21:28.690704','324','right',3,'',37,23),(1087,'2019-01-10 22:21:28.692171','323','full',3,'',37,23),(1088,'2019-01-10 22:21:28.694193','322','left',3,'',37,23),(1089,'2019-01-10 22:21:28.695562','321','right',3,'',37,23),(1090,'2019-01-10 22:21:28.697520','320','full',3,'',37,23),(1091,'2019-01-10 22:21:28.698794','319','left',3,'',37,23),(1092,'2019-01-10 22:21:28.700110','318','right',3,'',37,23),(1093,'2019-01-10 22:21:28.702113','317','full',3,'',37,23),(1094,'2019-01-10 22:21:28.703516','316','left',3,'',37,23),(1095,'2019-01-10 22:21:28.705387','315','right',3,'',37,23),(1096,'2019-01-10 22:21:28.706758','314','full',3,'',37,23),(1097,'2019-01-10 22:21:28.708173','313','left',3,'',37,23),(1098,'2019-01-10 22:21:28.710272','312','right',3,'',37,23),(1099,'2019-01-10 22:21:28.711704','311','full',3,'',37,23),(1100,'2019-01-10 22:21:39.636266','310','left',3,'',37,23),(1101,'2019-01-10 22:21:39.638970','309','right',3,'',37,23),(1102,'2019-01-10 22:21:39.640520','308','full',3,'',37,23),(1103,'2019-01-10 22:21:39.642420','307','left',3,'',37,23),(1104,'2019-01-10 22:21:39.643698','306','right',3,'',37,23),(1105,'2019-01-10 22:21:39.645576','305','left',3,'',37,23),(1106,'2019-01-10 22:21:39.646901','304','right',3,'',37,23),(1107,'2019-01-10 22:21:39.648262','303','full',3,'',37,23),(1108,'2019-01-10 22:21:39.649950','302','left',3,'',37,23),(1109,'2019-01-10 22:21:39.653240','301','right',3,'',37,23),(1110,'2019-01-10 22:21:39.654537','300','full',3,'',37,23),(1111,'2019-01-10 22:21:39.655924','299','left',3,'',37,23),(1112,'2019-01-10 22:21:39.657776','298','right',3,'',37,23),(1113,'2019-01-10 22:21:39.659309','297','left',3,'',37,23),(1114,'2019-01-10 22:21:39.661182','296','right',3,'',37,23),(1115,'2019-01-10 22:21:39.662583','295','left',3,'',37,23),(1116,'2019-01-10 22:21:39.663908','294','right',3,'',37,23),(1117,'2019-01-10 22:21:39.665686','293','full',3,'',37,23),(1118,'2019-01-10 22:21:39.667003','292','left',3,'',37,23),(1119,'2019-01-10 22:21:39.668469','291','right',3,'',37,23),(1120,'2019-01-10 22:21:39.670524','290','full',3,'',37,23),(1121,'2019-01-10 22:21:39.671891','289','full',3,'',37,23),(1122,'2019-01-10 22:21:39.673852','288','left',3,'',37,23),(1123,'2019-01-10 22:21:39.675164','287','right',3,'',37,23),(1124,'2019-01-10 22:21:39.677033','286','full',3,'',37,23),(1125,'2019-01-10 22:21:39.678419','285','left',3,'',37,23),(1126,'2019-01-10 22:21:39.679724','284','right',3,'',37,23),(1127,'2019-01-10 22:21:39.683151','283','full',3,'',37,23),(1128,'2019-01-10 22:21:39.684866','282','full',3,'',37,23),(1129,'2019-01-10 22:21:39.686189','281','left',3,'',37,23),(1130,'2019-01-10 22:21:39.687611','280','right',3,'',37,23),(1131,'2019-01-10 22:21:39.689529','279','full',3,'',37,23),(1132,'2019-01-10 22:21:39.691315','278','left',3,'',37,23),(1133,'2019-01-10 22:21:39.693192','277','right',3,'',37,23),(1134,'2019-01-10 22:21:39.694612','276','full',3,'',37,23),(1135,'2019-01-10 22:21:39.696084','275','left',3,'',37,23),(1136,'2019-01-10 22:21:39.698169','274','right',3,'',37,23),(1137,'2019-01-10 22:21:39.699630','273','left',3,'',37,23),(1138,'2019-01-10 22:21:39.701368','272','right',3,'',37,23),(1139,'2019-01-10 22:21:39.702675','271','full',3,'',37,23),(1140,'2019-01-10 22:21:39.704041','270','left',3,'',37,23),(1141,'2019-01-10 22:21:39.705947','269','right',3,'',37,23),(1142,'2019-01-10 22:21:39.707331','268','right',3,'',37,23),(1143,'2019-01-10 22:21:39.709147','267','full',3,'',37,23),(1144,'2019-01-10 22:21:39.710592','266','left',3,'',37,23),(1145,'2019-01-10 22:21:39.711980','265','right',3,'',37,23),(1146,'2019-01-10 22:21:39.713716','264','left',3,'',37,23),(1147,'2019-01-10 22:21:39.715039','263','right',3,'',37,23),(1148,'2019-01-10 22:21:39.716456','262','right',3,'',37,23),(1149,'2019-01-10 22:21:39.718281','261','right',3,'',37,23),(1150,'2019-01-10 22:21:39.719564','260','right',3,'',37,23),(1151,'2019-01-10 22:21:39.721446','259','right',3,'',37,23),(1152,'2019-01-10 22:21:39.722788','258','right',3,'',37,23),(1153,'2019-01-10 22:21:39.724172','257','right',3,'',37,23),(1154,'2019-01-10 22:21:39.725989','256','right',3,'',37,23),(1155,'2019-01-10 22:21:39.727325','255','full',3,'',37,23),(1156,'2019-01-10 22:21:39.729337','254','left',3,'',37,23),(1157,'2019-01-10 22:21:39.730810','253','right',3,'',37,23),(1158,'2019-01-10 22:21:39.732254','252','full',3,'',37,23),(1159,'2019-01-10 22:21:39.734186','251','left',3,'',37,23),(1160,'2019-01-10 22:21:39.735548','250','right',3,'',37,23),(1161,'2019-01-10 22:21:39.737346','249','right',3,'',37,23),(1162,'2019-01-10 22:21:39.738727','248','full',3,'',37,23),(1163,'2019-01-10 22:21:39.740059','247','left',3,'',37,23),(1164,'2019-01-10 22:21:39.741762','246','left',3,'',37,23),(1165,'2019-01-10 22:21:39.743121','245','right',3,'',37,23),(1166,'2019-01-10 22:21:39.744432','244','full',3,'',37,23),(1167,'2019-01-10 22:21:39.746167','243','left',3,'',37,23),(1168,'2019-01-10 22:21:39.747510','242','left',3,'',37,23),(1169,'2019-01-10 22:21:39.749416','241','right',3,'',37,23),(1170,'2019-01-10 22:21:39.750682','240','full',3,'',37,23),(1171,'2019-01-10 22:21:39.752040','239','left',3,'',37,23),(1172,'2019-01-10 22:21:39.754081','238','right',3,'',37,23),(1173,'2019-01-10 22:21:39.755449','237','right',3,'',37,23),(1174,'2019-01-10 22:21:39.757335','236','full',3,'',37,23),(1175,'2019-01-10 22:21:39.758725','235','right',3,'',37,23),(1176,'2019-01-10 22:21:39.760168','234','full',3,'',37,23),(1177,'2019-01-10 22:21:39.762268','233','left',3,'',37,23),(1178,'2019-01-10 22:21:39.763564','232','right',3,'',37,23),(1179,'2019-01-10 22:21:39.765450','231','left',3,'',37,23),(1180,'2019-01-10 22:21:39.766757','230','right',3,'',37,23),(1181,'2019-01-10 22:21:39.768157','229','full',3,'',37,23),(1182,'2019-01-10 22:21:39.770064','228','left',3,'',37,23),(1183,'2019-01-10 22:21:39.771343','227','right',3,'',37,23),(1184,'2019-01-10 22:21:39.773138','226','full',3,'',37,23),(1185,'2019-01-10 22:21:39.774455','225','left',3,'',37,23),(1186,'2019-01-10 22:21:39.775927','224','right',3,'',37,23),(1187,'2019-01-10 22:21:39.777723','223','left',3,'',37,23),(1188,'2019-01-10 22:21:39.779103','222','full',3,'',37,23),(1189,'2019-01-10 22:21:39.780518','221','left',3,'',37,23),(1190,'2019-01-10 22:21:39.782453','220','right',3,'',37,23),(1191,'2019-01-10 22:21:39.783742','219','right',3,'',37,23),(1192,'2019-01-10 22:21:39.785425','218','full',3,'',37,23),(1193,'2019-01-10 22:21:39.786725','217','left',3,'',37,23),(1194,'2019-01-10 22:21:39.788133','216','right',3,'',37,23),(1195,'2019-01-10 22:21:39.790133','215','full',3,'',37,23),(1196,'2019-01-10 22:21:39.791432','214','left',3,'',37,23),(1197,'2019-01-10 22:21:39.793299','213','full',3,'',37,23),(1198,'2019-01-10 22:21:39.794724','212','left',3,'',37,23),(1199,'2019-01-10 22:21:39.796223','211','right',3,'',37,23),(1200,'2019-01-10 22:21:46.755863','210','full',3,'',37,23),(1201,'2019-01-10 22:21:46.758830','209','left',3,'',37,23),(1202,'2019-01-10 22:21:46.760309','208','right',3,'',37,23),(1203,'2019-01-10 22:21:46.762346','207','full',3,'',37,23),(1204,'2019-01-10 22:21:46.763760','206','left',3,'',37,23),(1205,'2019-01-10 22:21:46.765606','205','right',3,'',37,23),(1206,'2019-01-10 22:21:46.767088','204','full',3,'',37,23),(1207,'2019-01-10 22:21:46.769576','203','left',3,'',37,23),(1208,'2019-01-10 22:21:46.770879','202','right',3,'',37,23),(1209,'2019-01-10 22:21:46.772218','201','full',3,'',37,23),(1210,'2019-01-10 22:21:46.776194','200','right',3,'',37,23),(1211,'2019-01-10 22:21:46.778094','199','full',3,'',37,23),(1212,'2019-01-10 22:21:46.779540','198','left',3,'',37,23),(1213,'2019-01-10 22:21:46.781655','197','right',3,'',37,23),(1214,'2019-01-10 22:21:46.782985','196','full',3,'',37,23),(1215,'2019-01-10 22:21:46.784430','195','left',3,'',37,23),(1216,'2019-01-10 22:21:46.786298','194','right',3,'',37,23),(1217,'2019-01-10 22:21:46.787549','193','full',3,'',37,23),(1218,'2019-01-10 22:21:46.789448','192','left',3,'',37,23),(1219,'2019-01-10 22:21:46.790978','191','right',3,'',37,23),(1220,'2019-01-10 22:21:46.793250','190','full',3,'',37,23),(1221,'2019-01-10 22:21:46.794625','189','left',3,'',37,23),(1222,'2019-01-10 22:21:46.795982','188','right',3,'',37,23),(1223,'2019-01-10 22:21:46.799213','187','full',3,'',37,23),(1224,'2019-01-10 22:21:46.801082','186','left',3,'',37,23),(1225,'2019-01-10 22:21:46.802452','185','right',3,'',37,23),(1226,'2019-01-10 22:21:46.804058','184','full',3,'',37,23),(1227,'2019-01-10 22:21:46.805910','183','left',3,'',37,23),(1228,'2019-01-10 22:21:46.807165','182','right',3,'',37,23),(1229,'2019-01-10 22:21:46.808943','181','full',3,'',37,23),(1230,'2019-01-10 22:21:46.810290','180','left',3,'',37,23),(1231,'2019-01-10 22:21:46.811578','179','right',3,'',37,23),(1232,'2019-01-10 22:21:46.813726','178','left',3,'',37,23),(1233,'2019-01-10 22:21:46.815491','177','right',3,'',37,23),(1234,'2019-01-10 22:21:46.817441','176','full',3,'',37,23),(1235,'2019-01-10 22:21:46.818691','175','left',3,'',37,23),(1236,'2019-01-10 22:21:46.820082','174','right',3,'',37,23),(1237,'2019-01-10 22:21:46.821944','173','full',3,'',37,23),(1238,'2019-01-10 22:21:46.823243','172','left',3,'',37,23),(1239,'2019-01-10 22:21:46.825103','171','right',3,'',37,23),(1240,'2019-01-10 22:21:46.826651','170','full',3,'',37,23),(1241,'2019-01-10 22:21:46.828008','169','left',3,'',37,23),(1242,'2019-01-10 22:21:46.830052','168','right',3,'',37,23),(1243,'2019-01-10 22:21:46.831435','167','full',3,'',37,23),(1244,'2019-01-10 22:21:46.833368','166','left',3,'',37,23),(1245,'2019-01-10 22:21:46.834873','165','left',3,'',37,23),(1246,'2019-01-10 22:21:46.836186','164','right',3,'',37,23),(1247,'2019-01-10 22:21:46.838521','163','full',3,'',37,23),(1248,'2019-01-10 22:21:46.839969','162','left',3,'',37,23),(1249,'2019-01-10 22:21:46.841946','161','right',3,'',37,23),(1250,'2019-01-10 22:21:46.843225','160','full',3,'',37,23),(1251,'2019-01-10 22:21:46.845126','159','left',3,'',37,23),(1252,'2019-01-10 22:21:46.846432','158','right',3,'',37,23),(1253,'2019-01-10 22:21:46.847825','157','full',3,'',37,23),(1254,'2019-01-10 22:21:46.849766','156','left',3,'',37,23),(1255,'2019-01-10 22:21:46.851012','155','right',3,'',37,23),(1256,'2019-01-10 22:21:46.852293','154','full',3,'',37,23),(1257,'2019-01-10 22:21:46.854500','153','left',3,'',37,23),(1258,'2019-01-10 22:21:46.855774','152','left',3,'',37,23),(1259,'2019-01-10 22:21:46.857906','151','right',3,'',37,23),(1260,'2019-01-10 22:21:46.859261','150','left',3,'',37,23),(1261,'2019-01-10 22:21:46.861729','149','right',3,'',37,23),(1262,'2019-01-10 22:21:46.862997','148','full',3,'',37,23),(1263,'2019-01-10 22:21:46.864278','147','left',3,'',37,23),(1264,'2019-01-10 22:21:46.866208','146','right',3,'',37,23),(1265,'2019-01-10 22:21:46.867445','145','full',3,'',37,23),(1266,'2019-01-10 22:21:46.869271','144','left',3,'',37,23),(1267,'2019-01-10 22:21:46.870695','143','right',3,'',37,23),(1268,'2019-01-10 22:21:46.872208','142','full',3,'',37,23),(1269,'2019-01-10 22:21:46.874082','141','left',3,'',37,23),(1270,'2019-01-10 22:21:46.875356','140','right',3,'',37,23),(1271,'2019-01-10 22:21:46.877309','139','full',3,'',37,23),(1272,'2019-01-10 22:21:46.878661','138','right',3,'',37,23),(1273,'2019-01-10 22:21:46.880092','137','left',3,'',37,23),(1274,'2019-01-10 22:21:46.882033','136','right',3,'',37,23),(1275,'2019-01-10 22:21:46.886237','135','full',3,'',37,23),(1276,'2019-01-10 22:21:46.887642','134','left',3,'',37,23),(1277,'2019-01-10 22:21:46.889571','133','right',3,'',37,23),(1278,'2019-01-10 22:21:46.890844','132','full',3,'',37,23),(1279,'2019-01-10 22:21:46.892293','131','left',3,'',37,23),(1280,'2019-01-10 22:21:46.894126','130','right',3,'',37,23),(1281,'2019-01-10 22:21:46.895602','129','full',3,'',37,23),(1282,'2019-01-10 22:21:46.897343','128','left',3,'',37,23),(1283,'2019-01-10 22:21:46.898674','127','right',3,'',37,23),(1284,'2019-01-10 22:21:46.900049','126','left',3,'',37,23),(1285,'2019-01-10 22:21:46.901749','125','right',3,'',37,23),(1286,'2019-01-10 22:21:46.902988','124','right',3,'',37,23),(1287,'2019-01-10 22:21:46.904367','123','full',3,'',37,23),(1288,'2019-01-10 22:21:46.906333','122','full',3,'',37,23),(1289,'2019-01-10 22:21:46.907691','121','left',3,'',37,23),(1290,'2019-01-10 22:21:46.909393','120','right',3,'',37,23),(1291,'2019-01-10 22:21:46.910657','119','full',3,'',37,23),(1292,'2019-01-10 22:21:46.912016','118','left',3,'',37,23),(1293,'2019-01-10 22:21:46.913729','117','right',3,'',37,23),(1294,'2019-01-10 22:21:46.914957','116','full',3,'',37,23),(1295,'2019-01-10 22:21:46.916252','115','left',3,'',37,23),(1296,'2019-01-10 22:21:46.918258','114','right',3,'',37,23),(1297,'2019-01-10 22:21:46.919585','113','full',3,'',37,23),(1298,'2019-01-10 22:21:46.921354','112','left',3,'',37,23),(1299,'2019-01-10 22:21:46.922641','111','right',3,'',37,23),(1300,'2019-01-10 22:21:54.893281','110','full',3,'',37,23),(1301,'2019-01-10 22:21:54.895744','109','full',3,'',37,23),(1302,'2019-01-10 22:21:54.897691','108','left',3,'',37,23),(1303,'2019-01-10 22:21:54.899157','107','right',3,'',37,23),(1304,'2019-01-10 22:21:54.901076','106','full',3,'',37,23),(1305,'2019-01-10 22:21:54.902443','105','left',3,'',37,23),(1306,'2019-01-10 22:21:54.903814','104','right',3,'',37,23),(1307,'2019-01-10 22:21:54.905838','103','full',3,'',37,23),(1308,'2019-01-10 22:21:54.907127','102','left',3,'',37,23),(1309,'2019-01-10 22:21:54.908388','101','right',3,'',37,23),(1310,'2019-01-10 22:21:54.910238','100','full',3,'',37,23),(1311,'2019-01-10 22:21:54.911687','99','left',3,'',37,23),(1312,'2019-01-10 22:21:54.913475','98','right',3,'',37,23),(1313,'2019-01-10 22:21:54.914802','97','full',3,'',37,23),(1314,'2019-01-10 22:21:54.916100','96','left',3,'',37,23),(1315,'2019-01-10 22:21:54.917897','95','right',3,'',37,23),(1316,'2019-01-10 22:21:54.919187','94','full',3,'',37,23),(1317,'2019-01-10 22:21:54.921062','93','left',3,'',37,23),(1318,'2019-01-10 22:21:54.922332','92','right',3,'',37,23),(1319,'2019-01-10 22:21:54.923646','91','full',3,'',37,23),(1320,'2019-01-10 22:21:54.925655','90','left',3,'',37,23),(1321,'2019-01-10 22:21:54.927057','89','right',3,'',37,23),(1322,'2019-01-10 22:21:54.928404','88','full',3,'',37,23),(1323,'2019-01-10 22:21:54.930361','87','left',3,'',37,23),(1324,'2019-01-10 22:21:54.931693','86','right',3,'',37,23),(1325,'2019-01-10 22:21:54.933560','85','full',3,'',37,23),(1326,'2019-01-10 22:21:54.934880','84','left',3,'',37,23),(1327,'2019-01-10 22:21:54.936266','83','right',3,'',37,23),(1328,'2019-01-10 22:21:54.938145','82','left',3,'',37,23),(1329,'2019-01-10 22:21:54.939511','81','right',3,'',37,23),(1330,'2019-01-10 22:21:54.941409','80','full',3,'',37,23),(1331,'2019-01-10 22:21:54.942714','79','full',3,'',37,23),(1332,'2019-01-10 22:21:54.943993','78','left',3,'',37,23),(1333,'2019-01-10 22:21:54.945847','77','right',3,'',37,23),(1334,'2019-01-10 22:21:54.947120','76','full',3,'',37,23),(1335,'2019-01-10 22:21:54.948952','75','left',3,'',37,23),(1336,'2019-01-10 22:21:54.950237','74','right',3,'',37,23),(1337,'2019-01-10 22:21:54.951501','73','full',3,'',37,23),(1338,'2019-01-10 22:21:54.953419','72','left',3,'',37,23),(1339,'2019-01-10 22:21:54.954812','71','right',3,'',37,23),(1340,'2019-01-10 22:21:54.956216','70','left',3,'',37,23),(1341,'2019-01-10 22:21:54.957977','69','right',3,'',37,23),(1342,'2019-01-10 22:21:54.959360','68','full',3,'',37,23),(1343,'2019-01-10 22:21:54.961282','67','full',3,'',37,23),(1344,'2019-01-10 22:21:54.962532','66','left',3,'',37,23),(1345,'2019-01-10 22:21:54.963897','65','right',3,'',37,23),(1346,'2019-01-10 22:21:54.965632','64','full',3,'',37,23),(1347,'2019-01-10 22:21:54.966887','63','left',3,'',37,23),(1348,'2019-01-10 22:21:54.968187','62','right',3,'',37,23),(1349,'2019-01-10 22:21:54.970040','61','left',3,'',37,23),(1350,'2019-01-10 22:21:54.971410','60','right',3,'',37,23),(1351,'2019-01-10 22:21:54.973218','59','left',3,'',37,23),(1352,'2019-01-10 22:21:54.974504','58','right',3,'',37,23),(1353,'2019-01-10 22:21:54.975786','57','full',3,'',37,23),(1354,'2019-01-10 22:21:54.977645','56','left',3,'',37,23),(1355,'2019-01-10 22:21:54.978943','55','right',3,'',37,23),(1356,'2019-01-10 22:21:54.980302','54','right',3,'',37,23),(1357,'2019-01-10 22:21:54.982104','53','full',3,'',37,23),(1358,'2019-01-10 22:21:54.983338','52','left',3,'',37,23),(1359,'2019-01-10 22:21:54.985340','51','right',3,'',37,23),(1360,'2019-01-10 22:21:54.986780','50','full',3,'',37,23),(1361,'2019-01-10 22:21:54.988130','49','left',3,'',37,23),(1362,'2019-01-10 22:21:54.989994','48','right',3,'',37,23),(1363,'2019-01-10 22:21:54.991251','47','full',3,'',37,23),(1364,'2019-01-10 22:21:54.993035','46','left',3,'',37,23),(1365,'2019-01-10 22:21:54.994343','45','right',3,'',37,23),(1366,'2019-01-10 22:21:54.995655','44','left',3,'',37,23),(1367,'2019-01-10 22:21:54.997465','43','right',3,'',37,23),(1368,'2019-01-10 22:21:54.998788','42','full',3,'',37,23),(1369,'2019-01-10 22:21:55.000312','41','left',3,'',37,23),(1370,'2019-01-10 22:21:55.002099','40','right',3,'',37,23),(1371,'2019-01-10 22:21:55.003345','39','full',3,'',37,23),(1372,'2019-01-10 22:21:55.005163','38','left',3,'',37,23),(1373,'2019-01-10 22:21:55.006464','37','right',3,'',37,23),(1374,'2019-01-10 22:21:55.007804','36','full',3,'',37,23),(1375,'2019-01-10 22:21:55.009633','35','right',3,'',37,23),(1376,'2019-01-10 22:21:55.010959','34','left',3,'',37,23),(1377,'2019-01-10 22:21:55.012404','33','right',3,'',37,23),(1378,'2019-01-10 22:21:55.014225','32','full',3,'',37,23),(1379,'2019-01-10 22:21:55.015608','31','left',3,'',37,23),(1380,'2019-01-10 22:21:55.017482','30','right',3,'',37,23),(1381,'2019-01-10 22:21:55.018752','29','full',3,'',37,23),(1382,'2019-01-10 22:21:55.020090','28','left',3,'',37,23),(1383,'2019-01-10 22:21:55.021823','27','left',3,'',37,23),(1384,'2019-01-10 22:21:55.023111','26','right',3,'',37,23),(1385,'2019-01-10 22:21:55.024405','25','full',3,'',37,23),(1386,'2019-01-10 22:21:55.026224','24','left',3,'',37,23),(1387,'2019-01-10 22:21:55.027501','23','right',3,'',37,23),(1388,'2019-01-10 22:21:55.029169','22','full',3,'',37,23),(1389,'2019-01-10 22:21:55.030552','21','left',3,'',37,23),(1390,'2019-01-10 22:21:55.031927','20','right',3,'',37,23),(1391,'2019-01-10 22:21:55.033733','19','full',3,'',37,23),(1392,'2019-01-10 22:21:55.035136','18','left',3,'',37,23),(1393,'2019-01-10 22:21:55.037094','17','right',3,'',37,23),(1394,'2019-01-10 22:21:55.038365','16','full',3,'',37,23),(1395,'2019-01-10 22:21:55.039665','15','left',3,'',37,23),(1396,'2019-01-10 22:21:55.041472','14','right',3,'',37,23),(1397,'2019-01-10 22:21:55.042743','13','full',3,'',37,23),(1398,'2019-01-10 22:21:55.044035','12','left',3,'',37,23),(1399,'2019-01-10 22:21:55.046074','11','right',3,'',37,23),(1400,'2019-01-10 22:21:59.327847','10','full',3,'',37,23),(1401,'2019-01-10 22:21:59.330659','9','left',3,'',37,23),(1402,'2019-01-10 22:21:59.332370','8','right',3,'',37,23),(1403,'2019-01-10 22:21:59.334628','7','full',3,'',37,23),(1404,'2019-01-10 22:21:59.336287','6','left',3,'',37,23),(1405,'2019-01-10 22:21:59.339074','5','right',3,'',37,23),(1406,'2019-01-10 22:21:59.340754','4','full',3,'',37,23),(1407,'2019-01-10 22:21:59.343218','3','left',3,'',37,23),(1408,'2019-01-10 22:21:59.345337','2','right',3,'',37,23),(1409,'2019-01-10 22:21:59.346766','1','left',3,'',37,23),(1410,'2019-01-10 22:22:08.739946','145','Peter Pan ',3,'',52,23),(1411,'2019-01-10 22:22:08.742623','144','Peter Pan ',3,'',52,23),(1412,'2019-01-10 22:22:08.744253','143','Peter Pan ',3,'',52,23),(1413,'2019-01-10 22:22:08.746331','142','Peter Pan ',3,'',52,23),(1414,'2019-01-10 22:22:08.748234','140','Peter Pan ',3,'',52,23),(1415,'2019-01-10 22:22:08.750785','139','Peter Pan ',3,'',52,23),(1416,'2019-01-10 22:22:08.752474','136','Great Expectations',3,'',52,23),(1417,'2019-01-10 22:22:08.754364','135','Peter Pan ',3,'',52,23),(1418,'2019-01-10 22:22:08.755692','133','Frankenstein Or The Modern Prometheus',3,'',52,23),(1419,'2019-01-10 22:22:08.757681','132','Frankenstein Or The Modern Prometheus',3,'',52,23),(1420,'2019-01-10 22:22:08.759073','131','Frankenstein Or The Modern Prometheus',3,'',52,23),(1421,'2019-01-10 22:22:08.760446','130','Frankenstein Or The Modern Prometheus',3,'',52,23),(1422,'2019-01-10 22:22:08.762566','129','Frankenstein Or The Modern Prometheus',3,'',52,23),(1423,'2019-01-10 22:22:08.764131','128','Frankenstein Or The Modern Prometheus',3,'',52,23),(1424,'2019-01-10 22:22:08.766257','127','Frankenstein Or The Modern Prometheus',3,'',52,23),(1425,'2019-01-10 22:22:08.767625','126','Frankenstein Or The Modern Prometheus',3,'',52,23),(1426,'2019-01-10 22:22:08.769392','125','Frankenstein Or The Modern Prometheus',3,'',52,23),(1427,'2019-01-10 22:22:08.770713','124','Frankenstein Or The Modern Prometheus',3,'',52,23),(1428,'2019-01-10 22:22:08.772027','123','Frankenstein Or The Modern Prometheus',3,'',52,23),(1429,'2019-01-10 22:22:08.773792','121','Great Expectations',3,'',52,23),(1430,'2019-01-10 22:22:08.775103','120','Peter Pan ',3,'',52,23),(1431,'2019-01-10 22:22:08.776475','119','Treasure Island',3,'',52,23),(1432,'2019-01-10 22:22:08.778300','118','Treasure Island',3,'',52,23),(1433,'2019-01-10 22:22:08.779584','117','Treasure Island',3,'',52,23),(1434,'2019-01-10 22:22:08.781424','116','Treasure Island',3,'',52,23),(1435,'2019-01-10 22:22:08.782700','115','Treasure Island',3,'',52,23),(1436,'2019-01-10 22:22:08.784036','114','Treasure Island',3,'',52,23),(1437,'2019-01-10 22:22:08.785750','113','Treasure Island',3,'',52,23),(1438,'2019-01-10 22:22:08.787050','112','Treasure Island',3,'',52,23),(1439,'2019-01-10 22:22:08.788358','111','Treasure Island',3,'',52,23),(1440,'2019-01-10 22:22:08.790090','110','Treasure Island',3,'',52,23),(1441,'2019-01-10 22:22:08.791352','109','Treasure Island',3,'',52,23),(1442,'2019-01-10 22:22:08.793036','108','Treasure Island',3,'',52,23),(1443,'2019-01-10 22:22:08.794335','107','Treasure Island',3,'',52,23),(1444,'2019-01-10 22:22:08.795611','106','Treasure Island',3,'',52,23),(1445,'2019-01-10 22:22:08.797483','105','A Tale of Two Cities',3,'',52,23),(1446,'2019-01-10 22:22:08.798834','104','Pride and Prejudice',3,'',52,23),(1447,'2019-01-10 22:22:08.800176','102','Peter Pan ',3,'',52,23),(1448,'2019-01-10 22:22:08.802027','101','Peter Pan ',3,'',52,23),(1449,'2019-01-10 22:22:08.803318','100','Peter Pan ',3,'',52,23),(1450,'2019-01-10 22:22:08.805177','99','Peter Pan ',3,'',52,23),(1451,'2019-01-10 22:22:08.806777','98','Peter Pan ',3,'',52,23),(1452,'2019-01-10 22:22:08.808159','97','Peter Pan ',3,'',52,23),(1453,'2019-01-10 22:22:08.810001','96','Peter Pan ',3,'',52,23),(1454,'2019-01-10 22:22:08.811312','95','Peter Pan ',3,'',52,23),(1455,'2019-01-10 22:22:08.813090','94','Peter Pan ',3,'',52,23),(1456,'2019-01-10 22:22:08.814367','93','Peter Pan ',3,'',52,23),(1457,'2019-01-10 22:22:08.815602','92','Peter Pan ',3,'',52,23),(1458,'2019-01-10 22:22:08.817257','91','Peter Pan ',3,'',52,23),(1459,'2019-01-10 22:22:08.818629','90','Peter Pan ',3,'',52,23),(1460,'2019-01-10 22:22:08.820055','89','Peter Pan ',3,'',52,23),(1461,'2019-01-10 22:22:08.821832','84','Peter Pan ',3,'',52,23),(1462,'2019-01-10 22:22:08.823231','83','Peter Pan ',3,'',52,23),(1463,'2019-01-10 22:22:08.825286','82','Peter Pan ',3,'',52,23),(1464,'2019-01-10 22:22:08.826684','81','Peter Pan ',3,'',52,23),(1465,'2019-01-10 22:22:08.828008','80','Peter Pan ',3,'',52,23),(1466,'2019-01-10 22:22:08.829875','79','Peter Pan ',3,'',52,23),(1467,'2019-01-10 22:22:08.831235','78','Peter Pan ',3,'',52,23),(1468,'2019-01-10 22:22:08.834235','77','Peter Pan ',3,'',52,23),(1469,'2019-01-10 22:22:08.835684','54','Peter Pan ',3,'',52,23),(1470,'2019-01-10 22:22:08.837721','53','Peter Pan ',3,'',52,23),(1471,'2019-01-10 22:22:08.839092','52','Peter Pan ',3,'',52,23),(1472,'2019-01-10 22:22:08.840589','51','Peter Pan ',3,'',52,23),(1473,'2019-01-10 22:22:08.842391','49','Peter Pan ',3,'',52,23),(1474,'2019-01-10 22:22:08.843752','47','Treasure Island',3,'',52,23),(1475,'2019-01-10 22:22:08.845458','46','Treasure Island',3,'',52,23),(1476,'2019-01-10 22:22:08.846829','45','War and Peace ',3,'',52,23),(1477,'2019-01-10 22:22:08.848200','44','Great Expectations',3,'',52,23),(1478,'2019-01-10 22:22:08.849901','43','The Adventures of Sherlock Holmes',3,'',52,23),(1479,'2019-01-10 22:22:08.851149','42','Frankenstein Or The Modern Prometheus',3,'',52,23),(1480,'2019-01-10 22:22:08.852509','41','Frankenstein Or The Modern Prometheus',3,'',52,23),(1481,'2019-01-10 22:22:08.854400','40','Siddhartha ',3,'',52,23),(1482,'2019-01-10 22:22:08.855706','39','Alice\'s Adventures in Wonderland',3,'',52,23),(1483,'2019-01-10 22:22:08.857588','38','Siddhartha ',3,'',52,23),(1484,'2019-01-10 22:22:08.858889','37','Pride and Prejudice',3,'',52,23),(1485,'2019-01-10 22:22:08.860259','36','Frankenstein Or The Modern Prometheus',3,'',52,23),(1486,'2019-01-10 22:22:08.862188','35','Pride and Prejudice',3,'',52,23),(1487,'2019-01-10 22:22:08.863545','34','Pride and Prejudice',3,'',52,23),(1488,'2019-01-10 22:22:08.865473','33','Siddhartha ',3,'',52,23),(1489,'2019-01-10 22:22:08.866719','32','Siddhartha ',3,'',52,23),(1490,'2019-01-10 22:22:08.868194','31','Siddhartha ',3,'',52,23),(1491,'2019-01-10 22:22:08.870035','30','Siddhartha ',3,'',52,23),(1492,'2019-01-10 22:22:08.871274','29','Siddhartha ',3,'',52,23),(1493,'2019-01-10 22:22:08.873041','28','Siddhartha ',3,'',52,23),(1494,'2019-01-10 22:22:08.874313','27','Siddhartha ',3,'',52,23),(1495,'2019-01-10 22:22:08.875672','26','Siddhartha ',3,'',52,23),(1496,'2019-01-10 22:22:08.877546','25','Siddhartha ',3,'',52,23),(1497,'2019-01-10 22:22:08.878949','24','Siddhartha ',3,'',52,23),(1498,'2019-01-10 22:22:08.880352','23','Siddhartha ',3,'',52,23),(1499,'2019-01-10 22:22:08.882219','22','Alice\'s Adventures in Wonderland',3,'',52,23),(1500,'2019-01-10 22:22:08.883530','21','Pride and Prejudice',3,'',52,23),(1501,'2019-01-10 22:22:08.885434','20','Songs of Innocence, and Songs of Experience',3,'',52,23),(1502,'2019-01-10 22:22:08.886808','18','Songs of Innocence, and Songs of Experience',3,'',52,23),(1503,'2019-01-10 22:22:08.888152','17','The Yellow Wallpaper',3,'',52,23),(1504,'2019-01-10 22:22:08.890081','16','The Yellow Wallpaper',3,'',52,23),(1505,'2019-01-10 22:22:08.891460','15','The Yellow Wallpaper',3,'',52,23),(1506,'2019-01-10 22:22:08.893316','14','The Yellow Wallpaper',3,'',52,23),(1507,'2019-01-10 22:22:08.894802','13','The Yellow Wallpaper',3,'',52,23),(1508,'2019-01-10 22:22:08.896227','11','Pride and Prejudice',3,'',52,23),(1509,'2019-01-10 22:22:08.898061','7','Pride and Prejudice',3,'',52,23),(1510,'2019-01-10 22:22:13.788874','4','Pride and Prejudice',3,'',52,23),(1511,'2019-01-10 22:22:22.320924','11','3.09466019417474',3,'',38,23),(1512,'2019-01-10 22:22:22.323651','10','16.9753086419752',3,'',38,23),(1513,'2019-01-10 22:22:22.325909','9','7.86026200873364',3,'',38,23),(1514,'2019-01-10 22:22:22.327442','8','2.40770465489568',3,'',38,23),(1515,'2019-01-10 22:22:22.329567','7','0.282485875706215',3,'',38,23),(1516,'2019-01-10 22:22:22.331050','6','13.6363636363637',3,'',38,23),(1517,'2019-01-10 22:22:22.332552','5','5.19187358916477',3,'',38,23),(1518,'2019-01-10 22:22:22.334698','4','99.6350364963482',3,'',38,23),(1519,'2019-01-10 22:22:22.336146','3','31.6666666666666',3,'',38,23),(1520,'2019-01-10 22:22:22.338148','2','10.5263157894737',3,'',38,23),(1521,'2019-01-10 22:22:22.339588','1','35.0',3,'',38,23),(1522,'2019-01-10 22:25:29.039807','28','Moby Dick',3,'',9,23),(1524,'2019-01-10 22:27:15.842035','28','Moby Dick',2,'[]',9,23),(1526,'2019-01-10 22:28:50.195155','54','Moby Dick',3,'',50,23),(1527,'2019-01-10 22:28:50.197669','53','Moby Dick',3,'',50,23),(1528,'2019-01-10 22:28:50.199311','52','Moby Dick',3,'',50,23),(1529,'2019-01-10 22:28:50.201541','51','Moby Dick',3,'',50,23),(1530,'2019-01-10 22:28:50.202845','50','Moby Dick',3,'',50,23),(1531,'2019-01-10 22:28:50.204193','49','Moby Dick',3,'',50,23),(1532,'2019-01-10 22:28:50.205962','48','Moby Dick',3,'',50,23),(1533,'2019-01-10 22:28:50.207369','47','Moby Dick',3,'',50,23),(1534,'2019-01-10 22:28:50.209319','46','Moby Dick; Or, The Whale ',3,'',50,23),(1535,'2019-01-10 22:28:50.210649','45','Pride and Prejudice',3,'',50,23),(1536,'2019-01-10 22:28:50.212054','44','Moby Dick',3,'',50,23),(1537,'2019-01-10 22:28:50.214029','43','Pride and Prejudice',3,'',50,23),(1538,'2019-01-10 22:28:50.215359','42','Moby Dick',3,'',50,23),(1539,'2019-01-10 22:28:50.217447','41','Alice\'s Adventures in Wonderland',3,'',50,23),(1540,'2019-01-10 22:28:50.218905','40','Pride and Prejudice',3,'',50,23),(1541,'2019-01-10 22:28:50.220340','39','Pride and Prejudice',3,'',50,23),(1542,'2019-01-10 22:28:50.222219','38','Pride and Prejudice',3,'',50,23),(1543,'2019-01-10 22:28:50.223758','37','Pride and Prejudice',3,'',50,23),(1544,'2019-01-10 22:28:50.225650','36','Pride and Prejudice',3,'',50,23),(1545,'2019-01-10 22:28:50.227124','35','Pride and Prejudice',3,'',50,23),(1546,'2019-01-10 22:28:50.228875','34','Pride and Prejudice',3,'',50,23),(1547,'2019-01-10 22:28:50.230290','33','Pride and Prejudice',3,'',50,23),(1548,'2019-01-10 22:28:50.231685','32','The Pathless Trail ',3,'',50,23),(1549,'2019-01-10 22:28:50.233608','31','A Tale of Two Cities',3,'',50,23),(1550,'2019-01-10 22:28:50.234896','30','A Tale of Two Cities',3,'',50,23),(1551,'2019-01-10 22:28:50.236265','29','Pride and Prejudice',3,'',50,23),(1552,'2019-01-10 22:28:50.238035','28','Birds of the Indian Hills',3,'',50,23),(1553,'2019-01-10 22:28:50.239352','27','A Handbook of Some South Indian Grasses',3,'',50,23),(1554,'2019-01-10 22:28:50.241091','26','The Adventures of Sherlock Holmes',3,'',50,23),(1555,'2019-01-10 22:28:50.242466','25','The Adventures of Sherlock Holmes',3,'',50,23),(1556,'2019-01-10 22:28:50.243919','24','The Adventures of Sherlock Holmes',3,'',50,23),(1557,'2019-01-10 22:28:50.245708','23','Pride and Prejudice',3,'',50,23),(1558,'2019-01-10 22:28:50.247055','22','Pride and Prejudice',3,'',50,23),(1559,'2019-01-10 22:28:50.248332','21','Pride and Prejudice',3,'',50,23),(1560,'2019-01-10 22:28:50.250124','20','Pride and Prejudice',3,'',50,23),(1561,'2019-01-10 22:28:50.251523','19','Pride and Prejudice',3,'',50,23),(1562,'2019-01-10 22:28:50.253369','18','Pride and Prejudice',3,'',50,23),(1563,'2019-01-10 22:28:50.254676','17','Pride and Prejudice',3,'',50,23),(1564,'2019-01-10 22:28:50.256032','16','Pride and Prejudice',3,'',50,23),(1565,'2019-01-10 22:28:50.257748','15','Pride and Prejudice',3,'',50,23),(1566,'2019-01-10 22:28:50.259112','14','Pride and Prejudice',3,'',50,23),(1567,'2019-01-10 22:28:50.260952','13','Pride and Prejudice',3,'',50,23),(1568,'2019-01-10 22:28:50.264289','12','Pride and Prejudice',3,'',50,23),(1569,'2019-01-10 22:28:50.266101','11','Pride and Prejudice',3,'',50,23),(1570,'2019-01-10 22:28:50.267372','10','Pride and Prejudice',3,'',50,23),(1571,'2019-01-10 22:28:50.269113','9','Pride and Prejudice',3,'',50,23),(1572,'2019-01-10 22:28:50.270632','8','Pride and Prejudice',3,'',50,23),(1573,'2019-01-10 22:28:50.272038','7','Pride and Prejudice',3,'',50,23),(1574,'2019-01-10 22:28:50.273871','6','Pride and Prejudice',3,'',50,23),(1575,'2019-01-10 22:28:50.275182','5','Pride and Prejudice',3,'',50,23),(1576,'2019-01-10 22:28:50.277024','4','Pride and Prejudice',3,'',50,23),(1577,'2019-01-10 22:28:50.278359','3','Pride and Prejudice',3,'',50,23),(1578,'2019-01-10 22:28:50.279729','2','Pride and Prejudice',3,'',50,23),(1579,'2019-01-10 22:28:50.281521','1','Pride and Prejudice',3,'',50,23),(1580,'2019-01-10 22:29:01.294243','28','Moby Dick',3,'',9,23),(1581,'2019-01-10 22:30:59.698959','9','sharat',3,'',49,23),(1582,'2019-01-10 22:30:59.701392','8','sharat',3,'',49,23),(1583,'2019-01-10 22:30:59.703018','7','sharat',3,'',49,23),(1584,'2019-01-10 22:30:59.704656','6','sharat',3,'',49,23),(1585,'2019-01-10 22:30:59.706514','5','sharat',3,'',49,23),(1586,'2019-01-10 22:30:59.707857','4','sharat',3,'',49,23),(1587,'2019-01-10 22:30:59.709659','3','sharat',3,'',49,23),(1588,'2019-01-10 22:30:59.711009','2','sharat',3,'',49,23),(1589,'2019-01-10 22:30:59.712371','1','sharat',3,'',49,23),(1590,'2019-01-10 22:31:09.075783','28','Moby Dick',3,'',9,23),(1591,'2019-01-10 22:31:38.489588','147','Moby Dick',3,'',52,23),(1592,'2019-01-10 22:32:08.308188','28','Moby Dick',3,'',9,23),(1593,'2019-01-13 13:23:17.197496','64','jatinaggarwal2106@gmail.com',2,'[{\"changed\": {\"fields\": [\"is_active\"]}}]',3,23),(1594,'2019-01-16 16:15:33.974921','55','TrialPublisher',2,'[{\"changed\": {\"fields\": [\"username\", \"is_active\"]}}]',3,23);
/*!40000 ALTER TABLE `django_admin_log` ENABLE KEYS */;
UNLOCK TABLES;

--
-- Table structure for table `django_content_type`
--

DROP TABLE IF EXISTS `django_content_type`;
/*!40101 SET @saved_cs_client     = @@character_set_client */;
/*!40101 SET character_set_client = utf8 */;
CREATE TABLE `django_content_type` (
  `id` int(11) NOT NULL AUTO_INCREMENT,
  `app_label` varchar(100) NOT NULL,
  `model` varchar(100) NOT NULL,
  PRIMARY KEY (`id`),
  UNIQUE KEY `django_content_type_app_label_model_76bd3d3b_uniq` (`app_label`,`model`)
) ENGINE=InnoDB AUTO_INCREMENT=56 DEFAULT CHARSET=utf8;
/*!40101 SET character_set_client = @saved_cs_client */;

--
-- Dumping data for table `django_content_type`
--

LOCK TABLES `django_content_type` WRITE;
/*!40000 ALTER TABLE `django_content_type` DISABLE KEYS */;
INSERT INTO `django_content_type` VALUES (1,'admin','logentry'),(2,'auth','group'),(4,'auth','permission'),(3,'auth','user'),(5,'contenttypes','contenttype'),(10,'database_files','file'),(22,'rapp','adminacc'),(7,'rapp','authors'),(51,'rapp','bestseller'),(47,'rapp','bestsellerview'),(25,'rapp','bookmark'),(54,'rapp','buyentry'),(13,'rapp','category'),(36,'rapp','connectionhistory'),(16,'rapp','dashboard'),(50,'rapp','detailview'),(9,'rapp','ebooks'),(55,'rapp','facebookid'),(39,'rapp','genreview'),(23,'rapp','gmailid'),(31,'rapp','highlight'),(35,'rapp','keyvalue'),(19,'rapp','lastpage'),(44,'rapp','lastpagesample'),(28,'rapp','music'),(26,'rapp','musicgenre'),(29,'rapp','musiclis'),(27,'rapp','musictag'),(48,'rapp','newreleaseview'),(33,'rapp','notefile'),(32,'rapp','notefileitem'),(18,'rapp','notes'),(40,'rapp','offer'),(43,'rapp','payment'),(38,'rapp','percentageread'),(30,'rapp','playlist'),(42,'rapp','publisherpayment'),(8,'rapp','publishers'),(49,'rapp','rateduser'),(37,'rapp','readlocation'),(52,'rapp','readview'),(53,'rapp','recommendedbooks'),(41,'rapp','sampleview'),(46,'rapp','searchview'),(12,'rapp','subscribers'),(45,'rapp','subscriptiontry'),(24,'rapp','tag'),(17,'rapp','transactions'),(34,'rapp','uploadadmin'),(21,'rapp','uploaded'),(14,'rapp','usercart'),(11,'rapp','userp'),(15,'rapp','wishlist'),(6,'sessions','session'),(20,'watson','searchentry');
/*!40000 ALTER TABLE `django_content_type` ENABLE KEYS */;
UNLOCK TABLES;

--
-- Table structure for table `django_migrations`
--

DROP TABLE IF EXISTS `django_migrations`;
/*!40101 SET @saved_cs_client     = @@character_set_client */;
/*!40101 SET character_set_client = utf8 */;
CREATE TABLE `django_migrations` (
  `id` int(11) NOT NULL AUTO_INCREMENT,
  `app` varchar(255) NOT NULL,
  `name` varchar(255) NOT NULL,
  `applied` datetime(6) NOT NULL,
  PRIMARY KEY (`id`)
) ENGINE=InnoDB AUTO_INCREMENT=171 DEFAULT CHARSET=utf8;
/*!40101 SET character_set_client = @saved_cs_client */;

--
-- Dumping data for table `django_migrations`
--

LOCK TABLES `django_migrations` WRITE;
/*!40000 ALTER TABLE `django_migrations` DISABLE KEYS */;
INSERT INTO `django_migrations` VALUES (1,'contenttypes','0001_initial','2018-03-14 07:32:58.080931'),(2,'auth','0001_initial','2018-03-14 07:33:12.841171'),(3,'admin','0001_initial','2018-03-14 07:33:15.613860'),(4,'admin','0002_logentry_remove_auto_add','2018-03-14 07:33:15.759519'),(5,'contenttypes','0002_remove_content_type_name','2018-03-14 07:33:17.543055'),(6,'auth','0002_alter_permission_name_max_length','2018-03-14 07:33:18.722942'),(7,'auth','0003_alter_user_email_max_length','2018-03-14 07:33:20.571016'),(8,'auth','0004_alter_user_username_opts','2018-03-14 07:33:20.635537'),(9,'auth','0005_alter_user_last_login_null','2018-03-14 07:33:21.517675'),(10,'auth','0006_require_contenttypes_0002','2018-03-14 07:33:21.572816'),(11,'auth','0007_alter_validators_add_error_messages','2018-03-14 07:33:21.637723'),(12,'auth','0008_alter_user_username_max_length','2018-03-14 07:33:22.799810'),(13,'sessions','0001_initial','2018-03-14 07:33:23.779708'),(15,'auth','0009_alter_user_last_name_max_length','2018-03-15 07:48:19.300000'),(49,'rapp','0034_auto_20180407_1812','2018-04-07 18:19:53.754020'),(50,'rapp','0035_auto_20180407_1812','2018-04-07 18:19:53.813670'),(51,'rapp','0036_auto_20180407_1813','2018-04-07 18:19:53.869334'),(52,'rapp','0037_auto_20180407_1813','2018-04-07 18:19:53.925604'),(53,'rapp','0038_auto_20180407_1818','2018-04-07 18:19:53.981602'),(54,'rapp','0039_auto_20180407_1819','2018-04-07 18:19:54.069489'),(55,'rapp','0001_initial','2018-04-07 18:29:14.233521'),(56,'rapp','0002_auto_20180315_0748','2018-04-07 18:29:14.308146'),(57,'rapp','0003_ebooks_content','2018-04-07 18:29:14.357643'),(58,'rapp','0004_auto_20180317_1035','2018-04-07 18:29:14.402175'),(59,'rapp','0005_ebooks_link','2018-04-07 18:29:14.490146'),(60,'rapp','0006_auto_20180317_1100','2018-04-07 18:29:14.591176'),(61,'rapp','0007_publishers_author','2018-04-07 18:29:14.647033'),(62,'rapp','0008_auto_20180317_1118','2018-04-07 18:29:14.702383'),(63,'rapp','0009_auto_20180317_1127','2018-04-07 18:29:14.758209'),(64,'rapp','0010_userp','2018-04-07 18:29:14.824946'),(65,'rapp','0011_subscribers','2018-04-07 18:29:14.891620'),(66,'rapp','0012_auto_20180320_1253','2018-04-07 18:29:14.958264'),(67,'rapp','0013_auto_20180320_1302','2018-04-07 18:29:15.025007'),(68,'rapp','0014_ebooks_dayopt','2018-04-07 18:29:15.091612'),(69,'rapp','0015_usercart','2018-04-07 18:29:15.158184'),(70,'rapp','0016_auto_20180321_1054','2018-04-07 18:29:15.224844'),(71,'rapp','0017_usercart_price','2018-04-07 18:29:15.280489'),(72,'rapp','0018_auto_20180321_1149','2018-04-07 18:29:15.336010'),(73,'rapp','0019_usercart','2018-04-07 18:29:15.391899'),(74,'rapp','0020_auto_20180321_1155','2018-04-07 18:29:15.447473'),(75,'rapp','0021_auto_20180321_1207','2018-04-07 18:29:15.514037'),(76,'rapp','0022_usercart','2018-04-07 18:29:15.580713'),(77,'rapp','0023_wishlist','2018-04-07 18:29:15.647390'),(78,'rapp','0024_dashboard','2018-04-07 18:29:15.714094'),(79,'rapp','0025_auto_20180328_0401','2018-04-07 18:29:15.780436'),(80,'rapp','0026_auto_20180328_0404','2018-04-07 18:29:15.841733'),(81,'rapp','0027_auto_20180328_0931','2018-04-07 18:29:15.903040'),(82,'rapp','0028_transactions','2018-04-07 18:29:15.969679'),(83,'rapp','0029_ebooks_deal','2018-04-07 18:29:16.036351'),(84,'rapp','0030_auto_20180401_1131','2018-04-07 18:29:16.103132'),(85,'rapp','0031_auto_20180401_1134','2018-04-07 18:29:16.169460'),(86,'rapp','0032_auto_20180401_1136','2018-04-07 18:29:16.225483'),(87,'rapp','0033_notes','2018-04-07 18:30:51.748335'),(88,'rapp','0034_lastpage','2018-04-09 06:42:52.935326'),(89,'watson','0001_initial','2018-04-11 06:59:42.195915'),(90,'rapp','0002_auto_20180510_1159','2018-05-10 11:59:51.288410'),(91,'rapp','0003_auto_20180510_1236','2018-05-10 12:36:44.234887'),(92,'rapp','0004_ebooks_language','2018-05-10 14:17:48.061219'),(93,'rapp','0005_ebooks_description','2018-05-10 14:23:03.756494'),(94,'rapp','0006_auto_20180511_1320','2018-05-11 13:20:17.931937'),(95,'rapp','0007_userp_publisher','2018-05-11 14:01:14.816467'),(96,'rapp','0008_uploaded','2018-05-11 14:38:20.649418'),(97,'rapp','0009_lastpage_time','2018-05-12 16:33:56.975776'),(98,'rapp','0010_ebooks_priority','2018-05-13 11:55:22.393883'),(99,'rapp','0011_ebooks_bookactive','2018-05-13 16:15:02.678968'),(100,'rapp','0012_auto_20180513_2153','2018-05-13 21:53:35.864590'),(101,'rapp','0013_auto_20180531_1814','2018-05-31 18:29:37.565887'),(102,'rapp','0014_ebooks_isbn','2018-08-18 11:05:19.353393'),(103,'rapp','0015_auto_20180818_1108','2018-08-18 11:08:28.432564'),(104,'rapp','0016_remove_ebooks_isbn','2018-08-18 11:15:52.402268'),(105,'rapp','0017_ebooks_isbn','2018-08-18 11:16:14.543371'),(108,'rapp','0015_auto_20180821_1653','2018-08-21 16:53:56.330899'),(109,'rapp','0016_userp_number','2018-08-21 16:54:18.121308'),(110,'rapp','0017_remove_userp_number','2018-08-21 17:15:11.140896'),(111,'rapp','0016_auto_20180821_1716','2018-08-21 17:16:12.007526'),(112,'rapp','0017_auto_20180821_1759','2018-08-21 18:00:08.419526'),(113,'rapp','0002_auto_20181101_0941','2018-11-01 09:41:17.072219'),(114,'rapp','0003_auto_20181101_0950','2018-11-01 10:05:59.385501'),(115,'rapp','0004_auto_20181101_0951','2018-11-01 10:05:59.587841'),(116,'rapp','0005_auto_20181101_0952','2018-11-01 10:05:59.669550'),(117,'rapp','0006_auto_20181101_0953','2018-11-01 10:05:59.725539'),(118,'rapp','0007_auto_20181101_0957','2018-11-01 10:05:59.814114'),(119,'rapp','0008_remove_ebooks_publishdate','2018-11-01 10:05:59.869724'),(120,'rapp','0009_auto_20181101_1003','2018-11-01 10:05:59.925625'),(121,'rapp','0010_ebooks_publishdate','2018-11-01 10:07:30.733062'),(122,'rapp','0011_auto_20181101_1009','2018-11-01 10:09:26.799942'),(123,'rapp','0012_auto_20181101_1024','2018-11-01 10:25:23.386578'),(124,'rapp','0013_auto_20181101_1025','2018-11-01 10:25:26.150311'),(125,'rapp','0014_bookmark','2018-11-01 10:51:04.728361'),(126,'rapp','0015_auto_20181102_1153','2018-11-02 11:54:10.602273'),(127,'rapp','0016_musicgenre_image','2018-11-02 12:01:26.753020'),(128,'rapp','0017_musiclis','2018-11-03 16:14:51.013452'),(129,'rapp','0018_musiclis_queue','2018-11-04 10:59:01.689025'),(130,'rapp','0019_playlist','2018-11-05 07:05:17.552078'),(131,'rapp','0020_highlight','2018-11-24 17:39:31.891852'),(132,'rapp','0021_highlight_color','2018-11-26 05:35:44.133880'),(133,'rapp','0022_auto_20181127_1553','2018-11-27 15:54:09.094140'),(134,'rapp','0023_auto_20181127_1556','2018-11-27 15:56:32.366400'),(135,'rapp','0024_bookmark_data','2018-11-29 12:20:16.396131'),(136,'rapp','0025_highlight_selectedtext','2018-11-29 14:16:38.127992'),(137,'rapp','0026_notefile_notefileitem','2018-11-30 08:14:54.013900'),(138,'rapp','0027_auto_20181201_0308','2018-12-01 03:09:13.184461'),(139,'rapp','0028_uploadadmin','2018-12-01 03:13:04.455161'),(140,'rapp','0029_category_catmodel','2018-12-01 04:25:10.832815'),(141,'rapp','0030_auto_20181201_0723','2018-12-01 07:23:26.969321'),(142,'rapp','0031_auto_20181201_1008','2018-12-01 10:08:52.649655'),(143,'rapp','0032_auto_20181203_1316','2019-01-10 10:46:17.933190'),(144,'rapp','0033_offer','2019-01-10 10:46:18.086271'),(145,'rapp','0034_auto_20181204_0549','2019-01-10 10:46:18.185802'),(146,'rapp','0035_auto_20181204_0559','2019-01-10 10:46:18.300152'),(147,'rapp','0036_bestseller','2019-01-10 10:46:18.452280'),(148,'rapp','0037_bestsellerview_detailview_genreview_newreleaseview_readview_sampleview_searchview','2019-01-10 10:46:19.231064'),(149,'rapp','0038_rateduser','2019-01-10 10:46:19.352183'),(150,'rapp','0039_auto_20181217_1008','2019-01-10 10:46:19.527935'),(151,'rapp','0040_auto_20181217_1040','2019-01-10 10:46:19.669767'),(152,'rapp','0041_readlocation','2019-01-10 10:46:19.770542'),(153,'rapp','0042_auto_20181217_1237','2019-01-10 10:46:19.841630'),(154,'rapp','0043_ipaddress','2019-01-10 10:46:19.942372'),(155,'rapp','0044_auto_20181218_1308','2019-01-10 10:46:20.039743'),(156,'rapp','0045_connectionhistory','2019-01-10 10:46:20.139491'),(157,'rapp','0046_connectionhistory_echo','2019-01-10 10:46:20.209502'),(158,'rapp','0047_auto_20181218_1333','2019-01-10 10:46:20.286547'),(159,'rapp','0048_payment','2019-01-10 10:46:20.499573'),(160,'rapp','0049_payment_duration','2019-01-10 10:46:20.575735'),(161,'rapp','0050_publisherpayment','2019-01-10 10:46:20.687319'),(162,'rapp','0051_auto_20181221_1133','2019-01-10 10:46:20.711130'),(163,'rapp','0052_subscriptiontry','2019-01-10 10:46:20.808529'),(164,'rapp','0053_subscriptiontry_localip','2019-01-10 10:46:20.881912'),(165,'rapp','0054_lastpagesample','2019-01-10 10:46:21.021101'),(166,'rapp','0055_recommendedbooks','2019-01-10 15:41:23.325392'),(167,'rapp','0056_auto_20190110_1545','2019-01-10 15:45:41.056490'),(168,'rapp','0057_buyentry','2019-01-10 19:54:12.293454'),(169,'rapp','0058_facebookid','2019-01-16 16:12:57.276170'),(170,'rapp','0059_auto_20190116_1343','2019-01-16 16:12:57.353378');
/*!40000 ALTER TABLE `django_migrations` ENABLE KEYS */;
UNLOCK TABLES;

--
-- Table structure for table `django_session`
--

DROP TABLE IF EXISTS `django_session`;
/*!40101 SET @saved_cs_client     = @@character_set_client */;
/*!40101 SET character_set_client = utf8 */;
CREATE TABLE `django_session` (
  `session_key` varchar(40) NOT NULL,
  `session_data` longtext NOT NULL,
  `expire_date` datetime(6) NOT NULL,
  PRIMARY KEY (`session_key`),
  KEY `django_session_expire_date_a5c62663` (`expire_date`)
) ENGINE=InnoDB DEFAULT CHARSET=utf8;
/*!40101 SET character_set_client = @saved_cs_client */;

--
-- Dumping data for table `django_session`
--

LOCK TABLES `django_session` WRITE;
/*!40000 ALTER TABLE `django_session` DISABLE KEYS */;
INSERT INTO `django_session` VALUES ('00ygyxa5qxa3gg30t3j8418g6y9gp9zx','M2VlOTFhZGJhYTBiMDM3OTQ4MDdmNWU0YTJhNjY5OWJiZmMyZDFkNjp7Il9hdXRoX3VzZXJfaWQiOiI1NiIsIl9hdXRoX3VzZXJfYmFja2VuZCI6InJhcHAuYXV0aGVudGljYXRlLkVtYWlsQmFja2VuZCIsIl9hdXRoX3VzZXJfaGFzaCI6ImE5MzFhODM5MDZmNjc2NzljYTAyNTBiNjNjYzgwZWIwMDUwZTY4OWYifQ==','2019-01-03 14:10:35.281881'),('04ldh00z2ye7t0eipavs37e1qgcsfg9a','NzI2MmY5ZjAwMzBjMGFjNTllNTIzMGI1Y2JiNTE3YmM3MmU4YjUyZTp7Il9hdXRoX3VzZXJfaWQiOiIyMyIsIl9hdXRoX3VzZXJfaGFzaCI6IjA2MjIwZjVlN2QxNzc2MWZlYzc3NzY1YzA3ZThmOGI5Njc5NTgyM2UiLCJfYXV0aF91c2VyX2JhY2tlbmQiOiJyYXBwLmF1dGhlbnRpY2F0ZS5FbWFpbEJhY2tlbmQifQ==','2018-12-08 17:12:57.158080'),('07zt61clyv2psse29knz9rp0zksarhkj','OWMwZGIxNzJjMjFjNzM2ODJmZGRlYmRlOTc5MmRjODFmMzcwYmE1Njp7Il9hdXRoX3VzZXJfYmFja2VuZCI6InJhcHAuYXV0aGVudGljYXRlLkVtYWlsQmFja2VuZCIsIl9hdXRoX3VzZXJfaWQiOiIyMyIsIl9hdXRoX3VzZXJfaGFzaCI6IjA2MjIwZjVlN2QxNzc2MWZlYzc3NzY1YzA3ZThmOGI5Njc5NTgyM2UifQ==','2018-10-08 14:56:49.091362'),('0qqm0pni00mvqtqxp56usrwkga15t5h8','NmMyYWE1MzQ4NGE2YjQyNTVmMWQ4MDExZjk3MTgzMzk4OTlmZGMwOTp7Il9hdXRoX3VzZXJfYmFja2VuZCI6ImRqYW5nby5jb250cmliLmF1dGguYmFja2VuZHMuTW9kZWxCYWNrZW5kIiwiX2F1dGhfdXNlcl9pZCI6IjIzIiwiX2F1dGhfdXNlcl9oYXNoIjoiMDYyMjBmNWU3ZDE3NzYxZmVjNzc3NjVjMDdlOGY4Yjk2Nzk1ODIzZSJ9','2018-06-04 09:36:52.934001'),('0ua4149930py15im06y6y412l4yut1fu','N2ViMDBjYTM3NTA4MjcyMmE2OTMyYTYzYjI1M2U4M2QxOGQ1OWQ3NTp7Il9hdXRoX3VzZXJfaWQiOiIxIiwiX2F1dGhfdXNlcl9oYXNoIjoiYWM4OGY3Njg0N2E1ODU4ZTE4YmJkNjMxMWY0NDRlMjEyMjkxZDMyZSIsIl9hdXRoX3VzZXJfYmFja2VuZCI6ImRqYW5nby5jb250cmliLmF1dGguYmFja2VuZHMuTW9kZWxCYWNrZW5kIn0=','2018-04-21 16:17:51.594191'),('19qknuat5y0sf78x2godxxuzqgyi75m2','NTBhYWFmNTM3OWNiNGIwYjNkYjU4ZGY2ZWNhM2E1NDAxYzQxNzkwNDp7Il9hdXRoX3VzZXJfaGFzaCI6IjIxN2ExMDE4NTA0MWMxMGZjOTkzNjJkZjk1MGU2YTgxNWQ0NmJlYzEiLCJfYXV0aF91c2VyX2JhY2tlbmQiOiJkamFuZ28uY29udHJpYi5hdXRoLmJhY2tlbmRzLk1vZGVsQmFja2VuZCIsIl9hdXRoX3VzZXJfaWQiOiIzNCJ9','2018-05-26 05:22:29.316449'),('1axjh4l425xvly3yttge6z6oyb7xl393','MWMzNDljNGMyMDU3YjkxN2FjNGQ4YTU1MDNiMDA4MWEyMTc3ODFlNTp7Il9hdXRoX3VzZXJfaGFzaCI6IjhmOGVkMDcyMmE0ZDYzMDFmMjUzMGM5NTI3MzQ3YzYxZThkZWIzNTAiLCJfYXV0aF91c2VyX2JhY2tlbmQiOiJyYXBwLmF1dGhlbnRpY2F0ZS5FbWFpbEJhY2tlbmQiLCJfYXV0aF91c2VyX2lkIjoiNjYifQ==','2019-01-30 16:26:17.264186'),('1mgq1y9lvorg6kulq01vx4aw8yd4wnt6','YWQ3ODAxYWY1YzE5NjQ4OGRhMzliODdhZDhkMWJlMWM0MWJmY2IwNTp7Il9hdXRoX3VzZXJfaWQiOiIyMyIsIl9hdXRoX3VzZXJfYmFja2VuZCI6ImRqYW5nby5jb250cmliLmF1dGguYmFja2VuZHMuTW9kZWxCYWNrZW5kIiwiX2F1dGhfdXNlcl9oYXNoIjoiMDYyMjBmNWU3ZDE3NzYxZmVjNzc3NjVjMDdlOGY4Yjk2Nzk1ODIzZSJ9','2018-08-31 08:51:19.443463'),('2spjfle224lug59v4obc6kljvdvven3j','ZGRmOThiNjUxMmM0ZjdmMDdhNTllNGYwYWZiMzczMGVhMDJlODVmNDp7Il9hdXRoX3VzZXJfaGFzaCI6IjA2MjIwZjVlN2QxNzc2MWZlYzc3NzY1YzA3ZThmOGI5Njc5NTgyM2UiLCJfYXV0aF91c2VyX2JhY2tlbmQiOiJyYXBwLmF1dGhlbnRpY2F0ZS5FbWFpbEJhY2tlbmQiLCJfYXV0aF91c2VyX2lkIjoiMjMifQ==','2018-09-03 09:39:27.892221'),('32oj5eyf35xvk5js646yiq4gcuuzm6fx','OTEzZWNkMTZmMDYwYWEyYmRlY2UzNTE3YjBjNDgyMTU2MTRiMGM1Mzp7Il9hdXRoX3VzZXJfaGFzaCI6IjFmODFiZmJhOTdlZmU3NmMwOWZkNzMyNTI0MDg3NzljODFlYjE4ZTIiLCJfYXV0aF91c2VyX2JhY2tlbmQiOiJyYXBwLmF1dGhlbnRpY2F0ZS5FbWFpbEJhY2tlbmQiLCJfYXV0aF91c2VyX2lkIjoiNTgifQ==','2019-01-27 05:40:51.213509'),('363lvyozg7q54cr0iwfffl0gn5k7k6hm','MGQ1YmM3OTRmZTI3NDE5MTU3NTJlMGQwYjY4ZGFlNjNkMGZmY2MzZjp7Il9hdXRoX3VzZXJfYmFja2VuZCI6InJhcHAuYXV0aGVudGljYXRlLkVtYWlsQmFja2VuZCIsIl9hdXRoX3VzZXJfaGFzaCI6IjA2MjIwZjVlN2QxNzc2MWZlYzc3NzY1YzA3ZThmOGI5Njc5NTgyM2UiLCJfYXV0aF91c2VyX2lkIjoiMjMifQ==','2018-12-11 07:06:40.037855'),('37myzridb8oho8re40bstw3fp6iv8wpv','NmMyYWE1MzQ4NGE2YjQyNTVmMWQ4MDExZjk3MTgzMzk4OTlmZGMwOTp7Il9hdXRoX3VzZXJfYmFja2VuZCI6ImRqYW5nby5jb250cmliLmF1dGguYmFja2VuZHMuTW9kZWxCYWNrZW5kIiwiX2F1dGhfdXNlcl9pZCI6IjIzIiwiX2F1dGhfdXNlcl9oYXNoIjoiMDYyMjBmNWU3ZDE3NzYxZmVjNzc3NjVjMDdlOGY4Yjk2Nzk1ODIzZSJ9','2018-09-01 15:44:18.854959'),('390rqsvd6awygh5o26zsz0kdwkg3gkit','NTBmMDRiOWE4NGUxMjQ3OTgzOTUyODQ4NWQ4NjIzZDBjNDdlMTZjMzp7Il9hdXRoX3VzZXJfYmFja2VuZCI6ImRqYW5nby5jb250cmliLmF1dGguYmFja2VuZHMuTW9kZWxCYWNrZW5kIiwiX2F1dGhfdXNlcl9oYXNoIjoiMDYyMjBmNWU3ZDE3NzYxZmVjNzc3NjVjMDdlOGY4Yjk2Nzk1ODIzZSIsIl9hdXRoX3VzZXJfaWQiOiIyMyJ9','2018-06-03 23:03:58.452635'),('3hg1p96ux7v3jgza1p50foo3pb9mv4zm','MmY0MzIzZjI2MDU0ZmZhNTdlN2EzNmM2NzYyZjZjMDRiNjVjNDA4Yzp7Il9hdXRoX3VzZXJfaGFzaCI6IjA2MjIwZjVlN2QxNzc2MWZlYzc3NzY1YzA3ZThmOGI5Njc5NTgyM2UiLCJfYXV0aF91c2VyX2lkIjoiMjMiLCJfYXV0aF91c2VyX2JhY2tlbmQiOiJyYXBwLmF1dGhlbnRpY2F0ZS5FbWFpbEJhY2tlbmQifQ==','2019-01-30 06:57:47.132985'),('3pwnuabwxz58aw8k78g4dgrf0c6g18kn','ZjhiYzY3YWJlNjU0NDJmN2NiYzQ4MGM3NDlhNzE1NjRmZGE2Mjc0Nzp7Il9hdXRoX3VzZXJfaGFzaCI6ImE1MTJjNDdhM2MyM2M4NDA2YTM1ODNjNDE0ODJjNDgwOTllMWZlZWEiLCJfYXV0aF91c2VyX2JhY2tlbmQiOiJyYXBwLmF1dGhlbnRpY2F0ZS5FbWFpbEJhY2tlbmQiLCJfYXV0aF91c2VyX2lkIjoiNjQifQ==','2019-01-27 13:22:33.023944'),('3xlk2vosbmqrvupbtgrtisowlnj6wpt8','YWQ3ODAxYWY1YzE5NjQ4OGRhMzliODdhZDhkMWJlMWM0MWJmY2IwNTp7Il9hdXRoX3VzZXJfaWQiOiIyMyIsIl9hdXRoX3VzZXJfYmFja2VuZCI6ImRqYW5nby5jb250cmliLmF1dGguYmFja2VuZHMuTW9kZWxCYWNrZW5kIiwiX2F1dGhfdXNlcl9oYXNoIjoiMDYyMjBmNWU3ZDE3NzYxZmVjNzc3NjVjMDdlOGY4Yjk2Nzk1ODIzZSJ9','2018-08-23 16:55:10.415777'),('4gj65kwtha365aivgconksgc7s3suk3c','MTg0ZDkzYmJlZGU1OTAxYTY1ZDU1OWY1ZjY3MTFiMzRlNTU1N2I5MTp7Il9hdXRoX3VzZXJfaWQiOiIyMyIsIl9hdXRoX3VzZXJfYmFja2VuZCI6InJhcHAuYXV0aGVudGljYXRlLkVtYWlsQmFja2VuZCIsIl9hdXRoX3VzZXJfaGFzaCI6IjA2MjIwZjVlN2QxNzc2MWZlYzc3NzY1YzA3ZThmOGI5Njc5NTgyM2UifQ==','2018-11-16 20:39:47.378407'),('4ywse6hy1jy4si73uhg156q5y1yo1sx2','MTg0ZDkzYmJlZGU1OTAxYTY1ZDU1OWY1ZjY3MTFiMzRlNTU1N2I5MTp7Il9hdXRoX3VzZXJfaWQiOiIyMyIsIl9hdXRoX3VzZXJfYmFja2VuZCI6InJhcHAuYXV0aGVudGljYXRlLkVtYWlsQmFja2VuZCIsIl9hdXRoX3VzZXJfaGFzaCI6IjA2MjIwZjVlN2QxNzc2MWZlYzc3NzY1YzA3ZThmOGI5Njc5NTgyM2UifQ==','2018-09-04 19:25:25.361700'),('53p0ziux01aynep6niiqv28wscgr6vju','Y2Q2OWU3NTJhYzE0NTgwZjcyZjc3YjU2N2U3NGVhN2IyZjVlOTFiNzp7Il9hdXRoX3VzZXJfaWQiOiI2NSIsIl9hdXRoX3VzZXJfaGFzaCI6ImZmNGJkYzI3ZmZjNWRkMmEyYTcyM2RjY2E2ZmNkNzVkOGJlNGRhOTciLCJfYXV0aF91c2VyX2JhY2tlbmQiOiJyYXBwLmF1dGhlbnRpY2F0ZS5FbWFpbEJhY2tlbmQifQ==','2019-01-29 02:27:34.961413'),('54ggbx29zdxbewqtpl3ykvryi46tbi7z','MGQ1YmM3OTRmZTI3NDE5MTU3NTJlMGQwYjY4ZGFlNjNkMGZmY2MzZjp7Il9hdXRoX3VzZXJfYmFja2VuZCI6InJhcHAuYXV0aGVudGljYXRlLkVtYWlsQmFja2VuZCIsIl9hdXRoX3VzZXJfaGFzaCI6IjA2MjIwZjVlN2QxNzc2MWZlYzc3NzY1YzA3ZThmOGI5Njc5NTgyM2UiLCJfYXV0aF91c2VyX2lkIjoiMjMifQ==','2019-01-31 08:57:31.365699'),('5oavjo7z6ys7py69eu8zubygvimy0179','OWMwZGIxNzJjMjFjNzM2ODJmZGRlYmRlOTc5MmRjODFmMzcwYmE1Njp7Il9hdXRoX3VzZXJfYmFja2VuZCI6InJhcHAuYXV0aGVudGljYXRlLkVtYWlsQmFja2VuZCIsIl9hdXRoX3VzZXJfaWQiOiIyMyIsIl9hdXRoX3VzZXJfaGFzaCI6IjA2MjIwZjVlN2QxNzc2MWZlYzc3NzY1YzA3ZThmOGI5Njc5NTgyM2UifQ==','2018-12-08 10:44:38.181200'),('5olvkfg6ejxuomfynriyp08uiaevplov','NzI2MmY5ZjAwMzBjMGFjNTllNTIzMGI1Y2JiNTE3YmM3MmU4YjUyZTp7Il9hdXRoX3VzZXJfaWQiOiIyMyIsIl9hdXRoX3VzZXJfaGFzaCI6IjA2MjIwZjVlN2QxNzc2MWZlYzc3NzY1YzA3ZThmOGI5Njc5NTgyM2UiLCJfYXV0aF91c2VyX2JhY2tlbmQiOiJyYXBwLmF1dGhlbnRpY2F0ZS5FbWFpbEJhY2tlbmQifQ==','2019-01-30 16:14:56.393985'),('77m1sizyizwztaybx4l2pqxq23k1znnf','YmI1ZDVjZTRhMzM0NWYyNDBiNzljNTZiMThlNjhjMzY1ZmQxMzZmYTp7Il9hdXRoX3VzZXJfaWQiOiIzOCIsIl9hdXRoX3VzZXJfYmFja2VuZCI6ImRqYW5nby5jb250cmliLmF1dGguYmFja2VuZHMuTW9kZWxCYWNrZW5kIiwiX2F1dGhfdXNlcl9oYXNoIjoiZjljMDE5N2Q0ZDAwZGEyYmRmMDM0ZWU2MGM0NWYyNmYyMTU1MjRhNyJ9','2018-06-16 10:17:04.079897'),('7f3wcwf4oyx5j23wfhyjdi1g38dt1eka','NzI2MmY5ZjAwMzBjMGFjNTllNTIzMGI1Y2JiNTE3YmM3MmU4YjUyZTp7Il9hdXRoX3VzZXJfaWQiOiIyMyIsIl9hdXRoX3VzZXJfaGFzaCI6IjA2MjIwZjVlN2QxNzc2MWZlYzc3NzY1YzA3ZThmOGI5Njc5NTgyM2UiLCJfYXV0aF91c2VyX2JhY2tlbmQiOiJyYXBwLmF1dGhlbnRpY2F0ZS5FbWFpbEJhY2tlbmQifQ==','2019-01-30 16:14:56.723907'),('7o9rxoixc63nlgvdjp2z5za0reuz9cay','MWMzNDljNGMyMDU3YjkxN2FjNGQ4YTU1MDNiMDA4MWEyMTc3ODFlNTp7Il9hdXRoX3VzZXJfaGFzaCI6IjhmOGVkMDcyMmE0ZDYzMDFmMjUzMGM5NTI3MzQ3YzYxZThkZWIzNTAiLCJfYXV0aF91c2VyX2JhY2tlbmQiOiJyYXBwLmF1dGhlbnRpY2F0ZS5FbWFpbEJhY2tlbmQiLCJfYXV0aF91c2VyX2lkIjoiNjYifQ==','2019-01-30 16:26:16.588505'),('7qnmujuqb2ceja2m999v23wcgapi9cve','ODRkN2ZiOTZkNmJkNjI2OTU3MWZhY2RkNGM0ZjA5MzA4ZTllMGY4NDp7Il9hdXRoX3VzZXJfaWQiOiI1NCIsIl9hdXRoX3VzZXJfYmFja2VuZCI6InJhcHAuYXV0aGVudGljYXRlLkVtYWlsQmFja2VuZCIsIl9hdXRoX3VzZXJfaGFzaCI6Ijk2MTgyZTExYjBhMzg0YjM0MTkxYzIzYjNhNWJmMWRkZGZjOTA2NjIifQ==','2018-12-16 04:41:40.018749'),('80qd782dzj1d90yotmcrhxthskjwe7ql','NzI2MmY5ZjAwMzBjMGFjNTllNTIzMGI1Y2JiNTE3YmM3MmU4YjUyZTp7Il9hdXRoX3VzZXJfaWQiOiIyMyIsIl9hdXRoX3VzZXJfaGFzaCI6IjA2MjIwZjVlN2QxNzc2MWZlYzc3NzY1YzA3ZThmOGI5Njc5NTgyM2UiLCJfYXV0aF91c2VyX2JhY2tlbmQiOiJyYXBwLmF1dGhlbnRpY2F0ZS5FbWFpbEJhY2tlbmQifQ==','2018-12-07 09:09:56.669962'),('83ywero83r3efpjia47cny3886heumhq','ZGNjMjY4ODBiMTQ2M2I2ODJiYWQ4ZjY3MTNkZTU4ODlmMzAwMDM1Njp7Il9hdXRoX3VzZXJfYmFja2VuZCI6InJhcHAuYXV0aGVudGljYXRlLkVtYWlsQmFja2VuZCIsIl9hdXRoX3VzZXJfaGFzaCI6ImU4MTIwMDRjMjhhZmE2N2U1Y2NmNGFmNGQ4OTE5ZmEyYmU4NjAwMzgiLCJfYXV0aF91c2VyX2lkIjoiNzAifQ==','2019-02-01 06:29:40.996450'),('841h757jrdt1ne7yy4dn8r9yksuxhaeb','ZjQwZWEzZmQwZTk5NTRiMjRkYzVkZDVlMDhmOGQzYjdiMjM0YjFhNjp7Il9hdXRoX3VzZXJfaWQiOiI1OCIsIl9hdXRoX3VzZXJfYmFja2VuZCI6InJhcHAuYXV0aGVudGljYXRlLkVtYWlsQmFja2VuZCIsIl9hdXRoX3VzZXJfaGFzaCI6IjFmODFiZmJhOTdlZmU3NmMwOWZkNzMyNTI0MDg3NzljODFlYjE4ZTIifQ==','2019-01-23 15:02:08.151575'),('8qh3chk1j1s7df846egztwfj0vgnhvza','ZDgzY2JhOGI5M2QxY2FlZjhkZTYzMDE2MzNlZDM4ZDM0N2QxZmY0MTp7Il9hdXRoX3VzZXJfaGFzaCI6IjA2MjIwZjVlN2QxNzc2MWZlYzc3NzY1YzA3ZThmOGI5Njc5NTgyM2UiLCJfYXV0aF91c2VyX2JhY2tlbmQiOiJkamFuZ28uY29udHJpYi5hdXRoLmJhY2tlbmRzLk1vZGVsQmFja2VuZCIsIl9hdXRoX3VzZXJfaWQiOiIyMyJ9','2018-05-26 05:21:14.645947'),('95mwfw530vmbzdjjnbd38j5fucfogph9','NzI2MmY5ZjAwMzBjMGFjNTllNTIzMGI1Y2JiNTE3YmM3MmU4YjUyZTp7Il9hdXRoX3VzZXJfaWQiOiIyMyIsIl9hdXRoX3VzZXJfaGFzaCI6IjA2MjIwZjVlN2QxNzc2MWZlYzc3NzY1YzA3ZThmOGI5Njc5NTgyM2UiLCJfYXV0aF91c2VyX2JhY2tlbmQiOiJyYXBwLmF1dGhlbnRpY2F0ZS5FbWFpbEJhY2tlbmQifQ==','2018-09-03 12:27:05.858111'),('9avcxyk63d68sezdowtmhg9xbvw0fddu','MGQ1YmM3OTRmZTI3NDE5MTU3NTJlMGQwYjY4ZGFlNjNkMGZmY2MzZjp7Il9hdXRoX3VzZXJfYmFja2VuZCI6InJhcHAuYXV0aGVudGljYXRlLkVtYWlsQmFja2VuZCIsIl9hdXRoX3VzZXJfaGFzaCI6IjA2MjIwZjVlN2QxNzc2MWZlYzc3NzY1YzA3ZThmOGI5Njc5NTgyM2UiLCJfYXV0aF91c2VyX2lkIjoiMjMifQ==','2018-12-11 12:38:09.025515'),('9g1gxl1fo5tvoe2greqfthofqo9jc63z','ODNiOTE4MTczNGJhODJhNTU4ODBiNDE5ZmU4OWQzMmYxNTg2YmExZTp7Il9hdXRoX3VzZXJfaWQiOiIzNCIsIl9hdXRoX3VzZXJfYmFja2VuZCI6ImRqYW5nby5jb250cmliLmF1dGguYmFja2VuZHMuTW9kZWxCYWNrZW5kIiwiX2F1dGhfdXNlcl9oYXNoIjoiMjE3YTEwMTg1MDQxYzEwZmM5OTM2MmRmOTUwZTZhODE1ZDQ2YmVjMSJ9','2018-05-26 14:34:26.444844'),('a3eduzoc93k1teg1poxwocpt6u6g58g6','OWMwZGIxNzJjMjFjNzM2ODJmZGRlYmRlOTc5MmRjODFmMzcwYmE1Njp7Il9hdXRoX3VzZXJfYmFja2VuZCI6InJhcHAuYXV0aGVudGljYXRlLkVtYWlsQmFja2VuZCIsIl9hdXRoX3VzZXJfaWQiOiIyMyIsIl9hdXRoX3VzZXJfaGFzaCI6IjA2MjIwZjVlN2QxNzc2MWZlYzc3NzY1YzA3ZThmOGI5Njc5NTgyM2UifQ==','2018-12-11 12:46:56.525432'),('aavgduiwohob0471zjxy2j3dbze9u4in','Y2Q3ZmZmZDEzOWIzNzVhMjdlMjMxOTgyZmU4MzA0NTE1YTdjNzY3Zjp7Il9hdXRoX3VzZXJfaGFzaCI6Ijk2MTgyZTExYjBhMzg0YjM0MTkxYzIzYjNhNWJmMWRkZGZjOTA2NjIiLCJfYXV0aF91c2VyX2JhY2tlbmQiOiJyYXBwLmF1dGhlbnRpY2F0ZS5FbWFpbEJhY2tlbmQiLCJfYXV0aF91c2VyX2lkIjoiNTQifQ==','2019-01-24 23:50:48.002191'),('b6rgvlepw93abo72a1mvqigrus9p8975','MTg0ZDkzYmJlZGU1OTAxYTY1ZDU1OWY1ZjY3MTFiMzRlNTU1N2I5MTp7Il9hdXRoX3VzZXJfaWQiOiIyMyIsIl9hdXRoX3VzZXJfYmFja2VuZCI6InJhcHAuYXV0aGVudGljYXRlLkVtYWlsQmFja2VuZCIsIl9hdXRoX3VzZXJfaGFzaCI6IjA2MjIwZjVlN2QxNzc2MWZlYzc3NzY1YzA3ZThmOGI5Njc5NTgyM2UifQ==','2018-11-15 09:26:07.190995'),('br3e4p1vov4n7rme2qwb3o92t9rw1gkn','NTBhYWFmNTM3OWNiNGIwYjNkYjU4ZGY2ZWNhM2E1NDAxYzQxNzkwNDp7Il9hdXRoX3VzZXJfaGFzaCI6IjIxN2ExMDE4NTA0MWMxMGZjOTkzNjJkZjk1MGU2YTgxNWQ0NmJlYzEiLCJfYXV0aF91c2VyX2JhY2tlbmQiOiJkamFuZ28uY29udHJpYi5hdXRoLmJhY2tlbmRzLk1vZGVsQmFja2VuZCIsIl9hdXRoX3VzZXJfaWQiOiIzNCJ9','2018-05-28 16:13:19.569031'),('c8j9a5oa1x2eu7qqk3zj0jwe7bynt490','MTg0ZDkzYmJlZGU1OTAxYTY1ZDU1OWY1ZjY3MTFiMzRlNTU1N2I5MTp7Il9hdXRoX3VzZXJfaWQiOiIyMyIsIl9hdXRoX3VzZXJfYmFja2VuZCI6InJhcHAuYXV0aGVudGljYXRlLkVtYWlsQmFja2VuZCIsIl9hdXRoX3VzZXJfaGFzaCI6IjA2MjIwZjVlN2QxNzc2MWZlYzc3NzY1YzA3ZThmOGI5Njc5NTgyM2UifQ==','2018-12-16 13:53:40.666871'),('cmo7njpq22cb2rms0rqu2s49bmnueq6z','MmY0MzIzZjI2MDU0ZmZhNTdlN2EzNmM2NzYyZjZjMDRiNjVjNDA4Yzp7Il9hdXRoX3VzZXJfaGFzaCI6IjA2MjIwZjVlN2QxNzc2MWZlYzc3NzY1YzA3ZThmOGI5Njc5NTgyM2UiLCJfYXV0aF91c2VyX2lkIjoiMjMiLCJfYXV0aF91c2VyX2JhY2tlbmQiOiJyYXBwLmF1dGhlbnRpY2F0ZS5FbWFpbEJhY2tlbmQifQ==','2018-09-03 11:18:38.748373'),('cxu02cz7va58uwed7yn4gw4huu7rthvg','ODRkN2ZiOTZkNmJkNjI2OTU3MWZhY2RkNGM0ZjA5MzA4ZTllMGY4NDp7Il9hdXRoX3VzZXJfaWQiOiI1NCIsIl9hdXRoX3VzZXJfYmFja2VuZCI6InJhcHAuYXV0aGVudGljYXRlLkVtYWlsQmFja2VuZCIsIl9hdXRoX3VzZXJfaGFzaCI6Ijk2MTgyZTExYjBhMzg0YjM0MTkxYzIzYjNhNWJmMWRkZGZjOTA2NjIifQ==','2018-12-30 16:46:08.300731'),('dwxnq5n28vxt0qjd2nl6yicfci6i2fna','ZGRmOThiNjUxMmM0ZjdmMDdhNTllNGYwYWZiMzczMGVhMDJlODVmNDp7Il9hdXRoX3VzZXJfaGFzaCI6IjA2MjIwZjVlN2QxNzc2MWZlYzc3NzY1YzA3ZThmOGI5Njc5NTgyM2UiLCJfYXV0aF91c2VyX2JhY2tlbmQiOiJyYXBwLmF1dGhlbnRpY2F0ZS5FbWFpbEJhY2tlbmQiLCJfYXV0aF91c2VyX2lkIjoiMjMifQ==','2019-01-31 04:23:06.698731'),('ee7oed9ib3we97u7015hd5ho1wrbpspf','MWRlMjNlNTExNWJhODRkN2MwYzViYjI4ZjEzMGI2ODIzMzVmYzVkZTp7Il9hdXRoX3VzZXJfaWQiOiIyMiIsIl9hdXRoX3VzZXJfaGFzaCI6ImUwMWFiMTI1NTdjMDQzYjM5MjMwMDMwNTM3ODI0ZjAyMjk3ZTBkYTEiLCJfYXV0aF91c2VyX2JhY2tlbmQiOiJkamFuZ28uY29udHJpYi5hdXRoLmJhY2tlbmRzLk1vZGVsQmFja2VuZCJ9','2018-04-04 14:00:30.086036'),('eip7abzyba0vvewn5nwgomc27vxri4hs','MGQ1YmM3OTRmZTI3NDE5MTU3NTJlMGQwYjY4ZGFlNjNkMGZmY2MzZjp7Il9hdXRoX3VzZXJfYmFja2VuZCI6InJhcHAuYXV0aGVudGljYXRlLkVtYWlsQmFja2VuZCIsIl9hdXRoX3VzZXJfaGFzaCI6IjA2MjIwZjVlN2QxNzc2MWZlYzc3NzY1YzA3ZThmOGI5Njc5NTgyM2UiLCJfYXV0aF91c2VyX2lkIjoiMjMifQ==','2018-12-13 15:49:49.275557'),('emuee16pkhudwq1bpjil2qp3e7lkrq66','NzI2MmY5ZjAwMzBjMGFjNTllNTIzMGI1Y2JiNTE3YmM3MmU4YjUyZTp7Il9hdXRoX3VzZXJfaWQiOiIyMyIsIl9hdXRoX3VzZXJfaGFzaCI6IjA2MjIwZjVlN2QxNzc2MWZlYzc3NzY1YzA3ZThmOGI5Njc5NTgyM2UiLCJfYXV0aF91c2VyX2JhY2tlbmQiOiJyYXBwLmF1dGhlbnRpY2F0ZS5FbWFpbEJhY2tlbmQifQ==','2019-01-30 16:14:56.059458'),('erucesuuq84uzb2iag4dljtb93kqh025','NmMyYWE1MzQ4NGE2YjQyNTVmMWQ4MDExZjk3MTgzMzk4OTlmZGMwOTp7Il9hdXRoX3VzZXJfYmFja2VuZCI6ImRqYW5nby5jb250cmliLmF1dGguYmFja2VuZHMuTW9kZWxCYWNrZW5kIiwiX2F1dGhfdXNlcl9pZCI6IjIzIiwiX2F1dGhfdXNlcl9oYXNoIjoiMDYyMjBmNWU3ZDE3NzYxZmVjNzc3NjVjMDdlOGY4Yjk2Nzk1ODIzZSJ9','2018-06-04 09:37:11.907067'),('ezap5rst6g9wjrtzga4cnb1n1hdybrpr','MTg0ZDkzYmJlZGU1OTAxYTY1ZDU1OWY1ZjY3MTFiMzRlNTU1N2I5MTp7Il9hdXRoX3VzZXJfaWQiOiIyMyIsIl9hdXRoX3VzZXJfYmFja2VuZCI6InJhcHAuYXV0aGVudGljYXRlLkVtYWlsQmFja2VuZCIsIl9hdXRoX3VzZXJfaGFzaCI6IjA2MjIwZjVlN2QxNzc2MWZlYzc3NzY1YzA3ZThmOGI5Njc5NTgyM2UifQ==','2018-09-02 13:06:46.270959'),('fpopwglla8mrncvkp061lyo5hf499ewn','MTg0ZDkzYmJlZGU1OTAxYTY1ZDU1OWY1ZjY3MTFiMzRlNTU1N2I5MTp7Il9hdXRoX3VzZXJfaWQiOiIyMyIsIl9hdXRoX3VzZXJfYmFja2VuZCI6InJhcHAuYXV0aGVudGljYXRlLkVtYWlsQmFja2VuZCIsIl9hdXRoX3VzZXJfaGFzaCI6IjA2MjIwZjVlN2QxNzc2MWZlYzc3NzY1YzA3ZThmOGI5Njc5NTgyM2UifQ==','2018-12-16 12:51:05.959362'),('ghhamkqj3deobd7bbzq7iouuu6cjo5qa','MWNjNGEzZDlhNDFiY2FlNWI5N2I4NDM2NDE0OTY2OWY3MGNhNDdkZjp7Il9hdXRoX3VzZXJfYmFja2VuZCI6InJhcHAuYXV0aGVudGljYXRlLkVtYWlsQmFja2VuZCIsIl9hdXRoX3VzZXJfaGFzaCI6IjdlOGQwNjRlMDJlZjQwY2Y3ZjIyNTQ1NGMxYTRlOTBmM2YzYjFlZGUiLCJfYXV0aF91c2VyX2lkIjoiNjcifQ==','2019-01-31 16:33:38.625609'),('h42ykmdc1cm42zvolybxb90w5obzl803','MmY0MzIzZjI2MDU0ZmZhNTdlN2EzNmM2NzYyZjZjMDRiNjVjNDA4Yzp7Il9hdXRoX3VzZXJfaGFzaCI6IjA2MjIwZjVlN2QxNzc2MWZlYzc3NzY1YzA3ZThmOGI5Njc5NTgyM2UiLCJfYXV0aF91c2VyX2lkIjoiMjMiLCJfYXV0aF91c2VyX2JhY2tlbmQiOiJyYXBwLmF1dGhlbnRpY2F0ZS5FbWFpbEJhY2tlbmQifQ==','2018-12-12 06:50:38.586037'),('hbgc5pmstojor1ryxn3rsalwo616gp8l','MmY0MzIzZjI2MDU0ZmZhNTdlN2EzNmM2NzYyZjZjMDRiNjVjNDA4Yzp7Il9hdXRoX3VzZXJfaGFzaCI6IjA2MjIwZjVlN2QxNzc2MWZlYzc3NzY1YzA3ZThmOGI5Njc5NTgyM2UiLCJfYXV0aF91c2VyX2lkIjoiMjMiLCJfYXV0aF91c2VyX2JhY2tlbmQiOiJyYXBwLmF1dGhlbnRpY2F0ZS5FbWFpbEJhY2tlbmQifQ==','2018-09-02 20:00:01.546817'),('hoc06xvs7n9gqlaan1o9s0gqmj615t89','MTg0ZDkzYmJlZGU1OTAxYTY1ZDU1OWY1ZjY3MTFiMzRlNTU1N2I5MTp7Il9hdXRoX3VzZXJfaWQiOiIyMyIsIl9hdXRoX3VzZXJfYmFja2VuZCI6InJhcHAuYXV0aGVudGljYXRlLkVtYWlsQmFja2VuZCIsIl9hdXRoX3VzZXJfaGFzaCI6IjA2MjIwZjVlN2QxNzc2MWZlYzc3NzY1YzA3ZThmOGI5Njc5NTgyM2UifQ==','2018-12-26 16:45:08.017722'),('htxdodg1bsq2edfefne4320fd1crsykb','MTNlNDE4Y2Y2ODM4Njk1NDljNWRkZjZjNzYyMWE0MDk1ZGYyY2MwZjp7Il9hdXRoX3VzZXJfaWQiOiIyMyIsIl9hdXRoX3VzZXJfaGFzaCI6IjA2MjIwZjVlN2QxNzc2MWZlYzc3NzY1YzA3ZThmOGI5Njc5NTgyM2UiLCJfYXV0aF91c2VyX2JhY2tlbmQiOiJkamFuZ28uY29udHJpYi5hdXRoLmJhY2tlbmRzLk1vZGVsQmFja2VuZCJ9','2018-06-04 09:06:11.675091'),('jjksx5kyh7cb6pa7cnv0qhx5levkvrdr','ZGRmOThiNjUxMmM0ZjdmMDdhNTllNGYwYWZiMzczMGVhMDJlODVmNDp7Il9hdXRoX3VzZXJfaGFzaCI6IjA2MjIwZjVlN2QxNzc2MWZlYzc3NzY1YzA3ZThmOGI5Njc5NTgyM2UiLCJfYXV0aF91c2VyX2JhY2tlbmQiOiJyYXBwLmF1dGhlbnRpY2F0ZS5FbWFpbEJhY2tlbmQiLCJfYXV0aF91c2VyX2lkIjoiMjMifQ==','2019-01-31 04:23:07.695607'),('kbhrwh97xhra6n4581sqrevl00w5shpl','MTNlNDE4Y2Y2ODM4Njk1NDljNWRkZjZjNzYyMWE0MDk1ZGYyY2MwZjp7Il9hdXRoX3VzZXJfaWQiOiIyMyIsIl9hdXRoX3VzZXJfaGFzaCI6IjA2MjIwZjVlN2QxNzc2MWZlYzc3NzY1YzA3ZThmOGI5Njc5NTgyM2UiLCJfYXV0aF91c2VyX2JhY2tlbmQiOiJkamFuZ28uY29udHJpYi5hdXRoLmJhY2tlbmRzLk1vZGVsQmFja2VuZCJ9','2018-05-28 10:59:38.922637'),('l28yg45xuzw7vjd87akjae37vkvcu21e','MGQ1YmM3OTRmZTI3NDE5MTU3NTJlMGQwYjY4ZGFlNjNkMGZmY2MzZjp7Il9hdXRoX3VzZXJfYmFja2VuZCI6InJhcHAuYXV0aGVudGljYXRlLkVtYWlsQmFja2VuZCIsIl9hdXRoX3VzZXJfaGFzaCI6IjA2MjIwZjVlN2QxNzc2MWZlYzc3NzY1YzA3ZThmOGI5Njc5NTgyM2UiLCJfYXV0aF91c2VyX2lkIjoiMjMifQ==','2019-01-31 07:50:20.499259'),('l2tzhexsgzfc2ccwojkqwc52zm2bwnuk','MTNlNDE4Y2Y2ODM4Njk1NDljNWRkZjZjNzYyMWE0MDk1ZGYyY2MwZjp7Il9hdXRoX3VzZXJfaWQiOiIyMyIsIl9hdXRoX3VzZXJfaGFzaCI6IjA2MjIwZjVlN2QxNzc2MWZlYzc3NzY1YzA3ZThmOGI5Njc5NTgyM2UiLCJfYXV0aF91c2VyX2JhY2tlbmQiOiJkamFuZ28uY29udHJpYi5hdXRoLmJhY2tlbmRzLk1vZGVsQmFja2VuZCJ9','2018-06-22 22:56:27.443459'),('m32xi6eyq0cymc5oboen05minaenm86o','MTg0ZDkzYmJlZGU1OTAxYTY1ZDU1OWY1ZjY3MTFiMzRlNTU1N2I5MTp7Il9hdXRoX3VzZXJfaWQiOiIyMyIsIl9hdXRoX3VzZXJfYmFja2VuZCI6InJhcHAuYXV0aGVudGljYXRlLkVtYWlsQmFja2VuZCIsIl9hdXRoX3VzZXJfaGFzaCI6IjA2MjIwZjVlN2QxNzc2MWZlYzc3NzY1YzA3ZThmOGI5Njc5NTgyM2UifQ==','2018-12-16 15:43:17.157542'),('mdspw0o9uyj77bsl8phaps8g3759zk9g','MTNlNDE4Y2Y2ODM4Njk1NDljNWRkZjZjNzYyMWE0MDk1ZGYyY2MwZjp7Il9hdXRoX3VzZXJfaWQiOiIyMyIsIl9hdXRoX3VzZXJfaGFzaCI6IjA2MjIwZjVlN2QxNzc2MWZlYzc3NzY1YzA3ZThmOGI5Njc5NTgyM2UiLCJfYXV0aF91c2VyX2JhY2tlbmQiOiJkamFuZ28uY29udHJpYi5hdXRoLmJhY2tlbmRzLk1vZGVsQmFja2VuZCJ9','2018-08-28 19:07:15.510401'),('nxhmbwprfx7pnfib0imw6yz7gft1omh1','MWMzNDljNGMyMDU3YjkxN2FjNGQ4YTU1MDNiMDA4MWEyMTc3ODFlNTp7Il9hdXRoX3VzZXJfaGFzaCI6IjhmOGVkMDcyMmE0ZDYzMDFmMjUzMGM5NTI3MzQ3YzYxZThkZWIzNTAiLCJfYXV0aF91c2VyX2JhY2tlbmQiOiJyYXBwLmF1dGhlbnRpY2F0ZS5FbWFpbEJhY2tlbmQiLCJfYXV0aF91c2VyX2lkIjoiNjYifQ==','2019-01-30 16:26:17.591040'),('o4gn1u4qixwb342ytm2g6dv0l2p7v85w','NzI2MmY5ZjAwMzBjMGFjNTllNTIzMGI1Y2JiNTE3YmM3MmU4YjUyZTp7Il9hdXRoX3VzZXJfaWQiOiIyMyIsIl9hdXRoX3VzZXJfaGFzaCI6IjA2MjIwZjVlN2QxNzc2MWZlYzc3NzY1YzA3ZThmOGI5Njc5NTgyM2UiLCJfYXV0aF91c2VyX2JhY2tlbmQiOiJyYXBwLmF1dGhlbnRpY2F0ZS5FbWFpbEJhY2tlbmQifQ==','2018-12-11 06:15:34.401645'),('o70iz38m37afnjt8rd5t3zc6wb5ogcoi','ZGNjM2Y4ZDMyNGZjNjVhNGNjYTA2ODIzODlmODI3NWQ0ZmVhYjZjOTp7Il9hdXRoX3VzZXJfaGFzaCI6IjA2MjIwZjVlN2QxNzc2MWZlYzc3NzY1YzA3ZThmOGI5Njc5NTgyM2UiLCJfYXV0aF91c2VyX2lkIjoiMjMiLCJfYXV0aF91c2VyX2JhY2tlbmQiOiJkamFuZ28uY29udHJpYi5hdXRoLmJhY2tlbmRzLk1vZGVsQmFja2VuZCJ9','2018-05-27 18:26:36.011785'),('om450no3fe5pkzx7f4trfro8kbn40d14','ZGRmOThiNjUxMmM0ZjdmMDdhNTllNGYwYWZiMzczMGVhMDJlODVmNDp7Il9hdXRoX3VzZXJfaGFzaCI6IjA2MjIwZjVlN2QxNzc2MWZlYzc3NzY1YzA3ZThmOGI5Njc5NTgyM2UiLCJfYXV0aF91c2VyX2JhY2tlbmQiOiJyYXBwLmF1dGhlbnRpY2F0ZS5FbWFpbEJhY2tlbmQiLCJfYXV0aF91c2VyX2lkIjoiMjMifQ==','2018-12-10 02:16:09.157404'),('oyyswx2t91wsfvyjkip7ri8ga77w40nx','OWMwZGIxNzJjMjFjNzM2ODJmZGRlYmRlOTc5MmRjODFmMzcwYmE1Njp7Il9hdXRoX3VzZXJfYmFja2VuZCI6InJhcHAuYXV0aGVudGljYXRlLkVtYWlsQmFja2VuZCIsIl9hdXRoX3VzZXJfaWQiOiIyMyIsIl9hdXRoX3VzZXJfaGFzaCI6IjA2MjIwZjVlN2QxNzc2MWZlYzc3NzY1YzA3ZThmOGI5Njc5NTgyM2UifQ==','2018-12-10 03:26:06.553940'),('oz8ky5zpe9bbv72egg1gl7vher9qg02r','ZGRmOThiNjUxMmM0ZjdmMDdhNTllNGYwYWZiMzczMGVhMDJlODVmNDp7Il9hdXRoX3VzZXJfaGFzaCI6IjA2MjIwZjVlN2QxNzc2MWZlYzc3NzY1YzA3ZThmOGI5Njc5NTgyM2UiLCJfYXV0aF91c2VyX2JhY2tlbmQiOiJyYXBwLmF1dGhlbnRpY2F0ZS5FbWFpbEJhY2tlbmQiLCJfYXV0aF91c2VyX2lkIjoiMjMifQ==','2019-01-31 04:23:07.031457'),('p53n73m8lbrnzt5jm00tfbzhigpjaew4','MWMzNDljNGMyMDU3YjkxN2FjNGQ4YTU1MDNiMDA4MWEyMTc3ODFlNTp7Il9hdXRoX3VzZXJfaGFzaCI6IjhmOGVkMDcyMmE0ZDYzMDFmMjUzMGM5NTI3MzQ3YzYxZThkZWIzNTAiLCJfYXV0aF91c2VyX2JhY2tlbmQiOiJyYXBwLmF1dGhlbnRpY2F0ZS5FbWFpbEJhY2tlbmQiLCJfYXV0aF91c2VyX2lkIjoiNjYifQ==','2019-01-30 16:26:10.426610'),('pk0ilb09rtmzmeki1xhligtadr86if97','MWMzNDljNGMyMDU3YjkxN2FjNGQ4YTU1MDNiMDA4MWEyMTc3ODFlNTp7Il9hdXRoX3VzZXJfaGFzaCI6IjhmOGVkMDcyMmE0ZDYzMDFmMjUzMGM5NTI3MzQ3YzYxZThkZWIzNTAiLCJfYXV0aF91c2VyX2JhY2tlbmQiOiJyYXBwLmF1dGhlbnRpY2F0ZS5FbWFpbEJhY2tlbmQiLCJfYXV0aF91c2VyX2lkIjoiNjYifQ==','2019-01-30 16:26:16.928518'),('q0tzoj4qfi6aj7s1r6diiajn8o32gx56','MWMzNDljNGMyMDU3YjkxN2FjNGQ4YTU1MDNiMDA4MWEyMTc3ODFlNTp7Il9hdXRoX3VzZXJfaGFzaCI6IjhmOGVkMDcyMmE0ZDYzMDFmMjUzMGM5NTI3MzQ3YzYxZThkZWIzNTAiLCJfYXV0aF91c2VyX2JhY2tlbmQiOiJyYXBwLmF1dGhlbnRpY2F0ZS5FbWFpbEJhY2tlbmQiLCJfYXV0aF91c2VyX2lkIjoiNjYifQ==','2019-01-30 16:26:11.098359'),('q3ndsg44lc11o52171vd7yks3u9lrq1c','MmY0MzIzZjI2MDU0ZmZhNTdlN2EzNmM2NzYyZjZjMDRiNjVjNDA4Yzp7Il9hdXRoX3VzZXJfaGFzaCI6IjA2MjIwZjVlN2QxNzc2MWZlYzc3NzY1YzA3ZThmOGI5Njc5NTgyM2UiLCJfYXV0aF91c2VyX2lkIjoiMjMiLCJfYXV0aF91c2VyX2JhY2tlbmQiOiJyYXBwLmF1dGhlbnRpY2F0ZS5FbWFpbEJhY2tlbmQifQ==','2019-01-30 06:58:37.466055'),('qdb4t9zyfz87jy1et3e2h1yhqvidzw2u','MjM1ZTdhYjc5ZWViZDVjMmMwNDUyOWM3YzZjM2RiNjQ3ZTQ1OTUwMTp7Il9hdXRoX3VzZXJfaWQiOiIyMiIsIl9hdXRoX3VzZXJfaGFzaCI6IjhhZDRiZTFkY2IxOGM3Y2E3YTMxNDViZWQxYTBkZjU0ODljNWY0ODQiLCJfYXV0aF91c2VyX2JhY2tlbmQiOiJkamFuZ28uY29udHJpYi5hdXRoLmJhY2tlbmRzLk1vZGVsQmFja2VuZCJ9','2018-04-02 18:33:12.104669'),('qvlbbv5mw9z7xyz3ruw4ys1z51wvlevj','MGQ1YmM3OTRmZTI3NDE5MTU3NTJlMGQwYjY4ZGFlNjNkMGZmY2MzZjp7Il9hdXRoX3VzZXJfYmFja2VuZCI6InJhcHAuYXV0aGVudGljYXRlLkVtYWlsQmFja2VuZCIsIl9hdXRoX3VzZXJfaGFzaCI6IjA2MjIwZjVlN2QxNzc2MWZlYzc3NzY1YzA3ZThmOGI5Njc5NTgyM2UiLCJfYXV0aF91c2VyX2lkIjoiMjMifQ==','2018-12-10 03:07:14.878126'),('qye2knvf11jin3315h27xixt2kff9evn','ZGRmOThiNjUxMmM0ZjdmMDdhNTllNGYwYWZiMzczMGVhMDJlODVmNDp7Il9hdXRoX3VzZXJfaGFzaCI6IjA2MjIwZjVlN2QxNzc2MWZlYzc3NzY1YzA3ZThmOGI5Njc5NTgyM2UiLCJfYXV0aF91c2VyX2JhY2tlbmQiOiJyYXBwLmF1dGhlbnRpY2F0ZS5FbWFpbEJhY2tlbmQiLCJfYXV0aF91c2VyX2lkIjoiMjMifQ==','2018-12-12 08:14:11.211000'),('sbj2dt7ck3acpao25dpjbm011cf69es2','MTNlNDE4Y2Y2ODM4Njk1NDljNWRkZjZjNzYyMWE0MDk1ZGYyY2MwZjp7Il9hdXRoX3VzZXJfaWQiOiIyMyIsIl9hdXRoX3VzZXJfaGFzaCI6IjA2MjIwZjVlN2QxNzc2MWZlYzc3NzY1YzA3ZThmOGI5Njc5NTgyM2UiLCJfYXV0aF91c2VyX2JhY2tlbmQiOiJkamFuZ28uY29udHJpYi5hdXRoLmJhY2tlbmRzLk1vZGVsQmFja2VuZCJ9','2018-06-04 09:06:13.097796'),('sde0q0yjb5fut5uw6m5kf26c7uneh0jm','YTE5YjJlMTY4ZTNhNmI1YWIyY2ZhMWE2YjZhZjdmODU5NzJjMDg5MTp7Il9hdXRoX3VzZXJfaGFzaCI6ImZiYTE4NmFlMzY0MTYyMjM3Mzg5OGFjYTU5MTAwZGFhYjUxZTYzZjMiLCJfYXV0aF91c2VyX2JhY2tlbmQiOiJyYXBwLmF1dGhlbnRpY2F0ZS5FbWFpbEJhY2tlbmQiLCJfYXV0aF91c2VyX2lkIjoiNjAifQ==','2019-01-26 07:40:44.867865'),('sszmogcsn4zqd9g8wkifbk1cbw4itd1v','ODQ0ZTVhYTU0NGIzNWMzZTZlNmI3ZjA1ZDY3OGZlNTkxM2UyMWIzYjp7Il9hdXRoX3VzZXJfYmFja2VuZCI6InJhcHAuYXV0aGVudGljYXRlLkVtYWlsQmFja2VuZCIsIl9hdXRoX3VzZXJfaGFzaCI6ImM4YzNiNjJlMjk2ZjBmOTZlMDhkOWNjNmFkODcyMmM2M2NjZGQ3YmQiLCJfYXV0aF91c2VyX2lkIjoiNjgifQ==','2019-01-31 17:09:27.869917'),('svnu8iayc4mc191xwokmbgsww8xa2rt7','NzI2MmY5ZjAwMzBjMGFjNTllNTIzMGI1Y2JiNTE3YmM3MmU4YjUyZTp7Il9hdXRoX3VzZXJfaWQiOiIyMyIsIl9hdXRoX3VzZXJfaGFzaCI6IjA2MjIwZjVlN2QxNzc2MWZlYzc3NzY1YzA3ZThmOGI5Njc5NTgyM2UiLCJfYXV0aF91c2VyX2JhY2tlbmQiOiJyYXBwLmF1dGhlbnRpY2F0ZS5FbWFpbEJhY2tlbmQifQ==','2018-09-14 20:59:09.867770'),('t6j8uo084rmnupz7a1kbk8xjaynarua2','NTBmMDRiOWE4NGUxMjQ3OTgzOTUyODQ4NWQ4NjIzZDBjNDdlMTZjMzp7Il9hdXRoX3VzZXJfYmFja2VuZCI6ImRqYW5nby5jb250cmliLmF1dGguYmFja2VuZHMuTW9kZWxCYWNrZW5kIiwiX2F1dGhfdXNlcl9oYXNoIjoiMDYyMjBmNWU3ZDE3NzYxZmVjNzc3NjVjMDdlOGY4Yjk2Nzk1ODIzZSIsIl9hdXRoX3VzZXJfaWQiOiIyMyJ9','2018-09-01 17:27:38.402051'),('tgg3ybhzpbtfmz11rcyxp24spq7i8b8y','ZDkzMDZmN2ExMDc4YzExN2NlZGYyNmM3MDIzNDJmODRlZDEzZjE3Yzp7Il9hdXRoX3VzZXJfaWQiOiIxIiwiX2F1dGhfdXNlcl9iYWNrZW5kIjoiZGphbmdvLmNvbnRyaWIuYXV0aC5iYWNrZW5kcy5Nb2RlbEJhY2tlbmQiLCJfYXV0aF91c2VyX2hhc2giOiJhYzg4Zjc2ODQ3YTU4NThlMThiYmQ2MzExZjQ0NGUyMTIyOTFkMzJlIn0=','2018-04-29 15:45:59.596098'),('tm2x6hfxtw954d25k31p19cy8uzelcqo','ZTMxMjM4NjY1MjVmMWRlZDY3YzU0NGFjYTE0NDk4MDdmZWZmNjQwNTp7Il9hdXRoX3VzZXJfYmFja2VuZCI6ImRqYW5nby5jb250cmliLmF1dGguYmFja2VuZHMuTW9kZWxCYWNrZW5kIiwiX2F1dGhfdXNlcl9pZCI6IjM0IiwiX2F1dGhfdXNlcl9oYXNoIjoiMjE3YTEwMTg1MDQxYzEwZmM5OTM2MmRmOTUwZTZhODE1ZDQ2YmVjMSJ9','2018-09-01 12:34:30.948122'),('tsv52bnw4fv81p856pglofwodb56l0nf','MTg0ZDkzYmJlZGU1OTAxYTY1ZDU1OWY1ZjY3MTFiMzRlNTU1N2I5MTp7Il9hdXRoX3VzZXJfaWQiOiIyMyIsIl9hdXRoX3VzZXJfYmFja2VuZCI6InJhcHAuYXV0aGVudGljYXRlLkVtYWlsQmFja2VuZCIsIl9hdXRoX3VzZXJfaGFzaCI6IjA2MjIwZjVlN2QxNzc2MWZlYzc3NzY1YzA3ZThmOGI5Njc5NTgyM2UifQ==','2019-01-30 11:44:38.972542'),('twzntewdmanibpokz6jnr9ci6lbobpgq','YWQ3ODAxYWY1YzE5NjQ4OGRhMzliODdhZDhkMWJlMWM0MWJmY2IwNTp7Il9hdXRoX3VzZXJfaWQiOiIyMyIsIl9hdXRoX3VzZXJfYmFja2VuZCI6ImRqYW5nby5jb250cmliLmF1dGguYmFja2VuZHMuTW9kZWxCYWNrZW5kIiwiX2F1dGhfdXNlcl9oYXNoIjoiMDYyMjBmNWU3ZDE3NzYxZmVjNzc3NjVjMDdlOGY4Yjk2Nzk1ODIzZSJ9','2018-05-26 16:01:19.927484'),('u0g4be0fvkwrsy6e5krdt8tj21rw45i0','MGQ1YmM3OTRmZTI3NDE5MTU3NTJlMGQwYjY4ZGFlNjNkMGZmY2MzZjp7Il9hdXRoX3VzZXJfYmFja2VuZCI6InJhcHAuYXV0aGVudGljYXRlLkVtYWlsQmFja2VuZCIsIl9hdXRoX3VzZXJfaGFzaCI6IjA2MjIwZjVlN2QxNzc2MWZlYzc3NzY1YzA3ZThmOGI5Njc5NTgyM2UiLCJfYXV0aF91c2VyX2lkIjoiMjMifQ==','2018-12-15 03:26:56.299695'),('urfn4zv80po6b9jjnx7n58meostt2yh6','ODRkN2ZiOTZkNmJkNjI2OTU3MWZhY2RkNGM0ZjA5MzA4ZTllMGY4NDp7Il9hdXRoX3VzZXJfaWQiOiI1NCIsIl9hdXRoX3VzZXJfYmFja2VuZCI6InJhcHAuYXV0aGVudGljYXRlLkVtYWlsQmFja2VuZCIsIl9hdXRoX3VzZXJfaGFzaCI6Ijk2MTgyZTExYjBhMzg0YjM0MTkxYzIzYjNhNWJmMWRkZGZjOTA2NjIifQ==','2019-01-21 17:47:34.490173'),('v105pwm6v0nfrsxalaz049q4v3q3f90a','MGQ1YmM3OTRmZTI3NDE5MTU3NTJlMGQwYjY4ZGFlNjNkMGZmY2MzZjp7Il9hdXRoX3VzZXJfYmFja2VuZCI6InJhcHAuYXV0aGVudGljYXRlLkVtYWlsQmFja2VuZCIsIl9hdXRoX3VzZXJfaGFzaCI6IjA2MjIwZjVlN2QxNzc2MWZlYzc3NzY1YzA3ZThmOGI5Njc5NTgyM2UiLCJfYXV0aF91c2VyX2lkIjoiMjMifQ==','2019-01-31 16:07:36.851080'),('vid3ok19bav97rmtcfr7khmzybp4drfh','ZGRmOThiNjUxMmM0ZjdmMDdhNTllNGYwYWZiMzczMGVhMDJlODVmNDp7Il9hdXRoX3VzZXJfaGFzaCI6IjA2MjIwZjVlN2QxNzc2MWZlYzc3NzY1YzA3ZThmOGI5Njc5NTgyM2UiLCJfYXV0aF91c2VyX2JhY2tlbmQiOiJyYXBwLmF1dGhlbnRpY2F0ZS5FbWFpbEJhY2tlbmQiLCJfYXV0aF91c2VyX2lkIjoiMjMifQ==','2019-01-31 04:23:07.359189'),('w033e6gq86t7qs6ifw0b0kjth0ojc6fv','MmY0MzIzZjI2MDU0ZmZhNTdlN2EzNmM2NzYyZjZjMDRiNjVjNDA4Yzp7Il9hdXRoX3VzZXJfaGFzaCI6IjA2MjIwZjVlN2QxNzc2MWZlYzc3NzY1YzA3ZThmOGI5Njc5NTgyM2UiLCJfYXV0aF91c2VyX2lkIjoiMjMiLCJfYXV0aF91c2VyX2JhY2tlbmQiOiJyYXBwLmF1dGhlbnRpY2F0ZS5FbWFpbEJhY2tlbmQifQ==','2018-12-08 08:21:14.707116'),('w5yzdwgg9lh91pmdb5wdqipqsp6a3lgm','NmMyYWE1MzQ4NGE2YjQyNTVmMWQ4MDExZjk3MTgzMzk4OTlmZGMwOTp7Il9hdXRoX3VzZXJfYmFja2VuZCI6ImRqYW5nby5jb250cmliLmF1dGguYmFja2VuZHMuTW9kZWxCYWNrZW5kIiwiX2F1dGhfdXNlcl9pZCI6IjIzIiwiX2F1dGhfdXNlcl9oYXNoIjoiMDYyMjBmNWU3ZDE3NzYxZmVjNzc3NjVjMDdlOGY4Yjk2Nzk1ODIzZSJ9','2018-06-04 09:28:48.892655'),('w7v0r5j3ex5wa14qp3nvb6hnfqml8pa3','MGQ1YmM3OTRmZTI3NDE5MTU3NTJlMGQwYjY4ZGFlNjNkMGZmY2MzZjp7Il9hdXRoX3VzZXJfYmFja2VuZCI6InJhcHAuYXV0aGVudGljYXRlLkVtYWlsQmFja2VuZCIsIl9hdXRoX3VzZXJfaGFzaCI6IjA2MjIwZjVlN2QxNzc2MWZlYzc3NzY1YzA3ZThmOGI5Njc5NTgyM2UiLCJfYXV0aF91c2VyX2lkIjoiMjMifQ==','2019-01-31 08:50:36.646584'),('wd9u4vbm7mbzw9zg6wwvmbuelxeu9hd7','MWMzNDljNGMyMDU3YjkxN2FjNGQ4YTU1MDNiMDA4MWEyMTc3ODFlNTp7Il9hdXRoX3VzZXJfaGFzaCI6IjhmOGVkMDcyMmE0ZDYzMDFmMjUzMGM5NTI3MzQ3YzYxZThkZWIzNTAiLCJfYXV0aF91c2VyX2JhY2tlbmQiOiJyYXBwLmF1dGhlbnRpY2F0ZS5FbWFpbEJhY2tlbmQiLCJfYXV0aF91c2VyX2lkIjoiNjYifQ==','2019-01-30 16:26:10.759683'),('wq95v7wgf99fowf9wi9ado0tvi6sh5wc','ODNiOTE4MTczNGJhODJhNTU4ODBiNDE5ZmU4OWQzMmYxNTg2YmExZTp7Il9hdXRoX3VzZXJfaWQiOiIzNCIsIl9hdXRoX3VzZXJfYmFja2VuZCI6ImRqYW5nby5jb250cmliLmF1dGguYmFja2VuZHMuTW9kZWxCYWNrZW5kIiwiX2F1dGhfdXNlcl9oYXNoIjoiMjE3YTEwMTg1MDQxYzEwZmM5OTM2MmRmOTUwZTZhODE1ZDQ2YmVjMSJ9','2018-05-25 17:57:23.301626'),('wu5lqz5jmu98ijj91ntqpq99lqtqbu65','NTBmMDRiOWE4NGUxMjQ3OTgzOTUyODQ4NWQ4NjIzZDBjNDdlMTZjMzp7Il9hdXRoX3VzZXJfYmFja2VuZCI6ImRqYW5nby5jb250cmliLmF1dGguYmFja2VuZHMuTW9kZWxCYWNrZW5kIiwiX2F1dGhfdXNlcl9oYXNoIjoiMDYyMjBmNWU3ZDE3NzYxZmVjNzc3NjVjMDdlOGY4Yjk2Nzk1ODIzZSIsIl9hdXRoX3VzZXJfaWQiOiIyMyJ9','2018-05-24 14:39:00.807143'),('x0rtzodvd19tlj1t3h505m76b7j0sv7l','ZGRmOThiNjUxMmM0ZjdmMDdhNTllNGYwYWZiMzczMGVhMDJlODVmNDp7Il9hdXRoX3VzZXJfaGFzaCI6IjA2MjIwZjVlN2QxNzc2MWZlYzc3NzY1YzA3ZThmOGI5Njc5NTgyM2UiLCJfYXV0aF91c2VyX2JhY2tlbmQiOiJyYXBwLmF1dGhlbnRpY2F0ZS5FbWFpbEJhY2tlbmQiLCJfYXV0aF91c2VyX2lkIjoiMjMifQ==','2019-01-30 16:27:10.056530'),('x0ukbhbygan3v0l0at5haipb74a4k386','ZTMxMjM4NjY1MjVmMWRlZDY3YzU0NGFjYTE0NDk4MDdmZWZmNjQwNTp7Il9hdXRoX3VzZXJfYmFja2VuZCI6ImRqYW5nby5jb250cmliLmF1dGguYmFja2VuZHMuTW9kZWxCYWNrZW5kIiwiX2F1dGhfdXNlcl9pZCI6IjM0IiwiX2F1dGhfdXNlcl9oYXNoIjoiMjE3YTEwMTg1MDQxYzEwZmM5OTM2MmRmOTUwZTZhODE1ZDQ2YmVjMSJ9','2018-06-04 09:26:53.177678'),('xaiul5f1yqt98m992we5du1hh0mze112','ZGRmOThiNjUxMmM0ZjdmMDdhNTllNGYwYWZiMzczMGVhMDJlODVmNDp7Il9hdXRoX3VzZXJfaGFzaCI6IjA2MjIwZjVlN2QxNzc2MWZlYzc3NzY1YzA3ZThmOGI5Njc5NTgyM2UiLCJfYXV0aF91c2VyX2JhY2tlbmQiOiJyYXBwLmF1dGhlbnRpY2F0ZS5FbWFpbEJhY2tlbmQiLCJfYXV0aF91c2VyX2lkIjoiMjMifQ==','2019-01-27 16:43:59.009561'),('xlr8gapnbmqjrnnvrez7vipea9gd8w87','M2MxMjUxYmMyZjY1YzA4ODZmNTJmNGFlMWRjNThkYTQyNDUyYThkYTp7Il9hdXRoX3VzZXJfaGFzaCI6ImFjODhmNzY4NDdhNTg1OGUxOGJiZDYzMTFmNDQ0ZTIxMjI5MWQzMmUiLCJfYXV0aF91c2VyX2lkIjoiMSIsIl9hdXRoX3VzZXJfYmFja2VuZCI6ImRqYW5nby5jb250cmliLmF1dGguYmFja2VuZHMuTW9kZWxCYWNrZW5kIn0=','2018-04-17 16:07:22.698487'),('xmedt0k8k12dmugovda2wfcxjbvkd7ld','ZGNjM2Y4ZDMyNGZjNjVhNGNjYTA2ODIzODlmODI3NWQ0ZmVhYjZjOTp7Il9hdXRoX3VzZXJfaGFzaCI6IjA2MjIwZjVlN2QxNzc2MWZlYzc3NzY1YzA3ZThmOGI5Njc5NTgyM2UiLCJfYXV0aF91c2VyX2lkIjoiMjMiLCJfYXV0aF91c2VyX2JhY2tlbmQiOiJkamFuZ28uY29udHJpYi5hdXRoLmJhY2tlbmRzLk1vZGVsQmFja2VuZCJ9','2018-06-07 03:27:22.131824'),('yuava8vkkikj0u1oeb53kvlkq496qjv6','OWMwZGIxNzJjMjFjNzM2ODJmZGRlYmRlOTc5MmRjODFmMzcwYmE1Njp7Il9hdXRoX3VzZXJfYmFja2VuZCI6InJhcHAuYXV0aGVudGljYXRlLkVtYWlsQmFja2VuZCIsIl9hdXRoX3VzZXJfaWQiOiIyMyIsIl9hdXRoX3VzZXJfaGFzaCI6IjA2MjIwZjVlN2QxNzc2MWZlYzc3NzY1YzA3ZThmOGI5Njc5NTgyM2UifQ==','2018-09-04 08:29:41.259599'),('yxbe4lo4xdae46bdqizit8mto1d8tann','Y2Q3ZmZmZDEzOWIzNzVhMjdlMjMxOTgyZmU4MzA0NTE1YTdjNzY3Zjp7Il9hdXRoX3VzZXJfaGFzaCI6Ijk2MTgyZTExYjBhMzg0YjM0MTkxYzIzYjNhNWJmMWRkZGZjOTA2NjIiLCJfYXV0aF91c2VyX2JhY2tlbmQiOiJyYXBwLmF1dGhlbnRpY2F0ZS5FbWFpbEJhY2tlbmQiLCJfYXV0aF91c2VyX2lkIjoiNTQifQ==','2019-01-27 07:47:01.685655'),('zcc4zhdks5ukk2sl769xqn2o29biijhj','Mjg0MTliMTkyMjg0ZDI0YTU2ZTBkNjVkNmMzMjJlZTk0NjVmNzZmMjp7Il9hdXRoX3VzZXJfaWQiOiIyMCIsIl9hdXRoX3VzZXJfYmFja2VuZCI6ImRqYW5nby5jb250cmliLmF1dGguYmFja2VuZHMuTW9kZWxCYWNrZW5kIiwiX2F1dGhfdXNlcl9oYXNoIjoiNTNiMDkxMDlkYWI0NmM1NDk1OTEwMjkyOTVlZTE2NjE0ZmIyMjVlZiJ9','2018-04-02 14:59:49.696943'),('zl5dto7c0kxz4dluhe56td28x99tx4td','NTBmMDRiOWE4NGUxMjQ3OTgzOTUyODQ4NWQ4NjIzZDBjNDdlMTZjMzp7Il9hdXRoX3VzZXJfYmFja2VuZCI6ImRqYW5nby5jb250cmliLmF1dGguYmFja2VuZHMuTW9kZWxCYWNrZW5kIiwiX2F1dGhfdXNlcl9oYXNoIjoiMDYyMjBmNWU3ZDE3NzYxZmVjNzc3NjVjMDdlOGY4Yjk2Nzk1ODIzZSIsIl9hdXRoX3VzZXJfaWQiOiIyMyJ9','2018-05-26 17:34:30.950470'),('zzudrhz1bm58h1003g2zeu6ah21kruun','NzI2MmY5ZjAwMzBjMGFjNTllNTIzMGI1Y2JiNTE3YmM3MmU4YjUyZTp7Il9hdXRoX3VzZXJfaWQiOiIyMyIsIl9hdXRoX3VzZXJfaGFzaCI6IjA2MjIwZjVlN2QxNzc2MWZlYzc3NzY1YzA3ZThmOGI5Njc5NTgyM2UiLCJfYXV0aF91c2VyX2JhY2tlbmQiOiJyYXBwLmF1dGhlbnRpY2F0ZS5FbWFpbEJhY2tlbmQifQ==','2018-12-14 13:30:16.260136');
/*!40000 ALTER TABLE `django_session` ENABLE KEYS */;
UNLOCK TABLES;

--
-- Table structure for table `rapp_adminacc`
--

DROP TABLE IF EXISTS `rapp_adminacc`;
/*!40101 SET @saved_cs_client     = @@character_set_client */;
/*!40101 SET character_set_client = utf8 */;
CREATE TABLE `rapp_adminacc` (
  `id` int(11) NOT NULL AUTO_INCREMENT,
  `user_id` int(11) NOT NULL,
  PRIMARY KEY (`id`),
  UNIQUE KEY `user_id` (`user_id`),
  CONSTRAINT `rapp_adminacc_user_id_068bbf53_fk_auth_user_id` FOREIGN KEY (`user_id`) REFERENCES `auth_user` (`id`)
) ENGINE=InnoDB AUTO_INCREMENT=3 DEFAULT CHARSET=utf8;
/*!40101 SET character_set_client = @saved_cs_client */;

--
-- Dumping data for table `rapp_adminacc`
--

LOCK TABLES `rapp_adminacc` WRITE;
/*!40000 ALTER TABLE `rapp_adminacc` DISABLE KEYS */;
INSERT INTO `rapp_adminacc` VALUES (1,23),(2,54);
/*!40000 ALTER TABLE `rapp_adminacc` ENABLE KEYS */;
UNLOCK TABLES;

--
-- Table structure for table `rapp_authors`
--

DROP TABLE IF EXISTS `rapp_authors`;
/*!40101 SET @saved_cs_client     = @@character_set_client */;
/*!40101 SET character_set_client = utf8 */;
CREATE TABLE `rapp_authors` (
  `id` int(11) NOT NULL AUTO_INCREMENT,
  `name` varchar(255) NOT NULL,
  PRIMARY KEY (`id`),
  UNIQUE KEY `name` (`name`)
) ENGINE=InnoDB AUTO_INCREMENT=157 DEFAULT CHARSET=utf8;
/*!40101 SET character_set_client = @saved_cs_client */;

--
-- Dumping data for table `rapp_authors`
--

LOCK TABLES `rapp_authors` WRITE;
/*!40000 ALTER TABLE `rapp_authors` DISABLE KEYS */;
INSERT INTO `rapp_authors` VALUES (11,'	Jane Austen'),(85,' Agatha Christie'),(61,' Alexander Hamilton, John Jay, and James Madison'),(42,' Alexandre Dumas'),(82,' Alexis de Tocqueville'),(109,' Annie Besant'),(140,' Anthony Hope'),(78,' Anton Pavlovich Chekhov'),(53,' Arthur Conan Doyle'),(118,' Arthur F. J. Remy'),(143,' Arthur Morrison'),(137,' Arthur O. Friel'),(80,' Ayn Rand'),(114,' Bankim Chandra Chatterji'),(156,' Baroness Emmuska Orczy Orczy'),(63,' Bernard Shaw'),(81,' Bishop of Hippo Saint Augustine'),(103,' Captain Sir Richard F. Burton'),(98,' Cecil Henry Bompas'),(12,' Charles Dickens'),(75,' Daniel Defoe'),(122,' Douglas Dewar'),(83,' Edgar Allan Poe'),(128,' Edgar Rice Burroughs'),(77,' Edith Wharton'),(50,' Emily Bronte'),(104,' F. Max Mller'),(84,' Frances Hodgson Burnett'),(37,' Frederick Douglass '),(91,' Frederick Samuel Dellenbaugh'),(70,' Friedrich Engels and Karl Marx'),(58,' Friedrich Wilhelm Nietzsche'),(111,' G. A. Henty'),(35,' Graf Leo Tolstoy'),(106,' H. G. Keene'),(72,' H. G. Wells'),(138,' H. Rider Haggard'),(54,' Harriet Beecher Stowe'),(44,' Henry David Thoreau'),(117,' Henry Hart Milman'),(71,' Henry James'),(14,' Herman Melville'),(52,' Hermann Hesse'),(113,' Inayat Khan and Jessie Duncan Westbrook'),(26,' Jacob Grimm and Wilhelm Grimm'),(49,' James Joyce'),(97,' James Kennedy'),(38,' Jane Austen'),(124,' John Buchan'),(68,' John Locke'),(107,' John Morley'),(66,' John Stuart Mill'),(20,' Jonathan Swift'),(18,' Joseph Conrad'),(99,' Joseph Jacobs and John Dickson Batten'),(123,' K. Rangachari and C. Tadulinga Mudaliyar'),(116,' Kalidasa'),(48,' L. Frank Baum'),(69,' L. M. Montgomery'),(67,' Louisa May Alcott'),(112,' Mahatma Gandhi'),(76,' Marcus Aurelius '),(73,' Meadows Taylor'),(74,' Miguel de Cervantes Saavedra'),(101,' N. D\'Anvers and Siddha Mohana Mitra'),(46,' Nathaniel Hawthorne'),(33,' Niccol Machiavelli'),(30,' Plato'),(96,' Rabindranath Tagore'),(92,' Richard Garbe    '),(121,' Robert Armitage Sterndale'),(43,' Robert Louis Stevenson'),(108,' Robert Sewell'),(100,' Rudyard Kipling'),(120,' Sarojini Naidu'),(64,' Sir Thomas Malory'),(110,' Sir Valentine Chirol'),(119,' Sudraka'),(31,' Thomas Hobbes'),(59,' Vatsyayana'),(56,' Victor Hugo'),(57,' Voltaire'),(39,' W. E. B. Du Bois'),(47,' Walt Whitman'),(34,' Washington Irving'),(86,' William Blake'),(105,' William Eleroy Curtis'),(62,' William Shakespeare'),(93,' William Sleeman'),(22,'Anonymous'),(17,'Arthur Conan Doyle'),(60,'Benjamin Franklin'),(16,'Bram Stoker'),(32,'Charlotte Bront'),(29,'Charlotte Perkins Gilman'),(65,'Christopher Marlowe'),(36,'Douglass'),(135,'Edgar Rice Burroughs'),(150,'Edward Bellamy'),(145,'Edwin Abbott Abbott'),(146,'Edwin Lester Linden Arnold'),(25,'Franz Kafka'),(95,'Frederick Sleigh Roberts Roberts'),(41,'Fyodor Dostoyevsky'),(89,'Geoffrey Chaucer'),(88,'graf Leo Tolstoy'),(8,'Herman Melville'),(21,'Homer'),(27,'J. Lesslie Hall'),(45,'J. M. Barrie'),(142,'Jack London'),(40,'James Joyce'),(10,'Jane Austen'),(154,'Jesse F Bone'),(148,'John Jacob Astor'),(136,'John Meade Falkner'),(51,'Kate Chopin'),(15,'Lewis Carroll'),(24,'Mark Twain'),(13,'Mary Wollstonecraft Shelley'),(87,'Olaudah Equiano'),(19,'Oscar Wilde'),(115,'R. N. Dutta'),(144,'Ray Cummings et al.'),(149,'Robert Barr'),(94,'Roberts'),(147,'Talbot Mundy'),(102,'Toru Dutt'),(90,'William Farquhar Payson');
/*!40000 ALTER TABLE `rapp_authors` ENABLE KEYS */;
UNLOCK TABLES;

--
-- Table structure for table `rapp_bestseller`
--

DROP TABLE IF EXISTS `rapp_bestseller`;
/*!40101 SET @saved_cs_client     = @@character_set_client */;
/*!40101 SET character_set_client = utf8 */;
CREATE TABLE `rapp_bestseller` (
  `id` int(11) NOT NULL AUTO_INCREMENT,
  `name` varchar(255) NOT NULL,
  PRIMARY KEY (`id`)
) ENGINE=InnoDB AUTO_INCREMENT=2 DEFAULT CHARSET=utf8;
/*!40101 SET character_set_client = @saved_cs_client */;

--
-- Dumping data for table `rapp_bestseller`
--

LOCK TABLES `rapp_bestseller` WRITE;
/*!40000 ALTER TABLE `rapp_bestseller` DISABLE KEYS */;
INSERT INTO `rapp_bestseller` VALUES (1,'Bestsellers');
/*!40000 ALTER TABLE `rapp_bestseller` ENABLE KEYS */;
UNLOCK TABLES;

--
-- Table structure for table `rapp_bestseller_ebooks`
--

DROP TABLE IF EXISTS `rapp_bestseller_ebooks`;
/*!40101 SET @saved_cs_client     = @@character_set_client */;
/*!40101 SET character_set_client = utf8 */;
CREATE TABLE `rapp_bestseller_ebooks` (
  `id` int(11) NOT NULL AUTO_INCREMENT,
  `bestseller_id` int(11) NOT NULL,
  `ebooks_id` int(11) NOT NULL,
  PRIMARY KEY (`id`),
  UNIQUE KEY `rapp_bestseller_ebooks_bestseller_id_ebooks_id_bd8ba6f4_uniq` (`bestseller_id`,`ebooks_id`),
  KEY `rapp_bestseller_ebooks_ebooks_id_eb76ede0_fk_rapp_ebooks_id` (`ebooks_id`),
  CONSTRAINT `rapp_bestseller_eboo_bestseller_id_f07125aa_fk_rapp_best` FOREIGN KEY (`bestseller_id`) REFERENCES `rapp_bestseller` (`id`),
  CONSTRAINT `rapp_bestseller_ebooks_ebooks_id_eb76ede0_fk_rapp_ebooks_id` FOREIGN KEY (`ebooks_id`) REFERENCES `rapp_ebooks` (`id`)
) ENGINE=InnoDB AUTO_INCREMENT=31 DEFAULT CHARSET=utf8;
/*!40101 SET character_set_client = @saved_cs_client */;

--
-- Dumping data for table `rapp_bestseller_ebooks`
--

LOCK TABLES `rapp_bestseller_ebooks` WRITE;
/*!40000 ALTER TABLE `rapp_bestseller_ebooks` DISABLE KEYS */;
INSERT INTO `rapp_bestseller_ebooks` VALUES (13,1,159),(14,1,160),(15,1,162),(16,1,164),(17,1,165),(18,1,171),(19,1,172),(20,1,173),(21,1,176),(22,1,177),(23,1,179),(24,1,180),(25,1,181),(26,1,182),(27,1,184),(28,1,188),(29,1,189),(30,1,190),(1,1,192),(2,1,193),(3,1,197),(4,1,199),(5,1,203),(6,1,206),(7,1,207),(8,1,209),(9,1,210),(10,1,211),(11,1,218),(12,1,219);
/*!40000 ALTER TABLE `rapp_bestseller_ebooks` ENABLE KEYS */;
UNLOCK TABLES;

--
-- Table structure for table `rapp_bestsellerview`
--

DROP TABLE IF EXISTS `rapp_bestsellerview`;
/*!40101 SET @saved_cs_client     = @@character_set_client */;
/*!40101 SET character_set_client = utf8 */;
CREATE TABLE `rapp_bestsellerview` (
  `id` int(11) NOT NULL AUTO_INCREMENT,
  `time` datetime(6) NOT NULL,
  `duration` int(11) NOT NULL,
  `user_id` int(11) NOT NULL,
  PRIMARY KEY (`id`),
  KEY `rapp_bestsellerview_user_id_52aad828_fk_auth_user_id` (`user_id`),
  CONSTRAINT `rapp_bestsellerview_user_id_52aad828_fk_auth_user_id` FOREIGN KEY (`user_id`) REFERENCES `auth_user` (`id`)
) ENGINE=InnoDB AUTO_INCREMENT=18 DEFAULT CHARSET=utf8;
/*!40101 SET character_set_client = @saved_cs_client */;

--
-- Dumping data for table `rapp_bestsellerview`
--

LOCK TABLES `rapp_bestsellerview` WRITE;
/*!40000 ALTER TABLE `rapp_bestsellerview` DISABLE KEYS */;
INSERT INTO `rapp_bestsellerview` VALUES (1,'2019-01-10 18:15:09.796696',0,23),(2,'2019-01-10 18:16:23.873591',0,23),(3,'2019-01-10 18:16:24.709954',0,23),(4,'2019-01-10 18:16:25.369846',0,23),(5,'2019-01-10 18:18:09.348635',0,23),(6,'2019-01-10 18:18:17.277891',0,23),(7,'2019-01-10 18:19:07.401993',6,23),(8,'2019-01-10 18:19:19.118002',0,23),(9,'2019-01-10 18:19:59.798819',0,23),(10,'2019-01-10 18:20:04.895398',2,23),(11,'2019-01-10 18:20:07.809434',30,23),(12,'2019-01-10 18:20:38.613113',64,23),(13,'2019-01-10 18:21:43.634760',2,23),(14,'2019-01-10 18:21:46.505162',6,23),(15,'2019-01-10 18:22:05.856208',109,23),(16,'2019-01-10 18:26:46.021096',29,23),(17,'2019-01-16 05:30:52.522824',24,54);
/*!40000 ALTER TABLE `rapp_bestsellerview` ENABLE KEYS */;
UNLOCK TABLES;

--
-- Table structure for table `rapp_bookmark`
--

DROP TABLE IF EXISTS `rapp_bookmark`;
/*!40101 SET @saved_cs_client     = @@character_set_client */;
/*!40101 SET character_set_client = utf8 */;
CREATE TABLE `rapp_bookmark` (
  `id` int(11) NOT NULL AUTO_INCREMENT,
  `location` int(11) NOT NULL,
  `ebook_id` int(11) NOT NULL,
  `user_id` int(11) NOT NULL,
  `data` longtext NOT NULL,
  PRIMARY KEY (`id`),
  KEY `rapp_bookmark_ebook_id_c88ac8d7_fk_rapp_ebooks_id` (`ebook_id`),
  KEY `rapp_bookmark_user_id_7c74cf3d_fk_auth_user_id` (`user_id`),
  CONSTRAINT `rapp_bookmark_ebook_id_c88ac8d7_fk_rapp_ebooks_id` FOREIGN KEY (`ebook_id`) REFERENCES `rapp_ebooks` (`id`),
  CONSTRAINT `rapp_bookmark_user_id_7c74cf3d_fk_auth_user_id` FOREIGN KEY (`user_id`) REFERENCES `auth_user` (`id`)
) ENGINE=InnoDB DEFAULT CHARSET=utf8;
/*!40101 SET character_set_client = @saved_cs_client */;

--
-- Dumping data for table `rapp_bookmark`
--

LOCK TABLES `rapp_bookmark` WRITE;
/*!40000 ALTER TABLE `rapp_bookmark` DISABLE KEYS */;
/*!40000 ALTER TABLE `rapp_bookmark` ENABLE KEYS */;
UNLOCK TABLES;

--
-- Table structure for table `rapp_buyentry`
--

DROP TABLE IF EXISTS `rapp_buyentry`;
/*!40101 SET @saved_cs_client     = @@character_set_client */;
/*!40101 SET character_set_client = utf8 */;
CREATE TABLE `rapp_buyentry` (
  `id` int(11) NOT NULL AUTO_INCREMENT,
  `buyid` varchar(255) NOT NULL,
  `duration` varchar(255) NOT NULL,
  `amount` double NOT NULL,
  `time` datetime(6) NOT NULL,
  `purchased` tinyint(1) NOT NULL,
  `ebook_id` int(11) NOT NULL,
  `user_id` int(11) NOT NULL,
  PRIMARY KEY (`id`),
  KEY `rapp_buyentry_ebook_id_bcee2d87_fk_rapp_ebooks_id` (`ebook_id`),
  KEY `rapp_buyentry_user_id_07f149dd_fk_auth_user_id` (`user_id`),
  CONSTRAINT `rapp_buyentry_ebook_id_bcee2d87_fk_rapp_ebooks_id` FOREIGN KEY (`ebook_id`) REFERENCES `rapp_ebooks` (`id`),
  CONSTRAINT `rapp_buyentry_user_id_07f149dd_fk_auth_user_id` FOREIGN KEY (`user_id`) REFERENCES `auth_user` (`id`)
) ENGINE=InnoDB AUTO_INCREMENT=14 DEFAULT CHARSET=utf8;
/*!40101 SET character_set_client = @saved_cs_client */;

--
-- Dumping data for table `rapp_buyentry`
--

LOCK TABLES `rapp_buyentry` WRITE;
/*!40000 ALTER TABLE `rapp_buyentry` DISABLE KEYS */;
INSERT INTO `rapp_buyentry` VALUES (1,'54984236132695301940350942220866','Buy',0,'2019-01-10 20:13:53.122276',0,30,23),(2,'34275738220269544720535617178606','1 month',0,'2019-01-10 20:14:34.307285',0,30,23),(3,'84642043579593900131130885939824','Buy',0,'2019-01-10 21:17:16.258769',0,36,23),(4,'93198947486938923669953157652947','Buy',0,'2019-01-11 00:13:38.756406',0,55,54),(5,'54947921781311648494033281349996','Buy',0,'2019-01-12 07:42:08.835437',0,59,60),(6,'92499653685983054763484190109425','3 days',0,'2019-01-13 05:43:49.942153',0,38,58),(7,'70147704226957933636952921147675','Buy',0,'2019-01-13 07:47:24.161211',0,104,54),(8,'40946704928327647124216540900949','Buy',0,'2019-01-13 07:47:42.524149',0,104,54),(9,'42299972949326064653380191028456','Buy',0,'2019-01-13 12:43:51.857879',0,75,63),(10,'71724167898453302134656195111713','Buy',0,'2019-01-13 12:50:12.964755',0,33,63),(11,'84104126818214719373394586858386','Buy',0,'2019-01-13 12:52:52.962827',0,41,63),(12,'48467685984796466305769116260465','1 month',0,'2019-01-15 12:37:57.146842',0,174,54),(13,'33799008566553556600105014869682','Buy',0,'2019-01-16 09:11:03.905415',0,166,54);
/*!40000 ALTER TABLE `rapp_buyentry` ENABLE KEYS */;
UNLOCK TABLES;

--
-- Table structure for table `rapp_category`
--

DROP TABLE IF EXISTS `rapp_category`;
/*!40101 SET @saved_cs_client     = @@character_set_client */;
/*!40101 SET character_set_client = utf8 */;
CREATE TABLE `rapp_category` (
  `id` int(11) NOT NULL AUTO_INCREMENT,
  `cat` varchar(255) NOT NULL,
  `catmodel` varchar(20) NOT NULL,
  PRIMARY KEY (`id`)
) ENGINE=InnoDB AUTO_INCREMENT=22 DEFAULT CHARSET=utf8;
/*!40101 SET character_set_client = @saved_cs_client */;

--
-- Dumping data for table `rapp_category`
--

LOCK TABLES `rapp_category` WRITE;
/*!40000 ALTER TABLE `rapp_category` DISABLE KEYS */;
INSERT INTO `rapp_category` VALUES (1,'Engineering','3month'),(3,'Self-Development','3month'),(6,'Biographies','3month'),(7,'Action and Adventure','3month'),(10,'Fiction, Literature & Novels','3month'),(11,'Biographies & Memoirs','3month'),(12,'Business & Finance','3month'),(13,'Religion & Spirituality','3month'),(14,'Health & Fitness','3month'),(15,'Children\'s Books','3month'),(16,'Young Adult','3month'),(17,'Short Stories & Poetry','3month'),(18,'Science & Technology','3month'),(19,'Competitive Books','3month'),(20,'Academic Books','12month');
/*!40000 ALTER TABLE `rapp_category` ENABLE KEYS */;
UNLOCK TABLES;

--
-- Table structure for table `rapp_connectionhistory`
--

DROP TABLE IF EXISTS `rapp_connectionhistory`;
/*!40101 SET @saved_cs_client     = @@character_set_client */;
/*!40101 SET character_set_client = utf8 */;
CREATE TABLE `rapp_connectionhistory` (
  `id` int(11) NOT NULL AUTO_INCREMENT,
  `publicip` varchar(100) NOT NULL,
  `localip` varchar(100) NOT NULL,
  `status` int(11) NOT NULL,
  `user_id` int(11) NOT NULL,
  `echo` datetime(6) NOT NULL,
  PRIMARY KEY (`id`),
  KEY `rapp_connectionhistory_user_id_314dec45_fk_auth_user_id` (`user_id`),
  CONSTRAINT `rapp_connectionhistory_user_id_314dec45_fk_auth_user_id` FOREIGN KEY (`user_id`) REFERENCES `auth_user` (`id`)
) ENGINE=InnoDB AUTO_INCREMENT=8 DEFAULT CHARSET=utf8;
/*!40101 SET character_set_client = @saved_cs_client */;

--
-- Dumping data for table `rapp_connectionhistory`
--

LOCK TABLES `rapp_connectionhistory` WRITE;
/*!40000 ALTER TABLE `rapp_connectionhistory` DISABLE KEYS */;
INSERT INTO `rapp_connectionhistory` VALUES (1,'103.37.201.96','172.25.31.170',-8,23,'2019-01-17 08:58:48.516484'),(2,'103.37.201.78','172.25.25.220',0,54,'2019-01-17 04:30:57.091404'),(3,'103.37.201.45','172.30.0.155',0,54,'2019-01-16 19:38:25.355500'),(4,'139.167.113.86','172.30.0.155',0,54,'2019-01-18 06:10:54.710981'),(5,'27.63.152.113','100.81.57.244',1,23,'2019-01-17 16:07:56.008078'),(6,'103.37.201.96','192.168.137.188',0,68,'2019-01-17 17:13:49.420972'),(7,'27.63.152.113','100.71.49.160',0,23,'2019-01-18 04:25:03.489628');
/*!40000 ALTER TABLE `rapp_connectionhistory` ENABLE KEYS */;
UNLOCK TABLES;

--
-- Table structure for table `rapp_dashboard`
--

DROP TABLE IF EXISTS `rapp_dashboard`;
/*!40101 SET @saved_cs_client     = @@character_set_client */;
/*!40101 SET character_set_client = utf8 */;
CREATE TABLE `rapp_dashboard` (
  `id` int(11) NOT NULL AUTO_INCREMENT,
  `itime` datetime(6) NOT NULL,
  `active` tinyint(1) NOT NULL,
  `duration` varchar(255) NOT NULL,
  `ebook_id` int(11) NOT NULL,
  `nprice` double NOT NULL,
  `user_id` int(11) NOT NULL,
  PRIMARY KEY (`id`)
) ENGINE=InnoDB AUTO_INCREMENT=32 DEFAULT CHARSET=utf8;
/*!40101 SET character_set_client = @saved_cs_client */;

--
-- Dumping data for table `rapp_dashboard`
--

LOCK TABLES `rapp_dashboard` WRITE;
/*!40000 ALTER TABLE `rapp_dashboard` DISABLE KEYS */;
INSERT INTO `rapp_dashboard` VALUES (14,'2019-01-10 17:00:53.000000',1,'1.5 months',50,0,23),(15,'2019-01-10 17:06:51.000000',1,'1 month',116,0,23),(16,'2019-01-10 17:07:56.000000',1,'1 month',36,0,23),(17,'2019-01-10 17:09:18.000000',1,'1 month',76,0,23),(18,'2019-01-10 17:21:52.000000',1,'1 month',30,0,23),(19,'2019-01-10 17:23:27.000000',1,'1 month',34,0,23),(20,'2019-01-10 17:25:36.000000',1,'1 month',38,0,23),(21,'2019-01-10 17:26:38.000000',1,'1 month',52,0,23),(22,'2019-01-10 17:28:04.000000',1,'1 month',57,0,23),(23,'2019-01-10 17:28:45.000000',1,'1 month',66,0,23),(24,'2019-01-10 17:34:44.000000',1,'1 month',68,0,23),(25,'2019-01-10 18:53:41.000000',1,'Buy',41,0,23),(26,'2019-01-16 19:38:16.386837',1,'Buy',104,0,54),(27,'2019-01-16 19:39:45.809968',1,'Buy',46,0,54),(28,'2019-01-17 04:15:57.335368',1,'Buy',30,0,54),(29,'2019-01-17 04:23:08.883745',1,'Buy',33,0,54),(30,'2019-01-17 17:09:32.452148',1,'Buy',38,0,68),(31,'2019-01-17 17:10:28.183559',1,'Buy',227,0,68);
/*!40000 ALTER TABLE `rapp_dashboard` ENABLE KEYS */;
UNLOCK TABLES;

--
-- Table structure for table `rapp_detailview`
--

DROP TABLE IF EXISTS `rapp_detailview`;
/*!40101 SET @saved_cs_client     = @@character_set_client */;
/*!40101 SET character_set_client = utf8 */;
CREATE TABLE `rapp_detailview` (
  `id` int(11) NOT NULL AUTO_INCREMENT,
  `time` datetime(6) NOT NULL,
  `duration` int(11) NOT NULL,
  `profilevector` longtext NOT NULL,
  `ebook_id` int(11) NOT NULL,
  `user_id` int(11) NOT NULL,
  PRIMARY KEY (`id`),
  KEY `rapp_detailview_ebook_id_4a8331cb_fk_rapp_ebooks_id` (`ebook_id`),
  KEY `rapp_detailview_user_id_e2bae851_fk_auth_user_id` (`user_id`),
  CONSTRAINT `rapp_detailview_ebook_id_4a8331cb_fk_rapp_ebooks_id` FOREIGN KEY (`ebook_id`) REFERENCES `rapp_ebooks` (`id`),
  CONSTRAINT `rapp_detailview_user_id_e2bae851_fk_auth_user_id` FOREIGN KEY (`user_id`) REFERENCES `auth_user` (`id`)
) ENGINE=InnoDB AUTO_INCREMENT=88 DEFAULT CHARSET=utf8;
/*!40101 SET character_set_client = @saved_cs_client */;

--
-- Dumping data for table `rapp_detailview`
--

LOCK TABLES `rapp_detailview` WRITE;
/*!40000 ALTER TABLE `rapp_detailview` DISABLE KEYS */;
INSERT INTO `rapp_detailview` VALUES (55,'2019-01-11 00:13:12.145468',25,'niccolmachiavelli niccolmachiavelli niccolmachiavelli none fiction,literature&novels fiction,literature&novels political political political political philosophy philosophy philosophy philosophy',55,54),(56,'2019-01-12 07:41:36.521774',0,'janeausten janeausten janeausten none fiction,literature&novels fiction,literature&novels youngwomen--fiction youngwomen--fiction youngwomen--fiction youngwomen--fiction 	lovestories 	lovestories 	lovestories 	lovestories 	fantasyfiction 	fantasyfiction 	fantasyfiction 	fantasyfiction humorousstories humorousstories humorousstories humorousstories',59,60),(57,'2019-01-13 05:43:40.757058',8,'arthurconandoyle arthurconandoyle arthurconandoyle none fiction,literature&novels fiction,literature&novels languageandliterature languageandliterature languageandliterature languageandliterature holmes,sherlock holmes,sherlock holmes,sherlock holmes,sherlock detectiveandmysterystories detectiveandmysterystories detectiveandmysterystories detectiveandmysterystories',38,58),(58,'2019-01-13 05:44:09.843052',4376,'arthurconandoyle arthurconandoyle arthurconandoyle none fiction,literature&novels fiction,literature&novels languageandliterature languageandliterature languageandliterature languageandliterature holmes,sherlock holmes,sherlock holmes,sherlock holmes,sherlock detectiveandmysterystories detectiveandmysterystories detectiveandmysterystories detectiveandmysterystories',38,58),(59,'2019-01-13 07:47:17.165543',7,'danieldefoe danieldefoe danieldefoe none fiction,literature&novels fiction,literature&novels 	adventurestories 	adventurestories 	adventurestories 	adventurestories fiction fiction fiction fiction',104,54),(60,'2019-01-13 07:48:06.046977',0,'danieldefoe danieldefoe danieldefoe none fiction,literature&novels fiction,literature&novels 	adventurestories 	adventurestories 	adventurestories 	adventurestories fiction fiction fiction fiction',104,54),(61,'2019-01-13 12:43:46.208492',2,'jonathanswift jonathanswift jonathanswift none fiction,literature&novels fiction,literature&novels 	adventurestories 	adventurestories 	adventurestories 	adventurestories 	fantasyfiction 	fantasyfiction 	fantasyfiction 	fantasyfiction travelers travelers travelers travelers',75,63),(62,'2019-01-13 12:44:13.586996',0,'johnbuchan johnbuchan johnbuchan none fiction,literature&novels fiction,literature&novels 	adventurestories 	adventurestories 	adventurestories 	adventurestories action action action action',166,63),(63,'2019-01-13 12:49:30.221883',37,'charlesdickens charlesdickens charlesdickens none fiction,literature&novels fiction,literature&novels languageandliterature languageandliterature languageandliterature languageandliterature historicalfiction historicalfiction historicalfiction historicalfiction warstories warstories warstories warstories',33,63),(64,'2019-01-13 12:52:47.205110',3,'jonathanswift jonathanswift jonathanswift none fiction,literature&novels fiction,literature&novels languageandliterature languageandliterature languageandliterature languageandliterature political political political political religious religious religious religious',41,63),(65,'2019-01-13 14:06:34.955215',66,'janeausten janeausten janeausten none fiction,literature&novels fiction,literature&novels languageandliterature languageandliterature languageandliterature languageandliterature youngwomen--fiction youngwomen--fiction youngwomen--fiction youngwomen--fiction 	lovestories 	lovestories 	lovestories 	lovestories courtship courtship courtship courtship',30,58),(66,'2019-01-13 15:22:34.302163',0,'janeausten janeausten janeausten none fiction,literature&novels fiction,literature&novels youngwomen--fiction youngwomen--fiction youngwomen--fiction youngwomen--fiction 	lovestories 	lovestories 	lovestories 	lovestories 	fantasyfiction 	fantasyfiction 	fantasyfiction 	fantasyfiction humorousstories humorousstories humorousstories humorousstories',59,60),(67,'2019-01-15 02:24:53.152075',0,'johnbuchan johnbuchan johnbuchan none fiction,literature&novels fiction,literature&novels 	adventurestories 	adventurestories 	adventurestories 	adventurestories action action action action',166,54),(68,'2019-01-15 12:37:46.321835',7,'edgarriceburroughs edgarriceburroughs edgarriceburroughs none fiction,literature&novels fiction,literature&novels 	adventurestories 	adventurestories 	adventurestories 	adventurestories 	fantasyfiction 	fantasyfiction 	fantasyfiction 	fantasyfiction action action action action',174,54),(69,'2019-01-16 05:29:36.113401',69,'janeausten janeausten janeausten none fiction,literature&novels fiction,literature&novels languageandliterature languageandliterature languageandliterature languageandliterature youngwomen--fiction youngwomen--fiction youngwomen--fiction youngwomen--fiction 	lovestories 	lovestories 	lovestories 	lovestories courtship courtship courtship courtship',30,54),(70,'2019-01-16 09:11:00.408704',2,'johnbuchan johnbuchan johnbuchan none fiction,literature&novels fiction,literature&novels 	adventurestories 	adventurestories 	adventurestories 	adventurestories action action action action',166,54),(71,'2019-01-16 15:32:17.928568',0,'marcusaurelius marcusaurelius marcusaurelius none fiction,literature&novels fiction,literature&novels psychologicalfiction psychologicalfiction psychologicalfiction psychologicalfiction religious religious religious religious philosophy philosophy philosophy philosophy ethics ethics ethics ethics',106,54),(72,'2019-01-16 18:26:17.947315',0,'danieldefoe danieldefoe danieldefoe none fiction,literature&novels fiction,literature&novels 	adventurestories 	adventurestories 	adventurestories 	adventurestories fiction fiction fiction fiction',104,54),(73,'2019-01-16 19:38:12.333548',2,'danieldefoe danieldefoe danieldefoe none fiction,literature&novels fiction,literature&novels 	adventurestories 	adventurestories 	adventurestories 	adventurestories fiction fiction fiction fiction',104,54),(74,'2019-01-16 19:39:39.186870',0,'danieldefoe danieldefoe danieldefoe none fiction,literature&novels fiction,literature&novels 	adventurestories 	adventurestories 	adventurestories 	adventurestories fiction fiction fiction fiction',104,54),(75,'2019-01-16 19:39:42.720021',1,'franzkafka franzkafka franzkafka none fiction,literature&novels fiction,literature&novels languageandliterature languageandliterature languageandliterature languageandliterature psychologicalfiction psychologicalfiction psychologicalfiction psychologicalfiction',46,54),(76,'2019-01-17 04:15:45.586046',8,'janeausten janeausten janeausten none fiction,literature&novels fiction,literature&novels languageandliterature languageandliterature languageandliterature languageandliterature youngwomen--fiction youngwomen--fiction youngwomen--fiction youngwomen--fiction 	lovestories 	lovestories 	lovestories 	lovestories courtship courtship courtship courtship',30,54),(77,'2019-01-17 04:23:04.450996',1,'charlesdickens charlesdickens charlesdickens none fiction,literature&novels fiction,literature&novels languageandliterature languageandliterature languageandliterature languageandliterature historicalfiction historicalfiction historicalfiction historicalfiction warstories warstories warstories warstories',33,54),(78,'2019-01-17 04:23:08.230945',0,'janeausten janeausten janeausten none fiction,literature&novels fiction,literature&novels languageandliterature languageandliterature languageandliterature languageandliterature youngwomen--fiction youngwomen--fiction youngwomen--fiction youngwomen--fiction 	lovestories 	lovestories 	lovestories 	lovestories courtship courtship courtship courtship',30,23),(79,'2019-01-17 04:32:31.900580',0,'l.frankbaum l.frankbaum l.frankbaum none fiction,literature&novels fiction,literature&novels children\'sstories children\'sstories children\'sstories children\'sstories 	fantasyfiction 	fantasyfiction 	fantasyfiction 	fantasyfiction dreams dreams dreams dreams courage courage courage courage',71,54),(80,'2019-01-17 04:33:47.500693',2,'hermanmelville hermanmelville hermanmelville none fiction,literature&novels fiction,literature&novels languageandliterature languageandliterature languageandliterature languageandliterature seastories seastories seastories seastories psychologicalfiction psychologicalfiction psychologicalfiction psychologicalfiction 	adventurestories 	adventurestories 	adventurestories 	adventurestories',35,23),(81,'2019-01-17 08:32:34.287106',8,'franzkafka franzkafka franzkafka none fiction,literature&novels fiction,literature&novels languageandliterature languageandliterature languageandliterature languageandliterature psychologicalfiction psychologicalfiction psychologicalfiction psychologicalfiction',46,23),(82,'2019-01-17 16:07:37.353158',1,'janeausten janeausten janeausten none fiction,literature&novels fiction,literature&novels languageandliterature languageandliterature languageandliterature languageandliterature youngwomen--fiction youngwomen--fiction youngwomen--fiction youngwomen--fiction 	lovestories 	lovestories 	lovestories 	lovestories courtship courtship courtship courtship',30,23),(83,'2019-01-17 16:17:05.417618',23,'janeausten janeausten janeausten none fiction,literature&novels fiction,literature&novels languageandliterature languageandliterature languageandliterature languageandliterature youngwomen--fiction youngwomen--fiction youngwomen--fiction youngwomen--fiction 	lovestories 	lovestories 	lovestories 	lovestories courtship courtship courtship courtship',30,54),(84,'2019-01-17 16:17:35.901270',357,'janeausten janeausten janeausten none fiction,literature&novels fiction,literature&novels languageandliterature languageandliterature languageandliterature languageandliterature youngwomen--fiction youngwomen--fiction youngwomen--fiction youngwomen--fiction 	lovestories 	lovestories 	lovestories 	lovestories courtship courtship courtship courtship',30,54),(85,'2019-01-17 16:35:09.458060',0,'marywollstonecraftshelley marywollstonecraftshelley marywollstonecraftshelley none fiction,literature&novels fiction,literature&novels languageandliterature languageandliterature languageandliterature languageandliterature 	sciencefiction 	sciencefiction 	sciencefiction 	sciencefiction 	horrortales 	horrortales 	horrortales 	horrortales',34,67),(86,'2019-01-17 17:09:28.284358',3,'arthurconandoyle arthurconandoyle arthurconandoyle none fiction,literature&novels fiction,literature&novels languageandliterature languageandliterature languageandliterature languageandliterature holmes,sherlock holmes,sherlock holmes,sherlock holmes,sherlock detectiveandmysterystories detectiveandmysterystories detectiveandmysterystories detectiveandmysterystories',38,68),(87,'2019-01-17 17:10:25.804975',1,'edwardbellamy edwardbellamy edwardbellamy none fiction,literature&novels fiction,literature&novels 	sciencefiction 	sciencefiction 	sciencefiction 	sciencefiction 	sociallife 	sociallife 	sociallife 	sociallife romance romance romance romance utopian utopian utopian utopian',227,68);
/*!40000 ALTER TABLE `rapp_detailview` ENABLE KEYS */;
UNLOCK TABLES;

--
-- Table structure for table `rapp_ebooks`
--

DROP TABLE IF EXISTS `rapp_ebooks`;
/*!40101 SET @saved_cs_client     = @@character_set_client */;
/*!40101 SET character_set_client = utf8 */;
CREATE TABLE `rapp_ebooks` (
  `id` int(11) NOT NULL AUTO_INCREMENT,
  `name` varchar(255) NOT NULL,
  `price` double NOT NULL,
  `pages` int(11) NOT NULL,
  `author_id` int(11) NOT NULL,
  `publisher_id` int(11) DEFAULT NULL,
  `content` varchar(255) NOT NULL,
  `img` varchar(255) NOT NULL,
  `category_id` int(11) NOT NULL,
  `dayopt` varchar(123) NOT NULL,
  `language` varchar(30) NOT NULL,
  `description` longtext,
  `priority` int(11) NOT NULL,
  `bookActive` varchar(20) NOT NULL,
  `isbn` varchar(14) DEFAULT NULL,
  `ratedusers` int(11) NOT NULL,
  `rating` double NOT NULL,
  `publishdate` date DEFAULT NULL,
  PRIMARY KEY (`id`),
  UNIQUE KEY `name` (`name`),
  KEY `rapp_ebooks_author_id_10234717_fk_rapp_authors_id` (`author_id`),
  KEY `rapp_ebooks_publisher_id_f5d6d5dc_fk_rapp_publishers_id` (`publisher_id`),
  KEY `rapp_ebooks_category_id_807cb716_fk_rapp_category_id` (`category_id`),
  CONSTRAINT `rapp_ebooks_author_id_10234717_fk_rapp_authors_id` FOREIGN KEY (`author_id`) REFERENCES `rapp_authors` (`id`),
  CONSTRAINT `rapp_ebooks_category_id_807cb716_fk_rapp_category_id` FOREIGN KEY (`category_id`) REFERENCES `rapp_category` (`id`),
  CONSTRAINT `rapp_ebooks_publisher_id_f5d6d5dc_fk_rapp_publishers_id` FOREIGN KEY (`publisher_id`) REFERENCES `rapp_publishers` (`id`)
) ENGINE=InnoDB AUTO_INCREMENT=250 DEFAULT CHARSET=utf8;
/*!40101 SET character_set_client = @saved_cs_client */;

--
-- Dumping data for table `rapp_ebooks`
--

LOCK TABLES `rapp_ebooks` WRITE;
/*!40000 ALTER TABLE `rapp_ebooks` DISABLE KEYS */;
INSERT INTO `rapp_ebooks` VALUES (30,'Pride and Prejudice',0,234,10,18,'media/epubs/2.epub','media/bookimages/2.jpeg',10,'3 days,7 days,14 days,21 days,1 month,1.5 months,2 months,3 months','English','<p style=\"margin-bottom: 0px; padding: 0px; color: rgb(33, 33, 33); font-family: Roboto, Arial, sans-serif;\"><em style=\"margin: 0px; padding: 0px;\">Pride and Prejudice is a novel of manners, a satire of 18th century England and a story of the love between Darcy and Elizabeth Bennet.</em></p><p style=\"margin-bottom: 0px; padding: 0px; color: rgb(33, 33, 33); font-family: Roboto, Arial, sans-serif;\"><span style=\"margin: 0px; padding: 0px;\"><b>Summary of the Book</b></span></p><p style=\"margin-bottom: 0px; padding: 0px; color: rgb(33, 33, 33); font-family: Roboto, Arial, sans-serif;\">Elizabeth Bennet is the second of five daughters of an English country gentleman. Unused to social situations and the graces of the gentry, Elizabeth attends a ball where she meets Fitzwilliam Darcy, a man who acts condescending towards her and towards the ball in general. Eventually, chance puts her in Darcy\'s path several times, and she discovers that Mr. Darcy isn\'t all that bad after all.</p><p style=\"margin-bottom: 0px; padding: 0px; color: rgb(33, 33, 33); font-family: Roboto, Arial, sans-serif;\"><span style=\"margin: 0px; padding: 0px;\">About Jane Austen</span></p><p style=\"margin-bottom: 0px; padding: 0px; color: rgb(33, 33, 33); font-family: Roboto, Arial, sans-serif;\">Jane Austen was an English writer. She was known for her works:&nbsp;<em style=\"margin: 0px; padding: 0px;\">Emma, Sense and Sensibility, Persuasion&nbsp;</em>and&nbsp;<em style=\"margin: 0px; padding: 0px;\">Mansfield Park.</em></p>',8,'bookActive','',3,3,'1998-06-01'),(32,'A Christmas Carol in Prose; Being a Ghost Story of Christmas ',0,90,12,18,'media/epubs/4.epub','media/bookimages/4.jpg',10,'3 days,7 days,14 days,21 days,1 month,1.5 months,2 months,3 months','English','<p><span style=\"color: rgb(51, 51, 51); font-family: Arial, sans-serif;\">A Christmas Carol is a novella by English author Charles Dickens. It was first published by Chapman &amp; Hall on 19 December 1843. Carol tells the story of a bitter old miser named Ebenezer Scrooge and his transformation resulting from a supernatural visit by the ghost of his former business partner Jacob Marley and the Ghosts of Christmases Past, Present and Yet to Come. The novella met with instant success and critical acclaim. The book was written and published in early Victorian era Britain, a period when there was strong nostalgia for old Christmas traditions together with the introduction of new customs, such as Christmas trees and greeting cards. Dickens\' sources for the tale appear to be many and varied, but are, principally, the humiliating experiences of his childhood, his sympathy for the poor, and various Christmas stories and fairy tales</span><br></p>',8,'bookActive','',0,0,'2004-08-11'),(33,'A Tale of Two Cities',0,447,12,18,'media/epubs/5.epub','media/bookimages/5.jpg',10,'3 days,7 days,14 days,21 days,1 month,1.5 months,2 months,3 months','English','<p><span style=\"color: rgb(51, 51, 51); font-family: Arial, sans-serif;\">Novel by Charles Dickens published both serially and in book form in 1859. The story is set in the late 18th century against the background of the French Revolution. Although Dickens borrowed from Thomas Carlyle\'s history, The French Revolution, for his sprawling tale of London and revolutionary Paris, the novel offers more drama than accuracy. The scenes of large-scale mob violence are especially vivid, if superficial in historical understanding. The complex plot involves Sydney Carton\'s sacrifice of his own life on behalf of his friends Charles Darnay and Lucie Manette. While political events drive the story, Dickens takes a decidedly antipolitical tone, lambasting both aristocratic tyranny and revolutionary excess--the latter memorably caricatured in Madame Defarge, who knits beside the guillotine. The book is perhaps best known for its opening lines, \"It was the best of times, it was the worst of times,\" and for Carton\'s last speech, in which he says of his replacing Darnay in a prison cell, \"It is a far, far better thing that I do, than I have ever done; it is a far, far better rest that I go to, than I have ever known.\" -- The Merriam-Webster Encyclopedia of Literature</span><br></p>',8,'bookActive','',0,0,'1994-01-01'),(34,'Frankenstein Or The Modern Prometheus',0,178,13,18,'media/epubs/6.epub','media/bookimages/6.jpeg',10,'3 days,7 days,14 days,21 days,1 month,1.5 months,2 months,3 months','English','<p><span style=\"color: rgb(51, 51, 51); font-family: Arial, sans-serif;\">The epic battle between man and monster reaches its greatest pitch in the famous story of&nbsp;</span><b style=\"color: rgb(51, 51, 51); font-family: Arial, sans-serif;\">Frankenstein</b><span style=\"color: rgb(51, 51, 51); font-family: Arial, sans-serif;\">. In trying to create life, the young student Victor Frankenstein unleashes forces beyond his control, setting into motion a long and tragic chain of events that brings Victor himself to the very brink. How he tries to destroy his creation, as it destroys everything Victor loves, is a powerful story of love, friendship and horror.</span><br></p>',7,'bookActive','',1,5,'1993-10-01'),(35,'Moby Dick; Or, The Whale ',0,635,14,18,'media/epubs/7.epub','media/bookimages/7.jpg',10,'3 days,7 days,14 days,21 days,1 month,1.5 months,2 months,3 months','English','<p><i style=\"color: rgb(24, 24, 24); font-family: Merriweather, Georgia, serif;\">\"It is the horrible texture of a fabric that should be woven of ships\' cables and hawsers. A Polar wind blows through it, and birds of prey hover over it.\"</i><span style=\"color: rgb(24, 24, 24); font-family: Merriweather, Georgia, serif;\">&nbsp;</span><br style=\"color: rgb(24, 24, 24); font-family: Merriweather, Georgia, serif;\"><br style=\"color: rgb(24, 24, 24); font-family: Merriweather, Georgia, serif;\"><span style=\"color: rgb(24, 24, 24); font-family: Merriweather, Georgia, serif;\">So Melville wrote of his masterpiece, one of the greatest works of imagination in literary history. In part,&nbsp;</span><i style=\"color: rgb(24, 24, 24); font-family: Merriweather, Georgia, serif;\">Moby-Dick</i><span style=\"color: rgb(24, 24, 24); font-family: Merriweather, Georgia, serif;\">&nbsp;is the story of an eerily compelling madman pursuing an unholy war against a creature as vast and dangerous and unknowable as the sea itself. But more than just a novel of adventure, more than an encyclopedia of whaling lore and legend, the book can be seen as part of its author\'s lifelong meditation on America. Written with wonderfully redemptive humor,&nbsp;</span><i style=\"color: rgb(24, 24, 24); font-family: Merriweather, Georgia, serif;\">Moby-Dick</i><span style=\"color: rgb(24, 24, 24); font-family: Merriweather, Georgia, serif;\">&nbsp;is also a profound inquiry into character, faith, and the nature of perception.</span><br></p>',7,'bookActive','',0,0,'2001-07-01'),(36,'Alice\'s Adventures in Wonderland',0,69,15,18,'media/epubs/8.epub','media/bookimages/8.jpg',10,'3 days,7 days,14 days,21 days,1 month,1.5 months,2 months,3 months','English','<h4 class=\"slot-header\" style=\"-webkit-font-smoothing: antialiased; text-shadow: none; text-rendering: optimizelegibility; font-family: Fort-Bold; color: rgb(51, 51, 51); margin: 1em 0em; font-size: 16px; text-transform: uppercase;\">ABOUT&nbsp;<span style=\"-webkit-font-smoothing: antialiased; text-shadow: none; text-rendering: optimizelegibility; font-style: italic;\">ALICES ADVENTURES IN WONDERLAND</span></h4><p style=\"-webkit-font-smoothing: antialiased; text-shadow: none; text-rendering: optimizelegibility; margin-bottom: 11px; color: rgb(51, 51, 51); font-family: Fort-Book, &quot;Helvetica Neue&quot;, Helvetica, Arial, sans-serif; font-size: 16px;\"><b style=\"-webkit-font-smoothing: antialiased; text-shadow: none; text-rendering: optimizelegibility;\">Theyre Puffin Classics for a reason, its because theyre the best.<br style=\"-webkit-font-smoothing: antialiased; text-shadow: none; text-rendering: optimizelegibility;\"></b><br style=\"-webkit-font-smoothing: antialiased; text-shadow: none; text-rendering: optimizelegibility;\"><b style=\"-webkit-font-smoothing: antialiased; text-shadow: none; text-rendering: optimizelegibility;\">Follow Alice down the rabbit hole in this topsy-turvy adventure!</b><br style=\"-webkit-font-smoothing: antialiased; text-shadow: none; text-rendering: optimizelegibility;\"><br style=\"-webkit-font-smoothing: antialiased; text-shadow: none; text-rendering: optimizelegibility;\">On an ordinary summers afternoon, Alice tumbles down a hole and an extraordinary adventure begins. In a strange world with even stranger characters, she meets a rabbit with a pocket watch, joins a Mad Hatters Tea Party, and plays croquet with the Queen! Lost in this fantasy land, Alice finds herself growing more and more curious by the minute . . .</p>',7,'bookActive','',1,2,'2008-06-27'),(37,'Dracula',0,368,16,18,'media/epubs/9.epub','media/bookimages/9.jpeg',10,'3 days,7 days,14 days,21 days,1 month,1.5 months,2 months,3 months','English','<p><br></p><p style=\"margin-bottom: 0px; padding: 0px; color: rgb(33, 33, 33); font-family: Roboto, Arial, sans-serif;\"><em style=\"margin: 0px; padding: 0px;\">A vampire leaves his castle home in Transylvania to prey on an unsuspecting family as he seeks a mate. Bram Stokers Dracula is the original vampire story.</em></p><p style=\"margin-bottom: 0px; padding: 0px; color: rgb(33, 33, 33); font-family: Roboto, Arial, sans-serif;\"><span style=\"margin: 0px; padding: 0px;\">Summary of the Book</span></p><p style=\"margin-bottom: 0px; padding: 0px; color: rgb(33, 33, 33); font-family: Roboto, Arial, sans-serif;\">Jonathan Harker knew that the rumors about Count Dracula were false. They made no sense, how could the villagers think he was behind the strange disappearances in the region. He didnt care for their opinion, after all, he was here merely to carry out the business of his company. However, the Count seemed interested in more than just real estate. He was a gracious host, but he had rules. He didnt want Jonathan to roam the castle at night, for one. But Jonathan Harker couldnt resist. What could hurt about exploring? There are no such things as vampires, surely?</p>',7,'bookActive','',0,0,'1996-10-01'),(38,'The Adventures of Sherlock Holmes',0,312,17,18,'media/epubs/10.epub','media/bookimages/10.jpeg',10,'3 days,7 days,14 days,21 days,1 month,1.5 months,2 months,3 months','English','<p><span style=\"color: rgb(33, 33, 33); font-family: Roboto, Arial, sans-serif;\">There is nothing more deceptive than an obvious fact. He has no knowledge of literature, philosophy, or astronomy. But his chemistry is strong, anatomy is explicit, remembers every horror committed in detail, and is completely aware of the British Law. Meet Sherlock Holmes, the ruthless and self-disciplined detective who takes up every case as an intellectual challenge. He not only solves mysteries and discovers murderers, thieves, and criminals, but also identifies the social injustices and provides a new and just approach to remedy them. A collection of twelve short stories, many of which were Doyles favorite, The Adventures of Sherlock Holmes was well received on its publication. Listed with the Guinness World Records as the most portrayed movie character in history, Sherlock Holmes has been adapted numerous times and continues to remain a timeless detective.</span><br></p>',7,'bookActive','',1,3,'1999-03-01'),(39,'Heart of Darkness ',0,96,18,18,'media/epubs/11.epub','media/bookimages/11.jpeg',10,'3 days,7 days,14 days,21 days,1 month,1.5 months,2 months,3 months','English','<p style=\"margin-bottom: 14px; padding: 0px; color: rgb(51, 51, 51); font-family: Arial, sans-serif;\">A European trading concern hires Marlow to pilot a boat up the Congo River in search of Kurtz--a first-class ivory agent and the manager of the company\'s highly profitable Inner Station--who is believed to be on his deathbed. With a handful of pilgrims as his passengers and a crew of cannibals, Marlow steams his way into the African interior. The terrifying discovery he makes at the end of his journey and the horrors he witnesses along the way have thrilled and disturbed readers for more than a century.</p><p style=\"margin-top: -4px; margin-bottom: 0px; padding: 0px; color: rgb(51, 51, 51); font-family: Arial, sans-serif;\">A searing indictment of imperialism and a haunting expos of mankind\'s savage nature, Heart of Darkness is Joseph Conrad\'s masterpiece.</p>',7,'bookActive','',0,0,'2006-01-09'),(40,'The Importance of Being Earnest: A Trivial Comedy for Serious People',0,112,19,18,'media/epubs/12.epub','media/bookimages/12.jpg',10,'3 days,7 days,14 days,21 days,1 month,1.5 months,2 months,3 months','English','<p><span style=\"color: rgb(51, 51, 51); font-family: verdana, arial, helvetica, sans-serif; font-size: small;\">The young Robert Louis Stevenson suffered from repeated nightmares of living a double life, in which by day he worked as a respectable doctor and by night he roamed the back alleys of old-town Edinburgh. In three days of furious writing, he produced a story about his dream existence. His wife found it too gruesome, so he promptly burned the manuscript. In another three days, he wrote it again. \"The Strange Case of Dr. Jekyll and Mr. Hyde\" was published as a \"shilling shocker\" in 1886, and became an instant classic. In the first six months, 40,000 copies were sold. Queen Victoria read it. Sermons and editorials were written about it. When Stevenson and his family visited America a year later, they were mobbed by reporters at the dock in New York City. Compulsively readable from its opening pages,&nbsp;</span><i style=\"color: rgb(51, 51, 51); font-family: verdana, arial, helvetica, sans-serif; font-size: small;\">Dr. Jekyll and Mr. Hyde</i><span style=\"color: rgb(51, 51, 51); font-family: verdana, arial, helvetica, sans-serif; font-size: small;\">&nbsp;are still one of the best tales ever written about the divided self.</span><br></p>',6,'bookActive','',0,0,'1997-03-01'),(41,'A Modest Proposal ',0,28,20,18,'media/epubs/13.epub','media/bookimages/13.jpeg',10,'3 days,7 days,14 days,21 days,1 month,1.5 months,2 months,3 months','English','<p style=\"margin-bottom: 14px; padding: 0px; color: rgb(51, 51, 51); font-family: Arial, sans-serif;\">A Modest Proposal for Preventing the Children of Poor People in Ireland From Being a Burden to Their Parents or Country, and for Making Them Beneficial to the Public, commonly referred to as A Modest Proposal, is a Juvenalian satirical essay written and published anonymously by Jonathan Swift in 1729. Swift suggests in his essay that the impoverished Irish might ease their economic troubles by selling children as food for rich gentlemen and ladies. By doing this he mocks the authority of the British officials.</p><p style=\"margin-top: -4px; margin-bottom: 0px; padding: 0px; color: rgb(51, 51, 51); font-family: Arial, sans-serif;\">A Modest Proposal is included in many literature programs as an example of early modern western satire. It also serves as an exceptional introduction to the concept and use of argumentative language, lending itself well to secondary and post-secondary essay courses. Outside of the realm of English studies, A Modest Proposal is a relevant piece included in many comparative and global literature and history courses, as well as those of numerous other disciplines in the arts, humanities, and even the social sciences.</p>',7,'bookActive','',0,0,'1997-10-01'),(42,'The Iliad',0,835,21,18,'media/epubs/14.epub','media/bookimages/14.jpeg',10,'3 days,7 days,14 days,21 days,1 month,1.5 months,2 months,3 months','English','<p><span style=\"color: rgb(33, 33, 33); font-family: Roboto, Arial, sans-serif;\">One of the foremost achievements in Western literature, Homer\'s Iliad tells the story of the darkest episode in the Trojan War. At its center are Achilles, the greatest warrior-champion of the Greeks, and his refusal to fight after being humiliated by his leader Agamemnon. But when the Trojan Hector kills Achilles\' close friend Patroclus, he storms back into battle to take revenge  although knowing this will ensure his own early death. Interwoven with this tragic sequence of events are powerfully moving descriptions of the ebb and flow of battle, of the domestic world inside Troy\'s besieged city of Ilium and of the conflicts between the gods on Olympus as they argue over the fate of mortals.</span><br></p>',5,'bookActive','',0,0,'2007-07-01'),(43,'The Romance of Lust: A classic Victorian erotic novel',0,367,22,18,'media/epubs/15.epub','media/bookimages/15.jpeg',16,'3 days,7 days,14 days,21 days,1 month,1.5 months,2 months,3 months','English','<p><br></p><p><span style=\"color: rgb(33, 33, 33); font-family: Roboto, Arial, sans-serif;\">Previously banned, this sexually explicit classic Victorian erotic novel, written from 1873 to 1876, centers around a young man Charlie and his emerging sexuality. Endowed with a large penis and equally insatiable sexual appetite, Charlie enjoys sexual encounters with his governess, aunt, uncle and friends of his parents. As his sexuality evolves, Charlie expands his experiments with even more explicit erotic activities...</span><br></p>',8,'bookActive','',0,0,'2009-10-14'),(44,'The Picture of Dorian Gray',0,184,19,18,'media/epubs/16.epub','media/bookimages/16.jpeg',10,'3 days,7 days,14 days,21 days,1 month,1.5 months,2 months,3 months','English','<p><span style=\"color: rgb(33, 33, 33); font-family: Roboto, Arial, sans-serif;\">Oscar Wilde\'s only novel The Picture of Dorian Gray was published in Lippincott\'s Monthly Magazine in 1890 and provoked a storm of protest from the Victorian society. It is a tale spawned from the leprous literature of the French decadents, a poisoned book, the atmosphere of which is heavy with mephitic odours of moral and spiritual putrefaction, wrote the critic from the Daily Chronicle. Oscar Wilde wrote a preface, which appeared separately in the Fortnightly Review in March 1891. It contains the famous passage: Books are well written or badly written. That is all Complete and unabridged text with an introduction.</span><br></p>',6,'bookActive','',0,0,'1994-10-01'),(45,'The Adventures of Tom Sawyer',0,272,24,18,'media/epubs/17.epub','media/bookimages/17.jpg',10,'3 days,7 days,14 days,21 days,1 month,1.5 months,2 months,3 months','English','<p><span style=\"color: rgb(51, 51, 51); font-family: &quot;Amazon Ember&quot;, Arial, sans-serif; font-size: small;\">The Adventures of Tom Sawyer, by Mark Twain, is a popular 1876 novel about a young boy growing up in the antebellum South on the Mississippi River in the fictional town of St. Petersburg, Missouri. Tom Sawyer, a mischievous orphan taken in by his Aunt Polly, goes through a series of adventures involving his friends, Joe Harper, and Huckleberry Finn. Tom is a mischevious mastermind and a professional trickster. He escapes punishment many times by his tricks and charms. Though he is often foolish and unpredictable, he also is somewhat smart and has a good sense of humor. When not trying to win his sweetheart, Becky Thatcher, Tom is either getting into mischief or going on an adventure. Many times, Tom suddenly changes from his grinning self into a fearsome pirate or anything else he can think of. His laugh changes into a bloodcurdling yell or a barking captain`s voice. Tom Sawyer`s main doings are racing bugs, impressing girls with fights and stunts in the schoolyard, getting lost in a cave, and playing pirates on the Mississippi River. The best-known passage in the book describes how Sawyer persuades his friends to whitewash or paint, along with the fence for him.</span><br></p>',7,'bookActive','',0,0,'2004-07-01'),(46,'Metamorphosis',0,42,25,18,'media/epubs/18.epub','media/bookimages/18.jpg',10,'3 days,7 days,14 days,21 days,1 month,1.5 months,2 months,3 months','English','<p><span style=\"color: rgb(51, 51, 51); font-family: &quot;Amazon Ember&quot;, Arial, sans-serif; font-size: small;\">The Metamorphosis\' is a short novel by Franz Kafka, first published in 1915. It is often cited as one of the seminal works of fiction of the 20th century and is widely studied in colleges and universities across the western world. The story begins with a traveling salesman, Gregor Samsa, waking to find himself transformed into an insect.\"When Gregor Samsa woke up one morning from unsettling dreams, he found himself changed in his bed into a monstrous vermin.\" With this startling, bizarre, yet surprisingly funny first sentence, Franz Kafka begins his masterpiece, \'The Metamorphosis\'. It is the story of a young man who, transformed overnight into a giant beetlelike insect, becomes an object of disgrace to his family, an outsider in his own home, a quintessentially alienated man. A harrowingthough absurdly comicmeditation on human feelings of inadequacy, guilt, and isolation, \'The Metamorphosis\' has taken its place as one of the most widely read and influential works of twentieth-century fiction.</span><br></p>',7,'bookActive','',1,2,'2005-08-17'),(47,'Grimms\' Fairy Tales',0,244,26,18,'media/epubs/19.epub','media/bookimages/19.jpeg',10,'3 days,7 days,14 days,21 days,1 month,1.5 months,2 months,3 months','English','<p style=\"margin-bottom: 14px; padding: 0px; color: rgb(51, 51, 51); font-family: Arial, sans-serif;\">Jacob and Wilhelm, popularly called the \'Grimm Brothers\' are known for their study of Germanic literary tradition and more so for their contribution in the revival of the oral tradition of German folklore. In their effort to preserve this tradition, they collected stories recounted by the peasants in the German countryside, rewrote them wherever needed and published them as Grimm\'s Fairy Tales. This has been a huge success till date.</p><p style=\"margin-top: -4px; margin-bottom: 14px; padding: 0px; color: rgb(51, 51, 51); font-family: Arial, sans-serif;\">This collection, undoubtedly the most loved ones, not only consists of Germanic tales but also a number of French tales as well. With their flavor of folklore and tradition, they reflect German and French cultures in their purest form. In their original form, these tales are dark and terrifying, with all about witches, trolls, goblins and the prowling wolves. The Brothers have smoothened these to make them readable for children.</p><p style=\"margin-top: -4px; margin-bottom: 0px; padding: 0px; color: rgb(51, 51, 51); font-family: Arial, sans-serif;\">With their elements of fantasy and delight, these tales have been entertaining and engrossing to children for generations and will be so, no doubt, for the years to come.</p>',7,'bookActive','',0,0,'2001-04-01'),(48,'Beowulf: An Anglo-Saxon Epic Poem',0,112,27,18,'media/epubs/20.epub','media/bookimages/20.jpg',17,'3 days,7 days,14 days,21 days,1 month,1.5 months,2 months,3 months','English','<p><span style=\"color: rgb(51, 51, 51); font-family: Arial, sans-serif;\">Beowulf is an Old English epic poem consisting of 3182 alliterative lines. It may be the oldest surviving long poem in Old English and is commonly cited as one of the most important works of Old English literature. A date of composition is a matter of contention among scholars; the only certain dating pertains to the manuscript, which was produced between 975 and 1025. The author was an anonymous Anglo-Saxon poet, referred to by scholars as the \"Beowulf poet\".</span><br></p>',5,'bookActive','',0,0,'2005-07-19'),(49,'Adventures of Huckleberry Finn',0,328,24,18,'media/epubs/21.epub','media/bookimages/21.jpeg',10,'3 days,7 days,14 days,21 days,1 month,1.5 months,2 months,3 months','English','<p><span style=\"color: rgb(33, 33, 33); font-family: Roboto, Arial, sans-serif;\">Huck is back . . . Taken for a son by Widow Douglas; struggling against the society and its attempts to sivilize him. Escaping his alcoholic father by faking his death, we join him as he voyages down the Mississippi River seeking liberation. Finding his way to Jacksons island he meets Jim, Mrs. Watsons runaway slave. What happens as they team up, capture a raft, and encounter a seemingly haphazard array of people and situations? Immersed in deadly violence, finding tranquility only on the river with Jim, will Huckleberry Finn find the freedom and independence he is seeking? A direct sequel to The Adventures of Tom Sawyer, it traces Hucks moral development as he moves from having an unthinking acceptance of received knowledge and values to developing an independently achieved understanding of what is right. A scathing satire on entrenched attitudes, Twains The Adventures of Huckleberry Finn defines the American Dream of young heroes. Sometimes ironic, sometimes mocking, sometimes boyish and exuberant, it is named among the Great American Novels.</span><br></p>',6,'bookActive','',0,0,'2004-06-29'),(50,'The Yellow Wallpaper',0,10,29,18,'media/epubs/22.epub','media/bookimages/22.jpg',17,'3 days,7 days,14 days,21 days,1 month,1.5 months,2 months,3 months','English','<p style=\"margin-top: 0.5em; margin-bottom: 0.5em; line-height: inherit; color: rgb(34, 34, 34); font-family: sans-serif;\">The story details the descent of a young woman into madness. Her supportive, though misunderstanding husband, John, believes it is in her best interests to go on a&nbsp;<a href=\"https://en.wikipedia.org/wiki/Rest_cure\" class=\"mw-redirect\" title=\"Rest cure\" style=\"color: rgb(11, 0, 128); background-image: none; background-position: initial; background-size: initial; background-repeat: initial; background-attachment: initial; background-origin: initial; background-clip: initial;\">rest cure</a>&nbsp;after experiencing symptoms of \"temporary nervous depression\". The family spends the summer at a colonial mansion that has, in the narrator\'s words, \"something queer about it\". She and her husband move into an upstairs room that she assumes was once a nursery. Her husband chooses for them to sleep there due to its multitude of windows, which provide the air so needed in her recovery. In addition to the couple, John\'s sister Jennie is present; she serves as their housekeeper. Like most nurseries at the time the windows are barred, the wallpaper has been torn, and the floor is scratched. The narrator attributes all these to children, as most of the damage is isolated to their reach. Ultimately, though, readers are left unsure as to the source of the room\'s state, leading them to see the ambiguities in the unreliability of the narrator.</p><p style=\"margin-top: 0.5em; margin-bottom: 0.5em; line-height: inherit; color: rgb(34, 34, 34); font-family: sans-serif;\">The narrator devotes many journal entries to describing the wallpaper in the room  its \"yellow\" smell, its \"breakneck\" pattern, the missing patches, and the way it leaves yellow smears on the skin and clothing of anyone who touches it. She describes how the longer one stays in the bedroom, the more the wallpaper appears to mutate, especially in the moonlight. With no stimulus other than the wallpaper, the pattern and designs become increasingly intriguing to the narrator. She soon begins to see a figure in the design, and eventually comes to believe that a woman is creeping on all fours behind the pattern. Believing she must try to free the woman in the wallpaper, the woman begins to strip the remaining paper off the wall.</p><p style=\"margin-top: 0.5em; margin-bottom: 0.5em; line-height: inherit; color: rgb(34, 34, 34); font-family: sans-serif;\"><br></p>',7,'bookActive','',1,5,'1999-11-01'),(51,'The Republic',0,344,30,18,'media/epubs/23.epub','media/bookimages/23.jpg',10,'3 days,7 days,14 days,21 days,1 month,1.5 months,2 months,3 months','English','<p style=\"margin-bottom: 14px; padding: 0px; color: rgb(51, 51, 51); font-family: Arial, sans-serif;\">The Republic is a philosophical dialogue about the nature of justice and the order and character of the just city-state and the just individual. The dialogues, among Socrates and various Athenians and foreigners, discuss the meaning of justice and examine whether or not the just man is happier than the unjust man, by proposing a society ruled by philosopher-kings and the guardians.</p><p style=\"margin-top: -4px; margin-bottom: 0px; padding: 0px; color: rgb(51, 51, 51); font-family: Arial, sans-serif;\">In this intellectually and historically influential work of philosophy and political theory, Plato discusses the theory of forms, the immortality of the soul, and the roles of the philosopher and of poetry in society.</p>',7,'bookActive','',0,0,'1998-10-01'),(52,'Great Expectations',0,456,12,18,'media/epubs/24.epub','media/bookimages/24.jpg',10,'3 days,7 days,14 days,21 days,1 month,1.5 months,2 months,3 months','English','<p><span style=\"color: rgb(51, 51, 51); font-family: Arial, sans-serif;\">One cold Christmas Eve towards nightfall, young orphan Pip, brought up by a bullying older sister and her gentle husband, visits the grave of his dead family in the churchyard. He is growing afraid of it all and beginning to cry when the desolation is abruptly broken by the terrifying Magwitch, a convict escaped from the Hulks. Under threat of being eaten alive and having his liver cut out, Pip is terrified into stealing food, drink and a file from home. The next day he witnesses the prisoners recapture and, although his own crime is never discovered, his guilt is complete.&nbsp;</span><br style=\"color: rgb(51, 51, 51); font-family: Arial, sans-serif;\"><br style=\"color: rgb(51, 51, 51); font-family: Arial, sans-serif;\"><span style=\"color: rgb(51, 51, 51); font-family: Arial, sans-serif;\">Full of tingling twists, vivid images, violence, and sentimentality, this is one of Dickens most popular novels. Spellbinding in its intensity, vivid portrayal of childhood fears and anxieties, rich in humour and sorrow alike, Great Expectations echoes Dickens own his childhood memories as it explores a greater theme of knowing oneself.</span><br></p>',6,'bookActive','',0,0,'1998-07-01'),(53,'Leviathan ',0,50,31,18,'media/epubs/25.epub','media/bookimages/25.jpg',10,'3 days,7 days,14 days,21 days,1 month,1.5 months,2 months,3 months','English','<p><span style=\"color: rgb(51, 51, 51); font-family: Arial, sans-serif;\">Human affair have a natural tendency to degenerate into a condition of war, in which fearful and hostile men confront each other in miserable antagonism In a brilliant and witty account of both human nature and the theological preferences of European civilization, Hobbes argues that men can be saved from war only by the artificial device of constructing a state based on sovereign power, laws, constitutions. Although Hobbes had a vivid sense of the religious intolerance and civil strife of his time, he understood politics in terms of the perennial human susceptibility to illusion and produced what has come to be regarded as the greatest masterpiece of political philosophy in the English language. The most comprehensive paperback edition available, with an introduction, selected criticism, index and chronology of Hobbes\' life and times\"</span><br></p>',8,'bookActive','',0,0,'2002-04-01'),(54,'Jane Eyre: An Autobiography',0,504,32,18,'media/epubs/26.epub','media/bookimages/26.jpg',11,'3 days,7 days,14 days,21 days,1 month,1.5 months,2 months,3 months','English','<p><span style=\"color: rgb(51, 51, 51); font-family: Arial, sans-serif;\">Do you think, because I am poor, obscure, plain and little,&nbsp;</span><br style=\"color: rgb(51, 51, 51); font-family: Arial, sans-serif;\"><span style=\"color: rgb(51, 51, 51); font-family: Arial, sans-serif;\">I am soulless and heartless? You think wrong!</span><br style=\"color: rgb(51, 51, 51); font-family: Arial, sans-serif;\"><span style=\"color: rgb(51, 51, 51); font-family: Arial, sans-serif;\">From a tragic childhood when she is abused physically and emotionally by her inhuman Aunt Reed to a youth when she falls in love with Edward Rochesterher Byronic employer at Thornfield where she works as a governessonly to learn on their wedding day about his lunatic wife, the passionate and principled Jane Eyre endures many a hardships and oppression.</span><br style=\"color: rgb(51, 51, 51); font-family: Arial, sans-serif;\"><span style=\"color: rgb(51, 51, 51); font-family: Arial, sans-serif;\">And after she leaves Thornfield, reduced to destitution, the Rivers family becomes her benefactor.&nbsp;</span><br style=\"color: rgb(51, 51, 51); font-family: Arial, sans-serif;\"><span style=\"color: rgb(51, 51, 51); font-family: Arial, sans-serif;\">What happens when St. John Rivers,&nbsp;</span><br style=\"color: rgb(51, 51, 51); font-family: Arial, sans-serif;\"><span style=\"color: rgb(51, 51, 51); font-family: Arial, sans-serif;\">her cold clergyman-cousin, proposes to her?</span><br style=\"color: rgb(51, 51, 51); font-family: Arial, sans-serif;\"><span style=\"color: rgb(51, 51, 51); font-family: Arial, sans-serif;\">Will she accept his proposal or return to Rochester?</span><br style=\"color: rgb(51, 51, 51); font-family: Arial, sans-serif;\"><span style=\"color: rgb(51, 51, 51); font-family: Arial, sans-serif;\">Addressed to the reader, Charlotte Bronts Jane Eyre became a sensation shortly after its publication. a Bildungsroman, it follows and explores the emotions of the eponymous character while deftly stitching the motifs from Gothic fiction with romanticism to create an exceptional Victorian novel.</span><br style=\"color: rgb(51, 51, 51); font-family: Arial, sans-serif;\"><span style=\"color: rgb(51, 51, 51); font-family: Arial, sans-serif;\">Adapted into various art forms, this masterpiece continues to dazzle its readers.</span><br></p>',7,'bookActive','',0,0,'1998-03-01'),(55,'The Prince',0,96,33,18,'media/epubs/27.epub','media/bookimages/27.jpeg',10,'3 days,7 days,14 days,21 days,1 month,1.5 months,2 months,3 months','English','<p><br></p><p><span style=\"color: rgb(33, 33, 33); font-family: Roboto, Arial, sans-serif;\">Here is the world\'s most famous master plan for seizing and holding power. Astonishing in its candor \"The Prince\" even today remains a disturbingly realistic and prophetic work on what it takes to be a prince . . . a king . . . a president. When, in 1512, Machiavelli was removed from his post in his beloved Florence, he resolved to set down a treatise on leadership that was practical, not idealistic. . . \"The Prince\"....has become essential reading for every student of government and is the ultimate book on power politics.</span><br></p>',6,'bookActive','',0,0,'2006-02-11'),(56,'The Legend of Sleepy Hollow ',0,96,34,18,'media/epubs/28.epub','media/bookimages/28.jpg',10,'3 days,7 days,14 days,21 days,1 month,1.5 months,2 months,3 months','English','<p style=\"margin-bottom: 14px; padding: 0px; color: rgb(51, 51, 51); font-family: Arial, sans-serif;\">or Classics are affordably-priced editions designed to attract the young reader. Original dynamic cover art enthusiastically represents the excitement of each story. Appropriate \"reader friendly\" type sizes have been chosen for each title--offering clear, accurate, and readable text. All editions are complete and unabridged and feature Introductions and Afterwords.</p><p style=\"margin-top: -4px; margin-bottom: 14px; padding: 0px; color: rgb(51, 51, 51); font-family: Arial, sans-serif;\">This edition of<i>&nbsp;The Legend of Sleepy Hollow</i>&nbsp;includes an Introduction and Afterword by Charles L. Grant.</p><p style=\"margin-top: -4px; margin-bottom: 14px; padding: 0px; color: rgb(51, 51, 51); font-family: Arial, sans-serif;\">Sleepy Hollow is a strange little place...some say bewitched. Some talk of its haunted valleys and streams, the ghostly woman in white, eerie midnight shrieks and howls, but most of all they talk of the Headless Horseman. A huge, shadowy soldier who rides headless through the night, terrifying unlucky travelers.</p><p style=\"margin-top: -4px; margin-bottom: 14px; padding: 0px; color: rgb(51, 51, 51); font-family: Arial, sans-serif;\">Schoolteacher Ichabod Crane is fascinated by these stories....Until late one night, walking home through Wiley\'s swamp, he finds that maybe they\'re not just stories.</p><p style=\"margin-top: -4px; margin-bottom: 14px; padding: 0px; color: rgb(51, 51, 51); font-family: Arial, sans-serif;\">What is that dark, menacing figure riding behind him on a horse?&nbsp;<i>And what does it have in its hands?</i></p><p style=\"margin-top: -4px; margin-bottom: 0px; padding: 0px; color: rgb(51, 51, 51); font-family: Arial, sans-serif;\">And why wasn\'t schoolteacher Crane ever seen in Sleepy Hollow again?</p>',7,'bookActive','',0,0,'2008-06-27'),(57,'War and Peace ',0,1509,35,18,'media/epubs/29.epub','media/bookimages/29.jpg',10,'3 days,7 days,14 days,21 days,1 month,1.5 months,2 months,3 months','English','<p><span style=\"color: rgb(51, 51, 51); font-family: Arial, sans-serif;\">War and Peace is a novel by the Russian author Leo Tolstoy, first published in its entirety in 1869. Epic in scale, it is regarded as one of the central works of world literature. It is considered Tolstoy\'s finest literary achievement, along with his other major prose work, Anna Karenina (18731877). War and Peace delineate in graphic detail events surrounding the French invasion of Russia, and the impact of the Napoleonic era on Tsarist society, as seen through the eyes of five Russian aristocratic families. Portions of an earlier version of the novel, then known as The Year 1805, were serialized in the magazine The Russian Messenger between 1865 and 1867. The novel was first published in its entirety in 1869. Newsweek in 2009 ranked it first in its list of the Top 100 Books. In 2003, the novel was listed at number 20 on the BBC\'s survey The Big Read. Tolstoy himself, somewhat enigmatically, said of War and Peace that it is \"not a novel, even less is it a poem, and still less a historical chronicle\". Large sections of the work, especially in the later chapters, are a philosophical discussion rather than narrative. He went on to elaborate that the best Russian literature does not conform to standards and hence hesitated to call War and Peace a novel. (Instead, Tolstoy regarded Anna Karenina as his first true novel.</span><br></p>',8,'bookActive','',0,0,'2001-04-01'),(58,'Narrative of the Life of Frederick Douglass, an American Slave ',0,46,36,18,'media/epubs/30.epub','media/bookimages/30.jpg',6,'3 days,7 days,14 days,21 days,1 month,1.5 months,2 months,3 months','English','<p style=\"margin-bottom: 14px; padding: 0px; color: rgb(51, 51, 51); font-family: Arial, sans-serif;\"><strong>Unabridged</strong>&nbsp;value reproduction of&nbsp;<strong><em>Narrative of the Life of Frederick Douglass</em></strong><em>.&nbsp;</em>The passionate man labeled as the \"most influential African American of the nineteenth century.\" This is his voice. This is his story.</p><p style=\"margin-top: -4px; margin-bottom: 14px; padding: 0px; color: rgb(51, 51, 51); font-family: Arial, sans-serif;\">Eleven chapters give the factual account of his life up to that point.&nbsp;<strong><em>\"</em></strong>My mother was named Harriet Bailey.\" \"My father was a white man.\" \"I have had two masters.\" ..\".my escape from slavery.\"</p><p style=\"margin-top: -4px; margin-bottom: 0px; padding: 0px; color: rgb(51, 51, 51); font-family: Arial, sans-serif;\">Read of his inspirational life in this unabridged, affordably printed volume.</p>',7,'bookActive','',0,0,'2006-06-12'),(59,'Emma',0,392,38,18,'media/epubs/31.epub','media/bookimages/31.jpg',10,'3 days,7 days,14 days,21 days,1 month,1.5 months,2 months,3 months','English','<p style=\"margin-bottom: 14px; padding: 0px; color: rgb(51, 51, 51); font-family: Arial, sans-serif;\">Of all Jane Austen\'s heroine\'s, Emma Woodhouse is the most flawed, the most infuriating and, in the end, the most endearing. She is \"handsome, clever and rich, with a comfortable home and happy disposition and seemed to unite some of the best blessings of existence; and had lived nearly twenty-one years in the world with very little to distress or vex her\". One may be tempted to wonder what Austen could possibly find to say about so fortunate a character..........</p><p style=\"margin-top: -4px; margin-bottom: 0px; padding: 0px; color: rgb(51, 51, 51); font-family: Arial, sans-serif;\">In this novel, Jane Austen exercises her taste for cutting social observation and her talent for investing seemingly trivial events with profound moral significance as Emma traverses a gentle satire of provincial balls and drawing rooms, along the way encountering the sweet Harriet Smith, the Chatty and Tedious Miss Bates and her absurd father Mr. Woodhouse. Considering herself impervious to romance of any kind, Emma tries to arrange a wealthy marriage for poor Harriet but refuses to recognize her own feelings for the gallant Mr. Knightley. What ensues is a delightful series of scheming escapades in which every social machination and the bit of \"tittle-tattle\" is steeped in Austen\'s delicious irony. Ultimately, Emma discovers that \"Perfect happiness, even in memory, is not common.</p>',7,'bookActive','',0,0,'1994-01-01'),(60,'The Souls of Black Folk ',0,148,39,18,'media/epubs/32.epub','media/bookimages/32.jpg',10,'3 days,7 days,14 days,21 days,1 month,1.5 months,2 months,3 months','English','<p><span style=\"color: rgb(51, 51, 51); font-family: Arial, sans-serif;\">The Souls of Black Folk is a classic work of American literature by W. E. B. Du Bois. It is a seminal work in the history of sociology, and a cornerstone of African-American literary history. The book, published in 1903, contains several essays on race, some of which had been previously published in Atlantic Monthly magazine. Du Bois drew from his own experiences to develop this groundbreaking work on being African-American in American society. Outside of its notable place in African-American history, The Souls of Black Folk also holds an important place in social science as one of the early works to deal with sociology. Chapter I lays out an overview of Du Bois\'s thesis for the book: that the blacks of South need the right to vote, a good education, and to be treated with equality and justice. The first chapter also introduces Du Bois\' famous metaphor of the veil. According to Du Bois, this veil is worn by all African-Americans because their view of the world and its potential economic, political, and social opportunities is so vastly different from that of white people. The veil is a visual manifestation of the color line, a problem Du Bois worked his whole life to remedy. Du Bois sublimates the function of the veil when he refers to it as a gift of second sight for African-Americans, thus simultaneously characterizing the veil as both a blessing and a curse.[1] The second chapter, \"The Dawn of Freedom\" covers the history of the Freedman\'s Bureau during reconstruction. Chapters III through VI focus on education. Du Bois argues against Booker T. Washington\'s idea of focusing solely on industrial education for black men and advocates the addition of a classical education to establish leaders and educators in the black community. Chapters VII through X is sociological studies of the black community. Du Bois investigates the influence that segregation and discrimination have had on the black people. He argues that much of the negative stereotypes of blacks as lazy, violent, and simple-minded are results of the treatment from white people. In \"Chapter X: Of the Faith of the Fathers\", Du Bois describes the rise of the Black church and examines the history and contemporary state of religion and spiritualism among African-Americans. The final chapters of the book are devoted to narratives of individuals. \"Chapter XI: Of the Passing of the First-Born,\" tells the story of Du Bois\'s own son and his untimely death. In the next chapter, the life of Alexander Crummell is a short biography of a black priest in the Episcopal Church. \"Chapter XIII: Of the Coming of John\" is the fictional account of a boy from Georgia who goes off to college and, on his return is rejected by both his black community and the white patricians of his town. The last chapter is about Negro music and makes reference to the short musical passages at the beginning of each of the other chapters. In Living Black History, Du Bois biographer Manning Marable observes: Few books make history and fewer still become foundational texts for the movements and struggles of an entire people. The Souls of Black Folk occupies this rare position. It helped to create the intellectual argument for the black freedom struggle in the twentieth century. Souls justified the pursuit of higher education for Negroes and thus contributed to the rise of the black middle class. By describing a global color-line, Du Bois anticipated pan-Africanism and colonial revolutions in the Third World. Moreover, this stunning critique of how \'race\' is lived through the normal aspects of daily life is central to what would become known as \'whiteness studies\' a century later.</span><br></p>',7,'bookActive','',0,0,'1996-01-01'),(61,'Ulysses ',0,736,40,18,'media/epubs/33.epub','media/bookimages/33.jpg',10,'3 days,7 days,14 days,21 days,1 month,1.5 months,2 months,3 months','English','<p><span style=\"color: rgb(51, 51, 51); font-family: Arial, sans-serif;\">Ulysses by James Joyce is considered one of the most important works in modern English literature. Set in Dublin and covering a period of 24 hours from the morning of June 16, 1904, to the early hours of June 17, Ulysses is widely believed to be Joyce\'s tribute to the classical figure of Homer\'s Odysseus whom he admired as the most well-rounded portrait of a human being in literature. Ulysses enjoys a number of similarities, both implicit and explicit, with Homer\'s work.</span><br></p>',7,'bookActive','',0,0,'2003-07-01'),(62,'The Brothers Karamazov ',0,1030,41,18,'media/epubs/34.epub','media/bookimages/34.jpg',10,'3 days,7 days,14 days,21 days,1 month,1.5 months,2 months,3 months','English','<p style=\"margin-bottom: 0px; padding: 0px; color: rgb(33, 33, 33); font-family: Roboto, Arial, sans-serif;\"><em style=\"margin: 0px; padding: 0px;\">The Brothers Karamazov, sometimes also translated as The Karamazov Brothers, is the final passionate philosophical novel written by Fyodor Dostoyevsky. The author took almost two years to write the book, which was serialized in The Russian Messenger.</em></p><p style=\"margin-bottom: 0px; padding: 0px; color: rgb(33, 33, 33); font-family: Roboto, Arial, sans-serif;\"><span style=\"margin: 0px; padding: 0px;\">Summary of the Book</span></p><p style=\"margin-bottom: 0px; padding: 0px; color: rgb(33, 33, 33); font-family: Roboto, Arial, sans-serif;\">Fyodor Karamazov is a dreadful man. No one likes him, not even his own three sons from two marriages. His eldest son, Dmitri, a sensualist, loves wine and women, spending much of his time and money on both. He only comes back home for his inheritance, which he thinks his father is keeping from him. The second son, Ivan, is a rationalist. Clever and insufferable, he is weary of all the suffering in the world and is secluded by his egotism and morose nature. The third son, Alexei, or Alyosha as he is known as is clearly unlike the rest of his family. He is unanimously liked&nbsp;and is an ardent learner of the Russian conventional monastery. Set in the 19th century Russia, this novel delves deeply into the ethical debates of the time, including morality, God, and free will. The spiritual drama depicts moral struggles that whirl around faith, reason, and doubt. Considered one of the supreme accomplishments in literature, the central theme of&nbsp;<em style=\"margin: 0px; padding: 0px;\">The Brothers Karamazov</em>&nbsp;revolves around patricide.</p>',6,'bookActive','',0,0,'2009-02-12'),(63,'Crime and Punishment ',0,720,41,18,'media/epubs/35.epub','media/bookimages/35.jpg',10,'3 days,7 days,14 days,21 days,1 month,1.5 months,2 months,3 months','English','<p><span style=\"color: rgb(51, 51, 51); font-family: Arial, sans-serif;\">Raskolnikov, a destitute and desperate former student, wanders through the slums of St Petersburg and commits a random murder without remorse or regret. He imagines himself to be a great man, a Napoleon: acting for a higher purpose beyond conventional moral law. But as he embarks on a dangerous game of cat and mouse with a suspicious police investigator, Raskolnikov is pursued by the growing voice of his conscience and finds the noose of his own guilt tightening around his neck. Only Sonya, a downtrodden prostitute, can offer the chance of redemption.</span></p><p style=\"margin-bottom: 0px; padding: 0px; color: rgb(51, 51, 51); font-family: Arial, sans-serif;\">This vivid translation by David McDuff has been acclaimed as the most accessible version of Dostoyevskys great novel, rendering its dialogue with a unique force and naturalism. This edition also includes a new chronology of Dostoyevskys life and work</p>',7,'bookActive','',0,0,'2006-03-20'),(66,'Treasure Island',0,236,43,18,'media/epubs/38.epub','media/bookimages/38.jpg',10,'3 days,7 days,14 days,21 days,1 month,1.5 months,2 months,3 months','English','<p><span style=\"color: rgb(51, 51, 51); font-family: Arial, sans-serif;\">Think of the high seas and of a buccaneer ship; of a wild seaman with a sea chest full of gold; of Long John Silver; of a buried treasure and of young Jim Hawkins, the boy with the treasure map the key to it all.&nbsp;</span><br style=\"color: rgb(51, 51, 51); font-family: Arial, sans-serif;\"><br style=\"color: rgb(51, 51, 51); font-family: Arial, sans-serif;\"><span style=\"color: rgb(51, 51, 51); font-family: Arial, sans-serif;\">This is the Treasure Island and if you don\'t think of all this, the pirates will hunt you down and when they find you, for find you they sure will, they will trust you and carry you back to their ship and just before they feed you to the sharks, as you walk the gangplank with a sword digging sharp and sure into your back, they will sing their one last song for you.</span><br style=\"color: rgb(51, 51, 51); font-family: Arial, sans-serif;\"><br style=\"color: rgb(51, 51, 51); font-family: Arial, sans-serif;\"><span style=\"color: rgb(51, 51, 51); font-family: Arial, sans-serif;\">Fifteen men on the dead man\'s chest&nbsp;</span><br style=\"color: rgb(51, 51, 51); font-family: Arial, sans-serif;\"><br style=\"color: rgb(51, 51, 51); font-family: Arial, sans-serif;\"><span style=\"color: rgb(51, 51, 51); font-family: Arial, sans-serif;\">Yo-ho-ho and a bottle of rum!</span><br></p>',6,'bookActive','',1,5,'2006-02-26'),(67,'Walden, and On The Duty Of Civil Disobedience ',0,256,44,18,'media/epubs/39.epub','media/bookimages/39.jpg',10,'3 days,7 days,14 days,21 days,1 month,1.5 months,2 months,3 months','English','<p style=\"color: rgb(51, 51, 51); font-family: verdana, arial, helvetica, sans-serif; font-size: small;\">Henry David Thoreau (see name pronunciation; July 12, 1817  May 6, 1862) was an American author, poet, philosopher, abolitionist, naturalist, tax resister, development critic, surveyor, and historian. A leading transcendentalist, Thoreau is best known for his book Walden, a reflection upon simple living in natural surroundings, and his essay Resistance to Civil Government (also known as Civil Disobedience), an argument for disobedience to an unjust state. Thoreau\'s Civil Disobedience espouses the need to prioritize one\'s conscience over the dictates of laws. It criticizes American social institutions and policies, most prominently slavery and the Mexican-American War. Thoreau begins his essay by arguing that government rarely proves itself useful and that it derives its power from the majority because they are the strongest group, not because they hold the most legitimate viewpoint. He contends that peoples first obligation is to do what they believe is right and not to follow the law dictated by the majority.</p><div><br></div>',7,'bookActive','',0,0,'1995-01-01'),(68,'Peter Pan ',0,168,45,18,'media/epubs/40.epub','media/bookimages/40.jpeg',10,'3 days,7 days,14 days,21 days,1 month,1.5 months,2 months,3 months','English','<p><br></p><p><span style=\"color: rgb(33, 33, 33); font-family: Roboto, Arial, sans-serif;\">\"Children have the strangest adventures&nbsp;</span><br style=\"margin: 0px; padding: 0px; color: rgb(33, 33, 33); font-family: Roboto, Arial, sans-serif;\"><span style=\"color: rgb(33, 33, 33); font-family: Roboto, Arial, sans-serif;\">without being troubled by them.\"</span><br style=\"margin: 0px; padding: 0px; color: rgb(33, 33, 33); font-family: Roboto, Arial, sans-serif;\"><span style=\"color: rgb(33, 33, 33); font-family: Roboto, Arial, sans-serif;\">One night when Peter Pan, the mischievous little boy who can fly, is caught listening to Mrs. Mary Darling \'s bedtime stories, he loses his shadow while escaping. As he comes back for it, he wakes up Wendy Darling, who attaches it back to him.&nbsp;</span><br style=\"margin: 0px; padding: 0px; color: rgb(33, 33, 33); font-family: Roboto, Arial, sans-serif;\"><span style=\"color: rgb(33, 33, 33); font-family: Roboto, Arial, sans-serif;\">Peter requests Wendy to accompany him to the island of Neverland, where he lives with Tinker Bill, Lost Boys, and other fairies and mermaids. As Wendy and her brothers follow Peter Pan to the island, their flight is full of adventures. But the fun has only just begun.</span><br style=\"margin: 0px; padding: 0px; color: rgb(33, 33, 33); font-family: Roboto, Arial, sans-serif;\"><span style=\"color: rgb(33, 33, 33); font-family: Roboto, Arial, sans-serif;\">Come! Fly with them to Neverland and join them in the adventures they are yet to encounter.</span><br></p><div><span style=\"color: rgb(33, 33, 33); font-family: Roboto, Arial, sans-serif;\"><br></span></div>',6,'bookActive','',2,4,'2008-06-25'),(69,'The Scarlet Letter ',0,320,46,18,'media/epubs/41.epub','media/bookimages/41.jpg',10,'3 days,7 days,14 days,21 days,1 month,1.5 months,2 months,3 months','English','<p><span style=\"color: rgb(51, 51, 51); font-family: Arial, sans-serif;\">The Scarlet Letter is considered to be Nathaniel Hawthorne\'s most famous novel and the first quintessentially American novel in style, theme, and language. This dark romance portrays the illicit love affair of Hester Prynne with the Reverend Arthur Dimmesdale and the birth of their child Pearl. In Puritan New England, Hester, the mother of an illegitimate child, wears the scarlet A(for adulteress) for years rather than reveal that her lover was the saintly young village minister.&nbsp;</span><br style=\"color: rgb(51, 51, 51); font-family: Arial, sans-serif;\"><br style=\"color: rgb(51, 51, 51); font-family: Arial, sans-serif;\"><span style=\"color: rgb(51, 51, 51); font-family: Arial, sans-serif;\">The Scarlet Letter represents the height of Hawthorne\'s literary genius; Dense with terse descriptions. It remains relevant for its philosophical and psychological depth and continues to be read as a classic tale on a universal theme.</span><br></p>',7,'bookActive','',0,0,'2009-05-05'),(70,'Leaves of Grass',0,528,47,18,'media/epubs/42.epub','media/bookimages/42.jpg',17,'3 days,7 days,14 days,21 days,1 month,1.5 months,2 months,3 months','English','<p><span style=\"color: rgb(51, 51, 51); font-family: Arial, sans-serif;\">That you are herethat life exists and identity, That the&nbsp;</span><br style=\"color: rgb(51, 51, 51); font-family: Arial, sans-serif;\"><span style=\"color: rgb(51, 51, 51); font-family: Arial, sans-serif;\">powerful play goes on and you will contribute a verse.</span><br style=\"color: rgb(51, 51, 51); font-family: Arial, sans-serif;\"><span style=\"color: rgb(51, 51, 51); font-family: Arial, sans-serif;\">Because grass grows in and around the graves, there is life after death.</span><br style=\"color: rgb(51, 51, 51); font-family: Arial, sans-serif;\"><span style=\"color: rgb(51, 51, 51); font-family: Arial, sans-serif;\">Celebrating the self, the human body and the soul, Perceiving divinity in nature and accepting death as a reality, Obsessed romantically with the physical as well as the spiritual and Upholding the democratic ideals and accomplishments of America.</span><br style=\"color: rgb(51, 51, 51); font-family: Arial, sans-serif;\"><span style=\"color: rgb(51, 51, 51); font-family: Arial, sans-serif;\">Walt Whitmans poems are draped in poetic fancy and are eternal in their essence and beliefs. a collection of his poems, Leaves of Grass is a seminal work in the nineteenth-century American poetry and continues to amass huge readership across generations.</span><br></p>',6,'bookActive','',0,0,'1998-05-01'),(71,'The Wonderful Wizard of Oz ',0,272,48,18,'media/epubs/43.epub','media/bookimages/43.jpg',10,'3 days,7 days,14 days,21 days,1 month,1.5 months,2 months,3 months','English','<p style=\"margin-bottom: 14px; padding: 0px; color: rgb(51, 51, 51); font-family: Arial, sans-serif;\"><font color=\"#0b0080\" face=\"sans-serif\"><span style=\"background: none rgb(255, 255, 255);\">Dorothy</span></font><span style=\"color: rgb(34, 34, 34); font-family: sans-serif;\">&nbsp;is a young girl who lives with her&nbsp;</span><font color=\"#0b0080\" face=\"sans-serif\"><span style=\"background: none rgb(255, 255, 255);\">Aunt Em</span></font><span style=\"color: rgb(34, 34, 34); font-family: sans-serif;\">&nbsp;and&nbsp;</span><font color=\"#0b0080\" face=\"sans-serif\"><span style=\"background: none rgb(255, 255, 255);\">Uncle Henry</span></font><span style=\"color: rgb(34, 34, 34); font-family: sans-serif;\">&nbsp;and her little dog&nbsp;</span><font color=\"#0b0080\" face=\"sans-serif\"><span style=\"background: none rgb(255, 255, 255);\">Toto</span></font><span style=\"color: rgb(34, 34, 34); font-family: sans-serif;\">&nbsp;on a farm in the Kansas prairie. One day, Dorothy and Toto are caught up in a&nbsp;</span><a href=\"https://en.wikipedia.org/wiki/Tornado\" title=\"Tornado\" style=\"color: rgb(11, 0, 128); background: none rgb(255, 255, 255); font-family: sans-serif;\">cyclone</a><span style=\"color: rgb(34, 34, 34); font-family: sans-serif;\">&nbsp;that deposits her farmhouse into&nbsp;</span><font color=\"#0b0080\" face=\"sans-serif\"><span style=\"background: none rgb(255, 255, 255);\">Munchkin Country</span></font><span style=\"color: rgb(34, 34, 34); font-family: sans-serif;\">&nbsp;in the magical&nbsp;</span><font color=\"#0b0080\" face=\"sans-serif\"><span style=\"background: none rgb(255, 255, 255);\">Land of Oz</span></font><span style=\"color: rgb(34, 34, 34); font-family: sans-serif;\">. The falling house has killed the&nbsp;</span><font color=\"#0b0080\" face=\"sans-serif\"><span style=\"background: none rgb(255, 255, 255);\">Wicked Witch of the East</span></font><span style=\"color: rgb(34, 34, 34); font-family: sans-serif;\">, the evil ruler of the&nbsp;</span><font color=\"#0b0080\" face=\"sans-serif\"><span style=\"background: none rgb(255, 255, 255);\">Munchkins</span></font><span style=\"color: rgb(34, 34, 34); font-family: sans-serif;\">. The&nbsp;</span><font color=\"#0b0080\" face=\"sans-serif\"><span style=\"background: none rgb(255, 255, 255);\"><u>Good Witch of the North</u></span></font><span style=\"color: rgb(34, 34, 34); font-family: sans-serif;\">&nbsp;arrives with three grateful Munchkins and gives Dorothy the magical&nbsp;</span><font color=\"#0b0080\" face=\"sans-serif\"><span style=\"background: none rgb(255, 255, 255);\">Silver Shoes</span></font><span style=\"color: rgb(34, 34, 34); font-family: sans-serif;\">&nbsp;that once belonged to the Wicked Witch. The Good Witch tells Dorothy that the only way she can return home is to go to the&nbsp;</span><font color=\"#0b0080\" face=\"sans-serif\"><span style=\"background: none rgb(255, 255, 255);\">Emerald City</span></font><span style=\"color: rgb(34, 34, 34); font-family: sans-serif;\">&nbsp;and ask the great and powerful&nbsp;</span><font color=\"#0b0080\" face=\"sans-serif\"><span style=\"background: none rgb(255, 255, 255);\">Wizard of Oz</span></font><span style=\"color: rgb(34, 34, 34); font-family: sans-serif;\">&nbsp;to help her. As Dorothy embarks on her journey, the Good Witch of the North kisses her on the forehead, giving her magical protection from harm.</span><br></p>',6,'bookActive','',0,0,'1993-02-01'),(72,'Dubliners ',0,240,49,18,'media/epubs/44.epub','media/bookimages/44.jpg',17,'3 days,7 days,14 days,21 days,1 month,1.5 months,2 months,3 months','English','<p style=\"margin-bottom: 14px; padding: 0px; color: rgb(51, 51, 51); font-family: Arial, sans-serif;\">&nbsp;Dubliners is a beautiful collection of vignettes describing Irish middle-class life in and around Dublin at the end of the 19th century. Joyces intention in writing Dubliners, in his own words, was to write a chapter of the moral history of his own country and he chose Dublin for the scene because the city appeared to him the centre of paralysis and decay. He tried to present it to the apathetic public under four of its aspects: childhood, adolescence, maturity and public life.</p><p style=\"margin-top: -4px; margin-bottom: 0px; padding: 0px; color: rgb(51, 51, 51); font-family: Arial, sans-serif;\">The Sisters,  An Encounter and Araby are stories from childhood. Eveline, After the Race, Two Gallants and The Boarding House are stories from adolescence. A Little Cloud.  Counterparts, Clay and A Painful Case are all Stories concerned with mature life. Stories from public life are Ivy Day in the Committee Room.   A Mother and Grace.  The Dead is the last story in the collection and most certainly Joyces greatest. It stands alone and as the Title would suggest, is concerned with death.</p>',6,'bookActive','',0,0,'2001-09-01'),(73,'Wuthering Heights ',0,352,50,18,'media/epubs/45.epub','media/bookimages/45.jpg',10,'3 days,7 days,14 days,21 days,1 month,1.5 months,2 months,3 months','English','<p><span style=\"color: rgb(51, 51, 51); font-family: Arial, sans-serif;\">Published a year before her death, Wuthering Heights (1847) is Emily Bronte\'s only novel. Heathcliff, a dark and mysterious child of unknown parentage, is rescued from the streets of Liverpool by Mr. Earnshaw and brought to his home to be reared with his children. There he meets Earnshaw\'s daughter, the volatile and passionate Catherine and so is born one of the most legendary love stories in English literature. Set in the wild moors of Yorkshire, Wuthering Heights, known for its astonishing intensity and rugged power, is considered to be one of the greatest literary works of all time.</span><br></p>',8,'bookActive','',0,0,'1996-12-01'),(74,'The Awakening, and Selected Short Stories',0,163,51,18,'media/epubs/46.epub','media/bookimages/46.jpeg',10,'3 days,7 days,14 days,21 days,1 month,1.5 months,2 months,3 months','English','<p><span style=\"color: rgb(51, 51, 51); font-family: Arial, sans-serif;\">Kate O\'Flaherty Chopin was a 19th-century author of short stories and novels with a Louisiana Creole setting. She is most noted for two short story collections, Bayou Folk (1894) and A Night in Acadie (1897). Her novel The Awakening (1899) is set in New Orleans and Grand Isle. The short stories included in this collection include, Beyond the bayou - Maame Pelagie -- Desiree\'s baby -- A respectable woman -- The kiss -- A pair of silk stockings -- The locket and A reflection.</span><br></p>',6,'bookActive','',0,0,'2006-03-11'),(75,'Gulliver\'s Travels into Several Remote Nations of the World',0,300,20,18,'media/epubs/47.epub','media/bookimages/47.jpg',10,'3 days,7 days,14 days,21 days,1 month,1.5 months,2 months,3 months','English','<p><span style=\"color: rgb(51, 51, 51); font-family: Arial, sans-serif;\">This work has been selected by scholars as being culturally important and is part of the knowledge base of civilization as we know it. This work was reproduced from the original artifact and remains as true to the original work as possible. Therefore, you will see the original copyright references, library stamps (as most of these works have been housed in our most important libraries around the world), and other notations in the work. This work is in the public domain in the United States of America, and possibly other nations. Within the United States, you may freely copy and distribute this work, as no entity (individual or corporate) has a copyright on the body of the work. As a reproduction of a historical artifact, this work may contain missing or blurred pages, poor pictures, errant marks, etc. Scholars believe, and we concur, that this work is important enough to be preserved, reproduced, and made generally available to the public. We appreciate your support of the preservation process and thank you for being an important part of keeping this knowledge alive and relevant.</span><br></p>',6,'bookActive','',0,0,'1997-02-01'),(76,'Siddhartha ',0,152,52,18,'media/epubs/48.epub','media/bookimages/48.jpeg',13,'3 days,7 days,14 days,21 days,1 month,1.5 months,2 months,3 months','English','<p><span style=\"color: rgb(103, 103, 103); font-family: Arial; font-size: 12px;\">Siddartha is the spiritual journey of a boy named Siddartha who lived in India during the period of Buddha. The story is based in ancient Nepal, where Siddartha, the son of a Brahman leaves his home with his friend Govinda in the search of enlightenment and with the aim of joining the ascetics. He undergoes a series of changes and realizations and at last achieves his enlightenment as a ferryman listening to the sounds of the river that gives long-lasting peace and capture the essence of his journey. Siddartha is Hermann Hesse\'s ninth novel. It was written after he had spent some time in India during the 1910\'s.</span><br></p>',9,'bookActive','',1,3,'2001-02-01'),(77,'The Hound of the Baskervilles',0,272,53,18,'media/epubs/49.epub','media/bookimages/49.jpg',10,'3 days,7 days,14 days,21 days,1 month,1.5 months,2 months,3 months','English','<div id=\"mobile-about-the-book\" style=\"-webkit-font-smoothing: antialiased; text-shadow: none; text-rendering: optimizelegibility;\"><div class=\"slot product-about 9780451528018 isbn-related seemoreenable show opened\" id=\"seemore-0\" height-fold=\"377\" target-height=\"403\" style=\"-webkit-font-smoothing: antialiased; text-shadow: none; text-rendering: optimizelegibility; display: none; position: relative; overflow: hidden; min-height: 100px; margin-bottom: 0.75em; margin-top: 0em; border-top: 1px solid rgb(151, 151, 151); height: 433px;\"><section class=\"overview\" style=\"-webkit-font-smoothing: antialiased; text-shadow: none; text-rendering: optimizelegibility;\"><h4 class=\"slot-header\" style=\"-webkit-font-smoothing: antialiased; text-shadow: none; text-rendering: optimizelegibility; font-family: Fort-Bold; margin: 1em 0em; font-size: 16px; text-transform: uppercase;\">ABOUT&nbsp;<span style=\"-webkit-font-smoothing: antialiased; text-shadow: none; text-rendering: optimizelegibility; font-style: italic;\">THE HOUND OF THE BASKERVILLES</span></h4><p style=\"-webkit-font-smoothing: antialiased; text-shadow: none; text-rendering: optimizelegibility; margin-bottom: 11px;\"><b style=\"-webkit-font-smoothing: antialiased; text-shadow: none; text-rendering: optimizelegibility;\">Sherlock Holmes and Dr. Watson face a mystery on the moors in this classic caper from Sir Arthur Conan Doyle.</b><br style=\"-webkit-font-smoothing: antialiased; text-shadow: none; text-rendering: optimizelegibility;\"><br style=\"-webkit-font-smoothing: antialiased; text-shadow: none; text-rendering: optimizelegibility;\">The country doctor had come to 221B Baker Street, the famous lodgings of Sherlock Holmes, with an eerie tale-the legend of the Hound of the Baskervilles, the devil-beast that haunted the lonely moors around the Baskervilles ancestral home. The tale warned the descendants of that ancient family never to venture out on the moor. But Sir Charles Baskerville was now deadand the footprints of a giant hound have been found near his body. Would the new heir of the Baskervilles meet the same dreadful fate? Sherlock Holmes and his faithful friend, Dr. Watson, are faced with their most terrifying case in this wonderful classic of masterful detection and bone-chilling suspense.<br style=\"-webkit-font-smoothing: antialiased; text-shadow: none; text-rendering: optimizelegibility;\">&nbsp;<br style=\"-webkit-font-smoothing: antialiased; text-shadow: none; text-rendering: optimizelegibility;\"><b style=\"-webkit-font-smoothing: antialiased; text-shadow: none; text-rendering: optimizelegibility;\">Includes an Afterword by Anne Perry</b></p></section><div class=\"more-link-wrap opened\" style=\"-webkit-font-smoothing: antialiased; text-shadow: none; text-rendering: optimizelegibility; width: 600px; text-align: center; position: absolute; bottom: 0px; background: none repeat-x transparent; padding-top: 60px;\"><br><br></div></div></div><div id=\"mobile-also-in-series\" style=\"box-sizing: border-box; -webkit-font-smoothing: antialiased; text-shadow: none; text-rendering: optimizelegibility;\"><a name=\"#alsoinseries\" id=\"alsoinseries\" style=\"box-sizing: border-box; -webkit-font-smoothing: antialiased; text-shadow: none; text-rendering: optimizelegibility; background: transparent; color: rgb(255, 102, 0); text-decoration: none;\"></a></div>',7,'bookActive','',0,0,'2001-10-01'),(78,'Hard Times',0,320,12,18,'media/epubs/50.epub','media/bookimages/50.jpg',10,'3 days,7 days,14 days,21 days,1 month,1.5 months,2 months,3 months','English','<h1 itemprop=\"name\" style=\"text-align: center; font-size: 20px; margin-top: 1em; margin-bottom: 1em; color: rgb(0, 0, 0); font-family: &quot;Times New Roman&quot;;\">Facts alone are wanted in life. The children at Mr. Gradgrinds school are sternly ordered to stifle their imaginations and pay attention only to cold, hard reality. The effects of Gradgrinds teaching on his own children, Tom and Louisa, are particularly profound and leave them ill-equipped to deal with the unpredictable desires of the human heart. Luckily for them, they have a friend in Sissy Jupe, the child of a circus clown, who retains her warm-hearted, compassionate nature despite the pressures around her.<br style=\"-webkit-font-smoothing: antialiased; text-shadow: none; text-rendering: optimizelegibility; color: rgb(51, 51, 51); font-family: Fort-Book, &quot;Helvetica Neue&quot;, Helvetica, Arial, sans-serif; font-size: 16px; text-align: start;\"><br style=\"-webkit-font-smoothing: antialiased; text-shadow: none; text-rendering: optimizelegibility; color: rgb(51, 51, 51); font-family: Fort-Book, &quot;Helvetica Neue&quot;, Helvetica, Arial, sans-serif; font-size: 16px; text-align: start;\"><span style=\"color: rgb(51, 51, 51); font-family: Fort-Book, &quot;Helvetica Neue&quot;, Helvetica, Arial, sans-serif; font-size: 16px; text-align: start;\">By 1854, when&nbsp;</span><i style=\"-webkit-font-smoothing: antialiased; text-shadow: none; text-rendering: optimizelegibility; color: rgb(51, 51, 51); font-family: Fort-Book, &quot;Helvetica Neue&quot;, Helvetica, Arial, sans-serif; font-size: 16px; text-align: start;\">Hard Times</i><span style=\"color: rgb(51, 51, 51); font-family: Fort-Book, &quot;Helvetica Neue&quot;, Helvetica, Arial, sans-serif; font-size: 16px; text-align: start;\">&nbsp;was published, Charles Dickens magisterial progress as a writer had come to incorporate a many-sided, coherent vision of English society, both as it was and as he wished it to be.&nbsp;</span><i style=\"-webkit-font-smoothing: antialiased; text-shadow: none; text-rendering: optimizelegibility; color: rgb(51, 51, 51); font-family: Fort-Book, &quot;Helvetica Neue&quot;, Helvetica, Arial, sans-serif; font-size: 16px; text-align: start;\">Hard Times</i><span style=\"color: rgb(51, 51, 51); font-family: Fort-Book, &quot;Helvetica Neue&quot;, Helvetica, Arial, sans-serif; font-size: 16px; text-align: start;\">, a classic Dickensian story of redemption set in a North of England town beset by industrialism, everywhere benefits from this vision  in the trenchancy of its satire, in its sweeping indignation at social injustice, and in the persistent humanity with which its author enlivens his largest and smallest incidents.</span><br></h1>',7,'bookActive','',0,0,'1997-01-01'),(79,'Uncle Tom\'s Cabin',0,280,54,18,'media/epubs/51.epub','media/bookimages/51.jpg',10,'3 days,7 days,14 days,21 days,1 month,1.5 months,2 months,3 months','English','<p><span style=\"color: rgb(51, 51, 51); font-family: Arial, sans-serif;\">Having run up large debts, Arthur Shelby, a Kentucky farmer, is on the verge of losing everything he owns. In this desperate hour, he decides to sell two of his slaves to raise money, despite his family having affectionate relationships with those two, to Mr. Haley, a coarse slave trader. The slaves in question are Uncle Tom, a middle-aged man, and Harry, the young son of Mrs. Shelbys maid, Eliza. When Mrs. Shelby finds out about the arrangement, she is appalled because she has promised Eliza that her son would not be sold under any circumstances.</span><br style=\"color: rgb(51, 51, 51); font-family: Arial, sans-serif;\"><span style=\"color: rgb(51, 51, 51); font-family: Arial, sans-serif;\">Harriet Beecher Stowes ground-breaking novel was first published in 1852. It was meant as an outcry against slavery. Her book speaks volumes about the inhumane treatment and racist misperceptions that was meted out to thousands of slaves at the time. On its publication, the book was an immediate bestseller and was second only to the Bible.</span><br></p>',7,'bookActive','',0,0,'2006-01-13'),(80,'Les Misrables ',0,240,56,18,'media/epubs/52.epub','media/bookimages/52.jpg',10,'3 days,7 days,14 days,21 days,1 month,1.5 months,2 months,3 months','English','<p><span style=\"color: rgb(51, 51, 51); font-family: Arial, sans-serif;\">He was no longer Jean Valjean, but No. 24601. In Les Misrables, Victor Hugo takes readers deep into the Parisian underworld, immerses them in a battle between good and evil and carries them to the barricades during the uprising of 1832, with a breathtaking realism that is unsurpassed in modern prose. Within his dramatic story are themes that capture the intellect and the emotions: crime and punishment, the relentless persecution of the peasant Jean Valjean by Inspector Javert, the desperation of the prostitute Fantine, the amorality of the rogue Thnardier and the universal desire to escape the prisons of our own minds. Les Misrables is an extravagant spectacle that dazzles the senses even as it touches the heart.</span><br></p>',7,'bookActive','',0,0,'2008-01-22'),(81,'A Study in Scarlet ',0,92,53,18,'media/epubs/53.epub','media/bookimages/53.jpg',10,'3 days,7 days,14 days,21 days,1 month,1.5 months,2 months,3 months','English','<p><span style=\"color: rgb(51, 51, 51); font-family: Arial, sans-serif;\">&nbsp;Sir Arthur Conan Doyle\'s \"A Study in Scarlet\" marks the first appearance of Sherlock Holmes. At the outset of the story, we encounter Sherlock Holmes\' sidekick Dr. Watson who has just returned to London from the Second Anglo-Afghan war where he had sustained a shoulder injury which has forced him to leave the army and is now in search of a place to live. He learns from an acquaintance of the availability of a flat for which the current prospective occupant is looking for a roommate to split the rent. The flat is 221B Baker Street, the current prospective occupant, Sherlock Holmes. Upon meeting Sherlock, Watson quickly learns that Mr. Holmes is a consulting detective and gets swept up in the mystery of a fresh murder case being investigated by Scotland Yard. The two investigate an abandoned house off the Brixton Road where a body is found in a blood-stained room with the word \"rache,\" German for \"revenge\" scrawled on the wall in blood. What follows is a tale of love and revenge which would launch the literary career of Sir Arthur Conan Doyle and the franchise of what may be arguably the world\'s most famous literary detective. This edition is printed on premium acid-free paper.</span><br></p>',7,'bookActive','',0,0,'1995-04-01'),(82,'Candide ',0,46,57,18,'media/epubs/54.epub','media/bookimages/54.jpg',10,'3 days,7 days,14 days,21 days,1 month,1.5 months,2 months,3 months','English','<p style=\"margin-bottom: 14px; padding: 0px; color: rgb(51, 51, 51); font-family: Arial, sans-serif;\"><strong>Unabridged</strong>&nbsp;English value reproduction of&nbsp;<strong><em>Candide</em></strong>&nbsp;by Voltaire is a book that belongs on the shelf of those desiring to contemplate life.&nbsp;<em>Voltaire subtly challenges the reader\'s complacent view of the world through extreme, and often gruesome, exaggeration.</em></p><p style=\"margin-top: -4px; margin-bottom: 14px; padding: 0px; color: rgb(51, 51, 51); font-family: Arial, sans-serif;\">Written in 1759, it tells the story of Candide, who gets kicked out of the castle, forced to serve on a boat, shipwrecked, robbed, tortured, and on and on, without losing his desire to continue forward in life.</p>',8,'bookActive','',0,0,'2006-11-27'),(83,'Thus Spake Zarathustra: A Book for All and None',0,298,58,18,'media/epubs/55.epub','media/bookimages/55.jpg',10,'3 days,7 days,14 days,21 days,1 month,1.5 months,2 months,3 months','English','<p><span style=\"color: rgb(51, 51, 51); font-family: Arial, sans-serif;\">In this masterpiece of philosophical literature, Friedrich Nietzsche utters the famous phrase \"God is dead!\" This powerful book spells out Nietzsche\'s belief in the will to power and serves as an introduction to his doctrine of eternal return. One of the most influential books of philosophy ever written. Nietzsche writes with style, power, and conviction.</span><br></p>',8,'bookActive','',0,0,'1999-12-01'),(84,'The Kama Sutra of Vatsyayana ',0,190,59,18,'media/epubs/56.epub','media/bookimages/56.jpeg',16,'3 days,7 days,14 days,21 days,1 month,1.5 months,2 months,3 months','English','<p><span style=\"color: rgb(33, 33, 33); font-family: Roboto, Arial, sans-serif;\">Kama means desire, love, and lust; sutra means teachings and \"verses.\" The Kama Sutra, then, is the book of love, teaching the best methods of cultivating sensual pleasure, sexual desire, and loving union. A classic of world literature for 1,700 years, this is the most explicit and fascinating book ever written for lovers. This immortal work also serves as a window into Indian culture and mysticism. Its unique approach --combining meditations on politics and social customs with counsel on love and intimacy -- features frank, direct advice on bodily pleasures, from aphrodisiacs and kissing to orgasm-delaying techniques. This edition is the renowned translation by the great 19th-century explorer and writer Richard Burton. Its crisp style sets a new standard for Sanskrit translation, and its unblushing faithfulness to the original text sparked controversy in certain corners of the Victorian world. A wellspring of erotic knowledge, it remains an inspiration to readers of every era.</span><br></p>',8,'bookActive','',0,0,'2009-01-18'),(85,'Autobiography of Benjamin Franklin ',0,46,60,18,'media/epubs/57.epub','media/bookimages/57.jpg',6,'3 days,7 days,14 days,21 days,1 month,1.5 months,2 months,3 months','English','<p style=\"margin-bottom: 14px; padding: 0px; color: rgb(51, 51, 51); font-family: Arial, sans-serif;\"><strong><em>The Autobiography of Benjamin Franklin</em></strong><em>.</em> This classic is a must read because Franklin writes as if the reader is right there with him, relating his story, feeling his success and his pains.</p><p style=\"margin-top: -4px; margin-bottom: 14px; padding: 0px; color: rgb(51, 51, 51); font-family: Arial, sans-serif;\">The writing is an honest self-evaluation of the man who drafted the Declaration of Independence and negotiated the peace treaty with Britain.</p><p style=\"margin-top: -4px; margin-bottom: 0px; padding: 0px; color: rgb(51, 51, 51); font-family: Arial, sans-serif;\">Read of his inspirational life in this slim volume with full text at an affordable price.</p>',7,'bookActive','',0,0,'2006-12-28'),(86,'The Federalist Papers ',0,688,61,18,'media/epubs/58.epub','media/bookimages/58.jpg',10,'3 days,7 days,14 days,21 days,1 month,1.5 months,2 months,3 months','English','<p><span style=\"color: rgb(51, 51, 51); font-family: Fort-Book, &quot;Helvetica Neue&quot;, Helvetica, Arial, sans-serif; font-size: 16px;\">Written by Alexander Hamilton, James Madison, and John Jay,&nbsp;</span><i style=\"-webkit-font-smoothing: antialiased; text-shadow: none; text-rendering: optimizelegibility; color: rgb(51, 51, 51); font-family: Fort-Book, &quot;Helvetica Neue&quot;, Helvetica, Arial, sans-serif; font-size: 16px;\">The Federalist Papers</i><span style=\"color: rgb(51, 51, 51); font-family: Fort-Book, &quot;Helvetica Neue&quot;, Helvetica, Arial, sans-serif; font-size: 16px;\">&nbsp;explain the complexities of a constitutional governmentits political structure and principles based on the inherent rights of man. Scholars have long regarded this work as a milestone in political science and a classic of American political theory.</span><br></p>',6,'bookActive','',0,0,'1998-07-01'),(87,'The Complete Works of William Shakespeare ',0,1280,62,18,'media/epubs/59.epub','media/bookimages/59.jpg',10,'3 days,7 days,14 days,21 days,1 month,1.5 months,2 months,3 months','English','<p><span style=\"color: rgb(51, 51, 51); font-family: Arial, sans-serif;\">William Shakespeare (1564-1616) is acknowledged as the greatest dramatist of all time. He excels in plot, poetry, and wit, and his talent encompasses the great tragedies of Hamlet, King Lear, Othello and Macbeth as well as the moving history plays and the comedies such as A Midsummer Night\'s Dream, The Taming of the Shrew and As You Like It with their magical combination of humour, ribaldry and tenderness. This volume is a reprint of the Shakespeare Head Press edition, and it presents all the plays in chronological order in which they were written. It also includes Shakespeare\'s Sonnets, as well as his longer poems Venus and Adonis and The Rape of Lucrece.</span><br></p>',7,'bookActive','',0,0,'1994-01-01'),(88,'Pygmalion ',0,148,63,18,'media/epubs/60.epub','media/bookimages/60.jpg',10,'3 days,7 days,14 days,21 days,1 month,1.5 months,2 months,3 months','English','<p><span style=\"color: rgb(51, 51, 51); font-family: Arial, sans-serif;\">Henry Higgins, a phonetician, agrees to coach and groom Eliza Doolittle, a Cockney flower girl and transform her into a socially acceptable person, no less than a duchess. But in the process, he begins to admire her. and where this leads is both hilarious and amusing.&nbsp;</span><br style=\"color: rgb(51, 51, 51); font-family: Arial, sans-serif;\"><span style=\"color: rgb(51, 51, 51); font-family: Arial, sans-serif;\">I sold flowers. I didnt sell myself.&nbsp;</span><br style=\"color: rgb(51, 51, 51); font-family: Arial, sans-serif;\"><span style=\"color: rgb(51, 51, 51); font-family: Arial, sans-serif;\">Now youve made a lady of me Im not&nbsp;</span><br style=\"color: rgb(51, 51, 51); font-family: Arial, sans-serif;\"><span style=\"color: rgb(51, 51, 51); font-family: Arial, sans-serif;\">fit to sell anything else.</span><br style=\"color: rgb(51, 51, 51); font-family: Arial, sans-serif;\"><span style=\"color: rgb(51, 51, 51); font-family: Arial, sans-serif;\">A stinging satire on the British class system, George Bernard Shaws Pygmalion, with its true-to-life characters, was a sensational success which went on to become one of his most popular plays.&nbsp;</span><br style=\"color: rgb(51, 51, 51); font-family: Arial, sans-serif;\"><span style=\"color: rgb(51, 51, 51); font-family: Arial, sans-serif;\">Having undergone various adaptations, the most widely known being the American musical My Fair Lady, the play continues to tug at the heartstrings of its audiences even more than a century after its first performance.</span><br></p>',6,'bookActive','',0,0,'2003-03-01'),(90,'Le Morte d\'Arthur: Volume 1',0,900,64,18,'media/epubs/62.epub','media/bookimages/62.jpeg',10,'3 days,7 days,14 days,21 days,1 month,1.5 months,2 months,3 months','English','<p><span style=\"color: rgb(33, 33, 33); font-family: Roboto, Arial, sans-serif;\">An immortal story of love, adventure, chivalry, treachery and death.</span><br style=\"margin: 0px; padding: 0px; color: rgb(33, 33, 33); font-family: Roboto, Arial, sans-serif;\"><br style=\"margin: 0px; padding: 0px; color: rgb(33, 33, 33); font-family: Roboto, Arial, sans-serif;\"><span style=\"color: rgb(33, 33, 33); font-family: Roboto, Arial, sans-serif;\">Edited and first published by William Caxton in 1485, Le Morte D\'Arthur is Sir Thomas Malory\'s unique and splendid version of the Arthurian legend. Mordred\'s treason, the knightly exploits of Tristan, Lancelot\'s fatally divided loyalties and his love for Guenever, the quest for the Holy Grail; all the elements are there woven into a wonderful completeness by the magic of his prose style.</span><br style=\"margin: 0px; padding: 0px; color: rgb(33, 33, 33); font-family: Roboto, Arial, sans-serif;\"><br style=\"margin: 0px; padding: 0px; color: rgb(33, 33, 33); font-family: Roboto, Arial, sans-serif;\"><span style=\"color: rgb(33, 33, 33); font-family: Roboto, Arial, sans-serif;\">The result is not only one of the most readable accounts of the Knights of the Round Table but also one of the most moving. As the story advances towards the inevitable tragedy of Arthur\'s death the effect is cumulative, rising with an impending sense of doom and tragedy towards its shattering finale.</span><br></p>',7,'bookActive','',0,0,'1998-03-01'),(91,'The Tragical History of Doctor Faustus ',0,76,65,18,'media/epubs/63.epub','media/bookimages/63.jpeg',10,'3 days,7 days,14 days,21 days,1 month,1.5 months,2 months,3 months','English','<p><br></p><p><span style=\"color: rgb(33, 33, 33); font-family: Roboto, Arial, sans-serif;\">Marlowe was an English poet, dramatist, and translator in the Elizabethian period. Faust is the famous story of a man selling his soul to the devil for power and knowledge. On a deeper level, man\'s decay from choosing material things over the spiritual is depicted.</span><br></p>',6,'bookActive','',0,0,'1997-01-01'),(92,'On Liberty',0,109,66,18,'media/epubs/64.epub','media/bookimages/64.jpeg',10,'3 days,7 days,14 days,21 days,1 month,1.5 months,2 months,3 months','English','<p><span style=\"color: rgb(51, 51, 51); font-family: Arial, sans-serif;\">\'Over himself, over his own body and mind, the individual is sovereign.\' To this \'one very simple principle\' the whole of Mill\'s essay On Liberty is dedicated. While many of his immediate predecessors and contemporaries, from Adam Smith to Godwin and Thoreau, had celebrated liberty, it was Mill who organized the idea into a philosophy and put it into the form in which it is generally known today.&nbsp;</span><br style=\"color: rgb(51, 51, 51); font-family: Arial, sans-serif;\"><span style=\"color: rgb(51, 51, 51); font-family: Arial, sans-serif;\">The editor of this essay, Gertrude Himmelfarb records responses to Mill\'s books and comments on his fear of \'the tyranny of the majority\'. Dr. Himmelfarb concludes that the same inconsistencies which underlie On Liberty continue to complicate the moral and political stance of liberals today.</span><br></p>',6,'bookActive','',0,0,'2011-01-10'),(93,'Beyond Good and Evil ',0,240,58,18,'media/epubs/65.epub','media/bookimages/65.jpg',10,'3 days,7 days,14 days,21 days,1 month,1.5 months,2 months,3 months','English','<p style=\"margin-bottom: 14px; padding: 0px; color: rgb(51, 51, 51); font-family: Arial, sans-serif;\">Beyond Good And Evil, originally published in 1886, is a book in which the author shows the weaknesses in the moral premises and prejudices of philosophers.</p><p style=\"margin-top: -4px; margin-bottom: 14px; padding: 0px; color: rgb(51, 51, 51); font-family: Arial, sans-serif;\">In Beyond Good And Evil, Nietzsche says that the opposite of good is not evil, rather it is a different form of expression belonging to the same basic underlying impulses of human beings. Philosophers simply created a binary system, which is filled with assumptions and lacks critical sense. The author says that this is slave morality, and it is now time to leave this behind.</p><p style=\"margin-top: -4px; margin-bottom: 14px; padding: 0px; color: rgb(51, 51, 51); font-family: Arial, sans-serif;\">Readers will see that with wit and energy, Nietzsche manages to turn his philosophy into something that celebrates originality, imagination, and self assertion. His theory of will to power is said to be the fundamental drive in the universe. In this book, readers will be able to understand that there is no such thing as universal morality. Nietzsche states that it is time to free yourselves from the prejudices that others have imposed on you.</p><p style=\"margin-top: -4px; margin-bottom: 14px; padding: 0px; color: rgb(51, 51, 51); font-family: Arial, sans-serif;\">Beyond Good And Evil has 296 numbered sections, which are divided into nine parts. Some of these are Maxims and Interludes, The Free Spirit, Peoples and Fatherlands, and We Scholars. This edition contains introductions by Michael Tanner and R J Hollingdale, who is also the translator. The last pages of this book contain a poem.</p>',7,'bookActive','',0,0,'2003-08-01'),(94,'Little Women by Louisa May Alcott',0,662,67,18,'media/epubs/66.epub','media/bookimages/66.jpg',6,'3 days,7 days,14 days,21 days,1 month,1.5 months,2 months,3 months','English','<p><span style=\"color: rgb(51, 51, 51); font-family: Arial, sans-serif;\">Little Women is one of the best-loved books of all time. Lovely Meg, talented Jo, frail Beth, spoiled Amy: these are hard lessons of poverty and of growing up in New England during the Civil War. Through their dreams, plays, pranks, letters, illnesses, and courtships, women of all ages have become a part of this remarkable family and have felt the deep sadness when Meg leaves the circle of sisters to be married at the end of Part I. Part II, chronicles Meg\'s joys and mishaps as a young wife and mother, Jo\'s struggle to become a writer, Beth\'s tragedy, and Amy\'s artistic pursuits and unexpected romance. Based on Louise May Alcott\'s childhood, this lively portrait of nineteenth-century family life possesses a lasting vitality that has endeared it to generations of readers.</span><br></p>',7,'bookActive','',0,0,'1996-05-01'),(95,'Oliver Twist ',0,237,12,18,'media/epubs/67.epub','media/bookimages/67.jpg',10,'3 days,7 days,14 days,21 days,1 month,1.5 months,2 months,3 months','English','<p><span style=\"color: rgb(33, 33, 33); font-family: Roboto, Arial, sans-serif;\">Oliver Twist\'s life starts with misfortune. Orphaned at birth by the death of his mother, he is cared for under the terms of Mrs. Mann at a baby farm for the first nine years of his life. Then he begins working by picking and weaving oakum at the main workhouse by the parish beadle, Mr. Bumble. After the other children convince him, Oliver asks for more food, leading to utter chaos in the workhouse. The board in charge of the workhouse decide to put him up for apprenticeship, offering five pounds as a reward for any man who can take him. Thus Oliver finds himself the apprentice of an undertaker. Although his master is kind, the masters wife begins to mistreat Oliver, forcing him to run away. He journeys to London and thus runs into some of the most colorful characters every created in fiction: the Artful Dodger and Fagin, a notorious Jewish criminal who decides that Oliver would make a wonderful part of his band of pickpockets.</span><br></p>',7,'bookActive','',0,0,'1996-11-01'),(96,'Second Treatise of Government by John Locke',0,82,68,18,'media/epubs/68.epub','media/bookimages/68.jpg',10,'3 days,7 days,14 days,21 days,1 month,1.5 months,2 months,3 months','English','<p><b style=\"color: rgb(34, 34, 34); font-family: arial, sans-serif; font-size: 16px;\">Locke</b><span style=\"color: rgb(34, 34, 34); font-family: arial, sans-serif; font-size: 16px;\">&nbsp;proceeds through Filmer\'s arguments, contesting his proofs from Scripture and ridiculing them as senseless until concluding that no&nbsp;</span><b style=\"color: rgb(34, 34, 34); font-family: arial, sans-serif; font-size: 16px;\">government</b><span style=\"color: rgb(34, 34, 34); font-family: arial, sans-serif; font-size: 16px;\">&nbsp;can be justified by an appeal to the divine right of kings. The&nbsp;</span><b style=\"color: rgb(34, 34, 34); font-family: arial, sans-serif; font-size: 16px;\">Second Treatise</b><span style=\"color: rgb(34, 34, 34); font-family: arial, sans-serif; font-size: 16px;\">&nbsp;outlines a theory of civil society.</span><br></p>',6,'bookActive','',0,0,'2005-01-01'),(97,'Anne of Green Gables by L. M. Montgomery',0,496,69,18,'media/epubs/69.epub','media/bookimages/69.jpg',10,'3 days,7 days,14 days,21 days,1 month,1.5 months,2 months,3 months','English','<p><span style=\"color: rgb(51, 51, 51); font-family: Arial, sans-serif;\">It\'s a million times nicer to be Anne of Green Gables than Anne of nowhere in particular, isn\'t it?\' My dislikes: Being an orphan, having red hair, being called \'carrots\' by Gilbert Blythe. My likes, Living at the Green Gables with Marilla and Matthew, my bosom-friend Diana, dresses with puff sleeves. My regrets, Dying my hair green. Smashing a slate over Gilbert Blythe\'s head. My dream: To tame my temper. To be good (this is an uphill struggle). To grow up to have auburn hair. Includes exclusive material: In the Backstory, you can find out about the real Green Gables, the plucky author and more. Vintage Children\'s Classics is a twenty-first-century classics list aimed at 8-12-year-olds and the adults in their lives. Discover timeless favorites from Peter Pan and Alice\'s Adventures in Wonderland to modern classics such as The Boy in the Striped Pyjamas and The Curious Incident of the Dog in the Night-Time.</span><br></p>',7,'bookActive','',0,0,'2008-06-27'),(98,'Sense and Sensibility ',0,392,11,18,'media/epubs/70.epub','media/bookimages/70.jpg',10,'3 days,7 days,14 days,21 days,1 month,1.5 months,2 months,3 months','English','<p><span style=\"color: rgb(51, 51, 51); font-family: Arial, sans-serif;\">Elinor and Marianne Dashwood are sisters with opposing temperaments  Elinor is prudent, rational and responsible; Marianne is passionate, excitable and emotional. When Marianne is abandoned by an unscrupulous suitor, she is disconsolate, driving herself to a serious illness. Elinor, meanwhile, is dealing with her own betrayal but is stoic, refusing to reveal her emotions to even those closest to her. The sisters must navigate the misery of heartbreak in a society where status and money determine the outcomes of love and marriage. And to find happiness, they must learn to accept that both sense and sensibility are intertwined.</span><br></p>',7,'bookActive','',0,0,'1994-09-01'),(99,'The Communist Manifesto',0,200,70,18,'media/epubs/71.epub','media/bookimages/71.jpeg',10,'3 days,7 days,14 days,21 days,1 month,1.5 months,2 months,3 months','English','<p><span style=\"color: rgb(33, 33, 33); font-family: Roboto, Arial, sans-serif;\">On the occasion of Karl Marx\'s 200th birth anniversary, here is an authoritative edition of The Communist Manifesto \'Apart from Charles Darwin\'s Origin of Species,\' notes the Los Angeles Times, The Communist Manifesto \'is arguably the most important work of nonfiction written in the 19th century.\' The Washington Post calls Marx \'an astute critic of capitalism.\' Writing in The NewYork Times, Columbia University Professor Steven Marcus describes the Manifesto as a \'masterpiece\' with \'enduring insights into social existence.\'Since it was first written in 1848, the Manifesto by Marx and Engels has been translated into more languages than any other modern text. It has been banned, censored, burned and declared \'dead\'. But year after year, the text only grows more influential and more relevant and is required reading in courses on philosophy, politics, economics, and history. In this extensively researched edition, renowned Marxist scholar Phil Gasper provides an authoritative introduction to history\'s most important political document, with the full text of the Manifesto. Thoughtfully presented in a reader-friendly format, it is fully annotated, with clear historical references and explanations, additional related texts, and a glossary that will bring the text to life for students as well as the general reader. The NewYorker recently described Karl Marx as \'The Next Thinker\' for our era. This book shows readers why.</span><br></p>',7,'bookActive','',0,0,'2005-01-20'),(100,'The Turn of the Screw ',0,216,71,18,'media/epubs/72.epub','media/bookimages/72.jpg',10,'3 days,7 days,14 days,21 days,1 month,1.5 months,2 months,3 months','English','<p><span style=\"color: rgb(51, 51, 51); font-family: Arial, sans-serif;\">A young, inexperienced governess is charged with the care of Miles and Flora, two small children are given into her charge by their uncle at his grand country house. The Turn of the Screw is probably the most famous, certainly the most eerily equivocal, of all ghostly tales. Is it a subtle, self-conscious exploration of the haunted house of Victorian culture, filled with echoes of sexual and social unease? Or is it simply \'the most hopelessly evil story that we have ever read\'? Owen Wingrove is a story of the son of a long line of military heroes who refuse to follow tradition, yet proves his bravery in a haunted room.</span><br style=\"color: rgb(51, 51, 51); font-family: Arial, sans-serif;\"></p>',7,'bookActive','',0,0,'1995-02-01'),(101,'The Time Machine ',0,120,72,18,'media/epubs/73.epub','media/bookimages/73.jpeg',10,'3 days,7 days,14 days,21 days,1 month,1.5 months,2 months,3 months','English','<p><span style=\"color: rgb(33, 33, 33); font-family: Roboto, Arial, sans-serif;\">The year is 802, 701. The planet is Earth. only teo races of people noe exist- the Morlocks and the Eloi.</span><br style=\"margin: 0px; padding: 0px; color: rgb(33, 33, 33); font-family: Roboto, Arial, sans-serif;\"><br style=\"margin: 0px; padding: 0px; color: rgb(33, 33, 33); font-family: Roboto, Arial, sans-serif;\"><br style=\"margin: 0px; padding: 0px; color: rgb(33, 33, 33); font-family: Roboto, Arial, sans-serif;\"><span style=\"margin: 0px; padding: 0px; color: rgb(33, 33, 33); font-family: Roboto, Arial, sans-serif;\">H.G. Wells</span><span style=\"color: rgb(33, 33, 33); font-family: Roboto, Arial, sans-serif;\">&nbsp;(1866-1946) was a novelist, journalist, sociologist and historian, best-known for his science fiction novels. His first attempt at fiction writing was merely imitative, but he eventually set himself up as a freelance writer. Possessor of a lively and humorous style and the exponent in the fiction of the relatively new subject of science, his scientific fantasies were hugely popular. Some of his successful novels are&nbsp;</span><i style=\"margin: 0px; padding: 0px; color: rgb(33, 33, 33); font-family: Roboto, Arial, sans-serif;\">The Time Machine, The Invisible Man</i><span style=\"color: rgb(33, 33, 33); font-family: Roboto, Arial, sans-serif;\">, and&nbsp;</span><i style=\"margin: 0px; padding: 0px; color: rgb(33, 33, 33); font-family: Roboto, Arial, sans-serif;\">The War of the Worlds</i><span style=\"color: rgb(33, 33, 33); font-family: Roboto, Arial, sans-serif;\">. Beneath his inventiveness lies a passionate concern for humanity and society. With time, however, his works grew less optimistic and even bitter.</span><br></p>',8,'bookActive','',0,0,'2004-10-02'),(102,'Confessions of a Thug ',0,616,73,18,'media/epubs/74.epub','media/bookimages/74.jpeg',10,'3 days,7 days,14 days,21 days,1 month,1.5 months,2 months,3 months','English','<p><span style=\"color: rgb(33, 33, 33); font-family: Roboto, Arial, sans-serif;\">Be firm, be courageous, be subtle, be faithful more you need not. These are the highest qualifications of Thug... and lead to certain success and high rank.</span><br style=\"margin: 0px; padding: 0px; color: rgb(33, 33, 33); font-family: Roboto, Arial, sans-serif;\"><span style=\"color: rgb(33, 33, 33); font-family: Roboto, Arial, sans-serif;\">Welcome to the feudal India of the early nineteenth century where a band of thugs-cold-blooded, ruthless assassins, and dacoits-are rampaging on the streets, luring unsuspecting travelers only to kill and loot.</span><br style=\"margin: 0px; padding: 0px; color: rgb(33, 33, 33); font-family: Roboto, Arial, sans-serif;\"><span style=\"color: rgb(33, 33, 33); font-family: Roboto, Arial, sans-serif;\">But the most notorious of their band, Ameer Ali, has been imprisoned, and he has a lot to confess. Responsible for 719 murders, he recounts his extraordinary life story which begins on a grave evening when he is the victim of a Thuggee attack. And the events unfold to envelop him in the lives of his perpetrators...till he becomes one of them.</span><br style=\"margin: 0px; padding: 0px; color: rgb(33, 33, 33); font-family: Roboto, Arial, sans-serif;\"><span style=\"color: rgb(33, 33, 33); font-family: Roboto, Arial, sans-serif;\">A gut-wrenching memoir, Confessions of a Thug, which offers a glimpse into the Baxter, a merchant in Bombay. But with Baxter being bankrupt, the sixteen-year-old Taylor found a commission in the Nizam of Hyderabad\'s army. During his services, Taylor learned about India and became proficient in various languages. He wrote several books depicting and describing the India history, society, landscape, and characters. Confessions of a Thug, published while he was in England in 1840, was Taylor\'s first Indian novel. The book was an immediate success. The most significant novel about India before Kipling\'s Kim (1901), it popularized the word thug in the English language. Taylor followed it with Tippoo Sultan (1840), which was also equally successful. His other works include Ralph Damell (1865), and A Nobel Queen, which was published posthumously in 1878.</span><br></p>',6,'bookActive','',0,0,'2014-02-12'),(103,'Don Quixote ',0,1096,74,18,'media/epubs/75.epub','media/bookimages/75.jpg',10,'3 days,7 days,14 days,21 days,1 month,1.5 months,2 months,3 months','English','<p><span style=\"color: rgb(51, 51, 51); font-family: Arial, sans-serif;\">Without Intelligence, There Can be NO Humour.</span><br style=\"color: rgb(51, 51, 51); font-family: Arial, sans-serif;\"><span style=\"color: rgb(51, 51, 51); font-family: Arial, sans-serif;\">In a world without courtly manners and values, the noble and virtuous Spanish gentleman Don Quixote is enthralled by the chivalric books he reads. Believing all the fiction to be true, he sets out along with his faithful squire, Sancho Panza, to become a knight errant.&nbsp;</span><br style=\"color: rgb(51, 51, 51); font-family: Arial, sans-serif;\"><span style=\"color: rgb(51, 51, 51); font-family: Arial, sans-serif;\">What follows is their journey of adventure as they together roam around the world; Don Quixote turning into a madman of sound mind and the squire into a sagacious buffoon.&nbsp;</span><br style=\"color: rgb(51, 51, 51); font-family: Arial, sans-serif;\"><span style=\"color: rgb(51, 51, 51); font-family: Arial, sans-serif;\">Published more than four centuries ago, Cervantes Don Quixote was an immediate success. Regarded as one of the greatest works of fiction, this typical picaresque novel has been an inspiration for various works of art, literature, and music. It continues to be admired by its readers.</span><br></p>',7,'bookActive','',0,0,'2007-07-27'),(104,'The Life and Adventures of Robinson Crusoe',0,184,75,18,'media/epubs/76.epub','media/bookimages/76.jpeg',10,'3 days,7 days,14 days,21 days,1 month,1.5 months,2 months,3 months','English','<p><span style=\"color: rgb(33, 33, 33); font-family: Roboto, Arial, sans-serif;\">Robinson Crusoes voyage was doomed to begin with. His parents had never wanted him to set off from the Queen\'s Dock in Hull on a sea voyage in August 1651. They hoped hed see sense. He didnt, shrugging off a career in law for adventure and the call of the Sea. The Sea, however, is a harsh mistress and soon Crusoes ship is wrecked in a storm. He is undeterred and returns again and again until he is finally stranded on an island. He begins making his way on the island, assuming that he is alone. He is not. His companions are savage cannibals, and he needs to stay away from them to stay alive. When he spots two prisoners among them, he helps one in his attempts to escape, naming him Friday. In doing so he forges the most singular friendship to have ever been portrayed in all of the fiction everywhere: that of the white man and the black savage, a friendship that will go down in history as that of Robinson Crusoe and Man Friday. Their story spans the years they spend on the island and their eventual journey out of it. If, of course, they can escape the cannibals and their macabre appetite.</span><br></p>',7,'bookActive','',0,0,'1996-05-01'),(105,'The War of the Worlds',0,216,72,18,'media/epubs/77.epub','media/bookimages/77.jpg',10,'3 days,7 days,14 days,21 days,1 month,1.5 months,2 months,3 months','English','<p><span style=\"color: rgb(51, 51, 51); font-family: Arial, sans-serif;\">On a summer night, at the end of the nineteenth century, a meteor lands on Horsell Common in London. an artificial cylinder is found the next day and upon approaching it, the unsuspecting humans are instantly killed by an all-destroying heat ray, as terrifying Martians emerge and blaze a path of fiery destruction across Victorian England. Amid the boundless destruction that is caused, it looks as if the end of the world has come.</span><br style=\"color: rgb(51, 51, 51); font-family: Arial, sans-serif;\"><span style=\"color: rgb(51, 51, 51); font-family: Arial, sans-serif;\">The War of the Worlds is one of the earliest science-fiction that explores the possibilities of intelligent life from other planets and details a conflict between humankind and an extraterrestrial race.. this novel vividly describes the mass hysteria such an invasion would stimulate and shows how unprepared our civilization is for the onslaught of forces from another world.</span><br></p>',8,'bookActive','',0,0,'2004-10-01'),(106,'Meditations ',0,228,76,18,'media/epubs/78.epub','media/bookimages/78.jpeg',10,'3 days,7 days,14 days,21 days,1 month,1.5 months,2 months,3 months','English','<p><span style=\"color: rgb(33, 33, 33); font-family: Roboto, Arial, sans-serif;\">\"Dwell on the beauty of life. Watch the stars, and see yourself running with them.\"</span><br style=\"margin: 0px; padding: 0px; color: rgb(33, 33, 33); font-family: Roboto, Arial, sans-serif;\"><span style=\"color: rgb(33, 33, 33); font-family: Roboto, Arial, sans-serif;\">From expressing his gratitude to the ones from whom he had learned important qualities and lessons in life to detailing his thoughts and reflections over a wide range of subjects including our mind and thoughts, life and death, goodness, self-judgment, virtuousness, nature, leadership, and human rationality, Meditations gives an insight into the inner life and philosophy of the last of the \'Five Good Emperors,\' Marcus Aurelius.&nbsp;</span><br style=\"margin: 0px; padding: 0px; color: rgb(33, 33, 33); font-family: Roboto, Arial, sans-serif;\"><span style=\"color: rgb(33, 33, 33); font-family: Roboto, Arial, sans-serif;\">With ancient wisdom that is as relevant in modern times as it was then, Aurelius\' Meditations is one of the greatest works of Greek and philosophical literature. A series of twelve books, it has continued to influence its readers throughout the centuries.</span><br></p>',6,'bookActive','',0,0,'2001-06-01'),(107,'Ethan Frome ',0,108,77,18,'media/epubs/79.epub','media/bookimages/79.jpg',10,'3 days,7 days,14 days,21 days,1 month,1.5 months,2 months,3 months','English','<p>Set against the frozen waste of a harsh New England winter, Edith Whartons Ethan Frome is a tale of despair, forbidden emotions, and sexual tensions, published with an introduction and notes by Elizabeth Ammons in Penguin Classics. Ethan Frome works his unproductive farm and struggles to maintain a bearable existence with his difficult, suspicious, and hypochondriac wife, Zeenie. But when Zeenies vivacious cousin enters their household as a hired girl, Ethan finds himself obsessed with her and with the possibilities for happiness she comes to represent. In one of American fictions finest and most intense narratives, Edith Wharton moves this ill-starred trio toward their tragic destinies. Different in both tone and theme from Whartons other works, Ethan Frome has become perhaps her most enduring and most widely read novel.</p><p><br></p><p>For more than seventy years, Penguin has been the leading publisher of classic literature in the English-speaking world. With more than 1,700 titles, Penguin Classics represents a global bookshelf of the best works throughout history and across genres and disciplines. Readers trust the series to provide authoritative texts enhanced by introductions and notes by distinguished scholars and contemporary authors, as well as up-to-date translations by award-winning translators.</p><p><br></p>',6,'bookActive','',0,0,'2003-10-01'),(108,'The Lady with the Dog and Other Stories ',0,150,78,18,'media/epubs/80.epub','media/bookimages/80.jpg',10,'3 days,7 days,14 days,21 days,1 month,1.5 months,2 months,3 months','English','<p><span style=\"color: rgb(51, 51, 51); font-family: Arial, sans-serif;\">The Lady with the Dog is a short story by Anton Chekhov first published in 1899. It tells the story of an adulterous affair between a Russian banker and a young lady he meets while vacationing in Yalta. The story comprises four parts: part I describes the initial meeting in Yalta, part II the consummation of the affair and the remaining time in Yalta, part III Gurov\'s ret</span><br></p>',7,'bookActive','',0,0,'2004-09-09'),(109,'The Sign of the Four ',0,200,53,18,'media/epubs/81.epub','media/bookimages/81.jpeg',10,'3 days,7 days,14 days,21 days,1 month,1.5 months,2 months,3 months','English','<p><span style=\"color: rgb(33, 33, 33); font-family: Roboto, Arial, sans-serif;\">As a dense yellow fog swirls through the streets of London, a deep melancholy has descended on Sherlock Holmes, who sits in a cocaine-induced haze at 221B Baker Street. His mood is only lifted by a visit from a beautiful but distressed young woman - Mary Morstan, whose father vanished ten years before. Four years later she began to receive an exquisite gift every year: a large, lustrous pearl. Now she has had an intriguing invitation to meet her unknown benefactor and urges Holmes and Watson to accompany her. And in the ensuing investigation - which involves a wronged woman, a stolen hoard of Indian treasure, a wooden-legged ruffian, a helpful dog and a love affair - even the jaded Holmes is moved to exclaim, \'Isn\'t it gorgeous!\'</span><br></p>',7,'bookActive','',0,0,'2000-03-01'),(110,'Anthem',0,200,80,18,'media/epubs/82.epub','media/bookimages/82.jpg',10,'3 days,7 days,14 days,21 days,1 month,1.5 months,2 months,3 months','English','<p><b style=\"color: rgb(51, 51, 51); font-family: Arial, sans-serif;\">Ayn Rands classic tale of a dystopian future of the great Wea world that deprives individuals of a name or independencethat anticipates her later masterpieces,&nbsp;<i>The Fountainhead</i>&nbsp;and&nbsp;<i>Atlas Shrugged</i>.<br><br></b><span style=\"color: rgb(51, 51, 51); font-family: Arial, sans-serif;\">They existed only to serve the state. They were conceived in controlled Palaces of Mating. They died in the Home of the Useless. From cradle to grave, the crowd was onethe great WE.</span><br style=\"color: rgb(51, 51, 51); font-family: Arial, sans-serif;\"><br style=\"color: rgb(51, 51, 51); font-family: Arial, sans-serif;\"><span style=\"color: rgb(51, 51, 51); font-family: Arial, sans-serif;\">In all that was left of humanity, there was only one man who dared to think, seek, and love. He lived in the dark ages of the future. In a loveless world, he dared to love the woman of his choice. In an age that had lost all trace of science and civilization, he had the courage to seek and find knowledge. But these were not the crimes for which he would be hunted. He was marked for death because he had committed the unpardonable sin: He had stood forth from the mindless human herd. He was a man alone. He had rediscovered the lost and holy wordI.</span><br style=\"color: rgb(51, 51, 51); font-family: Arial, sans-serif;\"><br style=\"color: rgb(51, 51, 51); font-family: Arial, sans-serif;\"><b style=\"color: rgb(51, 51, 51); font-family: Arial, sans-serif;\">I worship&nbsp;<i>individuals</i>&nbsp;for their highest possibilities as individuals, and I loathe humanity, for its failure to live up to these possibilities.Ayn Rand</b><br></p>',7,'bookActive','',0,0,'1998-03-01'),(111,'The Confessions of St. Augustine ',0,462,81,18,'media/epubs/83.epub','media/bookimages/83.jpeg',10,'3 days,7 days,14 days,21 days,1 month,1.5 months,2 months,3 months','English','<p style=\"margin-bottom: 14px; padding: 0px; color: rgb(51, 51, 51); font-family: Arial, sans-serif;\">This work has been selected by scholars as being culturally important and is part of the knowledge base of civilization as we know it. This work was reproduced from the original artifact, and remains as true to the original work as possible. Therefore, you will see the original copyright references, library stamps (as most of these works have been housed in our most important libraries around the world), and other notations in the work.</p><p style=\"margin-top: -4px; margin-bottom: 14px; padding: 0px; color: rgb(51, 51, 51); font-family: Arial, sans-serif;\">This work is in the public domain in the United States of America, and possibly other nations. Within the United States, you may freely copy and distribute this work, as no entity (individual or corporate) has a copyright on the body of the work.</p><p style=\"margin-top: -4px; margin-bottom: 0px; padding: 0px; color: rgb(51, 51, 51); font-family: Arial, sans-serif;\">As a reproduction of a historical artifact, this work may contain missing or blurred pages, poor pictures, errant marks, etc. Scholars believe, and we concur, that this work is important enough to be preserved, reproduced, and made generally available to the public. We appreciate your support of the preservation process, and thank you for being an important part of keeping this knowledge alive and relevant.</p>',6,'bookActive','',0,0,'2002-01-01'),(112,'Democracy in America  Volume 1 ',0,382,82,18,'media/epubs/84.epub','media/bookimages/84.jpeg',10,'3 days,7 days,14 days,21 days,1 month,1.5 months,2 months,3 months','English','<span style=\"color: rgb(33, 33, 33); font-family: Roboto, Arial, sans-serif;\">Alexis de Tocqueville (1805-59) came to America in 1831 to see what a great republic was like. What struck him most was the country\'s equality of conditions, its democracy. The book he wrote on his return to France, Democracy in America, is both the best ever written on democracy and the best ever written on America. It remains the most often quoted book about the United States, not only because it has something to interest and please everyone, but also because it has something to teach everyone. When it was published in 2000, Harvey Mansfield and Delba Winthrop\'s new translation of Democracy in America-only the third since the original two-volume work was published in 1835 and 1840-was lauded in all quarters as the finest and most definitive edition of Tocqueville\'s classic thus far. Mansfield and Winthrop have restored the nuances of Tocqueville\'s language, with the expressed goal \"to convey Tocqueville\'s thought as he held it rather than to restate it in comparable terms of today.\" The result is a translation with minimal interpretation, but with impeccable annotations of unfamiliar references and a masterful introduction placing the work and its author in the broader contexts of political philosophy and statesmanship.</span>',6,'bookActive','',0,0,'2006-01-21'),(113,'The Works of Edgar Allan Poe  Volume 2 ',0,272,83,18,'media/epubs/85.epub','media/bookimages/85.jpeg',10,'3 days,7 days,14 days,21 days,1 month,1.5 months,2 months,3 months','English','<h1 itemprop=\"name\" style=\"text-align: center; font-size: 20px; margin-top: 1em; margin-bottom: 1em; color: rgb(0, 0, 0); font-family: &quot;Times New Roman&quot;;\">This work has been selected by scholars as being culturally important and is part of the knowledge base of civilization as we know it. This work was reproduced from the original artifact and remains as true to the original work as possible. Therefore, you will see the original copyright references, library stamps (as most of these works have been housed in our most important libraries around the world), and other notations in the work. This work is in the public domain in the United States of America, and possibly other nations. Within the United States, you may freely copy and distribute this work, as no entity (individual or corporate) has a copyright on the body of the work. As a reproduction of a historical artifact, this work may contain missing or blurred pages, poor pictures, errant marks, etc. Scholars believe, and we concur, that this work is important enough to be preserved, reproduced, and made generally available to the public. We appreciate your support of the preservation process and thank you for being an important part of keeping this knowledge alive and relevant.<br></h1>',7,'bookActive','',0,0,'2000-04-01'),(114,'The Secret Garden ',0,288,84,18,'media/epubs/86.epub','media/bookimages/86.jpg',10,'3 days,7 days,14 days,21 days,1 month,1.5 months,2 months,3 months','English','<p><b style=\"color: rgb(51, 51, 51); font-family: Arial, sans-serif;\">Opening the door into the innermost places of the heart,&nbsp;<i>The Secret Garden</i>&nbsp;is a timeless classic that has left generations of readers with warm, lifelong memories of its magical charms.</b><br style=\"color: rgb(51, 51, 51); font-family: Arial, sans-serif;\"><br style=\"color: rgb(51, 51, 51); font-family: Arial, sans-serif;\"><i style=\"color: rgb(51, 51, 51); font-family: Arial, sans-serif;\">When Mary Lennox was sent to Misselthwaite Manor to live with her uncle, everybody said she was the most disagreeable-looking child ever seen</i><br style=\"color: rgb(51, 51, 51); font-family: Arial, sans-serif;\"><span style=\"color: rgb(51, 51, 51); font-family: Arial, sans-serif;\">&nbsp;</span><br style=\"color: rgb(51, 51, 51); font-family: Arial, sans-serif;\"><span style=\"color: rgb(51, 51, 51); font-family: Arial, sans-serif;\">So begins the famous opening of one of the worlds best-loved childrens stories. First published in 1911, this is the poignant tale of a lonely little girl, orphaned and sent to a Yorkshire mansion at the edge of a vast lonely moor. At first, she is frightened by this gloomy place, but with the help of the local boy Dickon, who earns the trust of the moors wild animals with his honesty and love, the invalid Colin, a spoiled, unhappy boy terrified of life, and a mysterious, abandoned garden, Mary is eventually overcome by the mystery of life itselfits birth and renewal, its love and joy.&nbsp;</span><br></p>',8,'bookActive','',0,0,'1994-03-01'),(115,'The Mysterious Affair at Styles',0,296,85,18,'media/epubs/87.epub','media/bookimages/87.jpg',10,'3 days,7 days,14 days,21 days,1 month,1.5 months,2 months,3 months','English','<p><span style=\"color: rgb(51, 51, 51); font-family: &quot;Amazon Ember&quot;, Arial, sans-serif; font-size: small;\">Introducing Hercule Poirot, the brilliant and eccentric- detective who, at a friends request, steps out of retirement- and into the shadows of a classic mystery on the outskirts of Essex. The victim is the wealthy mistress of Styles Court, found in her locked bedroom with the name of her late husband on her dying lips. Poirot has a few questions for her fortune-hunting new spouse, her aimless stepsons, her private doctor, and her hired companion. The answers are positively poisonous. Whos responsible, and why, can only be revealed by the master detective himself.</span><br></p>',7,'bookActive','',0,0,'1997-03-01'),(116,'Songs of Innocence, and Songs of Experience',0,63,86,18,'media/epubs/88.epub','media/bookimages/88.jpeg',17,'3 days,7 days,14 days,21 days,1 month,1.5 months,2 months,3 months','English','<p><span style=\"color: rgb(51, 51, 51); font-family: Arial, sans-serif;\">Songs of Innocence and of Experience is a collection of poems by William Blake. This is an important publication for those who are fans of the writings of William Blake, and should not be passed up by students or scholars of poetry. Make sure to add this edition to your William Blake poems and continue to discover the beauty and mystery to Blake\'s writings for longtime fans and for those discovering his work for the first time.</span><br></p>',7,'bookActive','',0,0,'1999-10-01'),(117,'Persuasion ',0,272,11,18,'media/epubs/89.epub','media/bookimages/89.jpg',10,'3 days,7 days,14 days,21 days,1 month,1.5 months,2 months,3 months','English','<p><span style=\"color: rgb(51, 51, 51); font-family: Arial, sans-serif;\">In Persuasion, Jane Austen\'s last completed novel, the conventional roles of hero and heroine are reversed and men and women are presented as moral equals. Ann Elliot, a young woman of breeding, leading a Cinderella-like existence with her father and imperious sister frees herself from familial authority through her relationships with other strong women and achieves personal fulfillment.</span><br></p>',7,'bookActive','',0,0,'1994-02-01'),(118,'The Interesting Narrative of the Life of Olaudah Equiano',0,128,87,18,'media/epubs/90.epub','media/bookimages/90.jpeg',6,'3 days,7 days,14 days,21 days,1 month,1.5 months,2 months,3 months','English','<p><span style=\"color: rgb(51, 51, 51); font-family: Arial, sans-serif;\">Olaudah Equiano was one of the most prominent people of African heritage involved in the British debate for the abolition of the slave trade. He wrote an autobiography that depicted the horrors of slavery and helped influence, British lawmakers, to abolish the slave trade through the Slave Trade Act of 1807. This is his story. I hope the reader will not think I have trespassed on his patience in introducing myself to him with some account of the manners and customs of my country. They had been implanted in me with great care, and made an impression on my mind, which time could not erase, and which all the adversity and variety of fortune I have since experienced served only to rivet and record; for, whether the love of one\'s country be real or imaginary, or a lesson of reason, or an instinct of nature, I still look back with pleasure on the first scenes of my life, though that pleasure has been for the most part mingled with sorrow. -Olaudah Equiano</span><br></p>',6,'bookActive','',0,0,'2005-03-17'),(119,'Anna Karenina ',0,740,88,18,'media/epubs/91.epub','media/bookimages/91.jpeg',10,'3 days,7 days,14 days,21 days,1 month,1.5 months,2 months,3 months','English','<p><span style=\"color: rgb(33, 33, 33); font-family: Roboto, Arial, sans-serif;\">There are as many kinds of love, as there are hearts. In the nineteenth century Russian high society, the ravishing, aristocratic Anna Karenina is married to Alexey Alexandrovitch Karenin, a senior statesman, twenty years her senior. But as her passionate and restless spirit compels her, she falls in love with Count Vronskya young and wealthy military officer. And now, Anna wants to break away from her cold marriage. As Karenin refuses to separate, Anna is doomed. Caught between the rigorous societal norms, laws, and the Orthodox Church, she is consumed by guilt and isolation. What becomes of Anna as she is left tormented? With intricately crafted characters chafed between their passions and Russian mores, Anna Karenina explores the feudal Russia of that period. Admired to date, Tolstoy regarded it as his first true novel. It has been adapted into films, operas, ballet, and television and radio dramas and continues to ensnare its audience.</span><br></p>',7,'bookActive','',0,0,'1998-07-01'),(120,'The Canterbury Tales ',0,672,89,18,'media/epubs/92.epub','media/bookimages/92.jpg',10,'3 days,7 days,14 days,21 days,1 month,1.5 months,2 months,3 months','English','<p><span style=\"color: rgb(51, 51, 51); font-family: Arial, sans-serif;\">It is not all gold that glareth.</span><br style=\"color: rgb(51, 51, 51); font-family: Arial, sans-serif;\"><span style=\"color: rgb(51, 51, 51); font-family: Arial, sans-serif;\">On an evening in April, at The Tabard Inn, as Harry Bailly awaits to begin his pilgrimage to the shrine of Thomas Beckett in Canterbury, there comes a group of twenty-nine pilgrims, belonging to the various ranks of the English society. And the next morning, as they all embark on their journey together, begins The Canterbury Tales. From the Knight, the Reeve, the Wife of Bath and the Clerk to the Monk, the Cook and the Yeoman, each one narrates his/her story as a part of the story-telling contest. As rich and varied as their lives are, interspersed with quarrels, conversations, and opinions, the tales give a colorful insight into the medieval English society and social milieu of that period. Chaucers The Canterbury Tales is one of the greatest works of English Literature. This fourteenth-century masterpiece has been delighting its readers for almost six centuries and will continue to do so for years to come.</span><br></p>',6,'bookActive','',0,0,'2007-07-22'),(127,'Northanger Abbey ',0,208,11,18,'media/epubs/99.epub','media/bookimages/99.jpg',10,'3 days,7 days,14 days,21 days,1 month,1.5 months,2 months,3 months','English','<h1 itemprop=\"name\" style=\"text-align: center; font-size: 20px; margin-top: 1em; margin-bottom: 1em; color: rgb(0, 0, 0); font-family: &quot;Times New Roman&quot;;\">Northanger Abbey was Austens first completed novel, but it remained unpublished until after her death. The seventeen-year-old heroine, Catherine Morland, has a fanciful imagination and a fondness<br style=\"color: rgb(51, 51, 51); font-family: Arial, sans-serif; font-size: 14px; text-align: start;\"><span style=\"color: rgb(51, 51, 51); font-family: Arial, sans-serif; font-size: 14px; text-align: start;\">for Gothic novels. Naive and oblivious to the true nature of the world, she encounters love and heartbreak on her journey to adulthood.</span><br style=\"color: rgb(51, 51, 51); font-family: Arial, sans-serif; font-size: 14px; text-align: start;\"><span style=\"color: rgb(51, 51, 51); font-family: Arial, sans-serif; font-size: 14px; text-align: start;\">Lighter in tone than Austens later works, the novel parodies the hugely popular Gothic works of the period. It has been adapted into several film, television and theatre productions, and has even been</span><br style=\"color: rgb(51, 51, 51); font-family: Arial, sans-serif; font-size: 14px; text-align: start;\"><span style=\"color: rgb(51, 51, 51); font-family: Arial, sans-serif; font-size: 14px; text-align: start;\">reimagined as a teen thriller under The Austen Project by Scottish crime writer Val McDermid.</span><br></h1>',7,'bookActive','',0,0,'1994-04-01'),(128,'John Vytal: A Tale of the Lost Colony ',0,348,90,18,'media/epubs/100.epub','media/bookimages/100.jpg',10,'3 days,7 days,14 days,21 days,1 month,1.5 months,2 months,3 months','English','<p><span style=\"color: rgb(51, 51, 51); font-family: Arial, sans-serif;\">Excerpt from John Vytal a Tale of the Lost Colony</span><br style=\"color: rgb(51, 51, 51); font-family: Arial, sans-serif;\"><br style=\"color: rgb(51, 51, 51); font-family: Arial, sans-serif;\"><span style=\"color: rgb(51, 51, 51); font-family: Arial, sans-serif;\">N O epoch in American history is more essentially romantic than that in which, for a few years, less than one hundred colonists from England lived on the island of Roanoke, off the coast of old Virginia. Nevertheless, although the history of our continent, from the landing of Columbus to the end of the Span-ish-american war, has been exhaustively exploited in fiction, the pages dated 1587 - 1598 seem to have been left unturned. Yet the life of the Roanoke colony contained not only adventure, hazard, and privation in a far greater degree than the maturer settlements of later years, but also an underlying emblematical element, and in its end an insoluble riddle. In being thus both mystical and mysterious, it paramountly inspires romance.</span><br></p>',6,'bookActive','',0,0,NULL),(129,'Breaking the Wilderness ',0,412,91,18,'media/epubs/101.epub','media/bookimages/101.jpg',10,'3 days,7 days,14 days,21 days,1 month,1.5 months,2 months,3 months','English','<p style=\"margin-bottom: 14px; padding: 0px; color: rgb(51, 51, 51); font-family: Arial, sans-serif;\">Breaking the wilderness; The story of the conquest of the far West, from the wanderings of Cabeza de Vaca, to the first descent of the Colorado by Powell, and the completion of the Union Pacific railway, with the particular account of the exploits of trappers and traders, by Frederick S. Dellenbaugh..<br></p>',7,'bookActive','',0,0,NULL),(130,'Akbar, Emperor of India ',0,52,92,18,'media/epubs/102.epub','media/bookimages/102.jpeg',10,'3 days,7 days,14 days,21 days,1 month,1.5 months,2 months,3 months','English','<p><span style=\"color: rgb(51, 51, 51); font-family: Arial, sans-serif;\">. A picture of life and customs from the sixteenth century, centred around Jalaluddin Muhammad Akbar, the third Mughal Emperor of the Mughal dynasty in India, one of the most powerful empires of the time which covered the majority of northern and central India. It it is a fascinating read for any enthusiast or historian of India. Five full-page illustrations accompany the text. Many of the earliest books, particularly those dating back to the 1900s and before, are now extremely scarce and increasingly expensive.</span><br></p>',8,'bookActive','',0,0,'2004-11-23'),(131,'Rambles and Recollections of an Indian Official ',0,508,93,18,'media/epubs/103.epub','media/bookimages/103.jpg',10,'3 days,7 days,14 days,21 days,1 month,1.5 months,2 months,3 months','English','<p><span style=\"color: rgb(51, 51, 51); font-family: Arial, sans-serif;\">Title: Rambles and Recollections of an Indian Official.Publisher: British Library, Historical Print EditionsThe British Library is the national library of the United Kingdom. It is one of the world\'s largest research libraries holding over 150 million items in all known languages and formats: books, journals, newspapers, sound recordings, patents, maps, stamps, prints and much more. Its collections include around 14 million books, along with substantial additional collections of manuscripts and historical items dating back as far as 300 BC. The HISTORY OF ASIA collection includes books from the British Library digitized by Microsoft. This series includes ethnographic and general histories of distinct peripheral coastal regions that comprise South and East Asia. Other works focus on cultural history, archaeology, and linguistics. These books help readers understand the forces that shaped the ancient civilizations and influenced the modern countries of Asia.</span><br></p>',7,'bookActive','',0,0,'2005-03-27'),(132,'Forty-one years in India: from subaltern to commander-in-chief ',0,592,95,18,'media/epubs/104.epub','media/bookimages/104.jpg',10,'3 days,7 days,14 days,21 days,1 month,1.5 months,2 months,3 months','English','<div id=\"synopsis-window\" style=\"color: rgb(51, 51, 51); font-family: Arial, sans-serif; font-size: 13px; height: 247px; overflow: hidden;\"><div id=\"synopsistext\" dir=\"ltr\" class=\"sa\">This work has been selected by scholars as being culturally important, and is part of the knowledge base of civilization as we know it. This work was reproduced from the original artifact, and remains as true to the original work as possible. Therefore, you will see the original copyright references, library stamps (as most of these works have been housed in our most important libraries around the world), and other notations in the work.&nbsp;<br><br>This work is in the public domain in the United States of America, and possibly other nations. Within the United States, you may freely copy and distribute this work, as no entity (individual or corporate) has a copyright on the body of the work.<br><br>As a reproduction of a historical artifact, this work may contain missing or blurred pages, poor pictures, errant marks, etc. Scholars believe, and we concur, that this work is important enough to be preserved, reproduced, and made generally available to the public. We appreciate your support of the preservation process, and thank you for being an important part of keeping this knowledge alive and relevant.<br><br></div></div>',6,'bookActive','',0,0,'2005-08-14'),(133,'My Reminiscences ',0,264,96,18,'media/epubs/105.epub','media/bookimages/105.jpg',11,'3 days,7 days,14 days,21 days,1 month,1.5 months,2 months,3 months','English','<p><span style=\"color: rgb(51, 51, 51); font-family: Arial, sans-serif;\">My Reminiscences (1911) was written when Tagore was fifty. It is an account of the first twenty-seven formative years of his life. Rather than a conventional autobiography, it is a series of \'memory pictures\'. Born into a brilliant and highly aristocratic family, Tagore was the most dazzling instance of the benefits of the cultural collision between the Bengal Renaissance and the high noon of the British Empire. W. B. Yeats called My Reminiscences \'a rich and most valuable work. Written with wit, wisdom and more than a little self-mockery, it gives a unique and enduring insight into the life of this great literary genius.</span><br></p>',8,'bookActive','',0,0,'2007-08-02'),(134,'Glimpses of Bengal ',0,73,96,18,'media/epubs/106.epub','media/bookimages/106.jpg',17,'3 days,7 days,14 days,21 days,1 month,1.5 months,2 months,3 months','English','<p>Glimpses of Bengal is a delightful and must-read collection of letters written in the 1890s, by Nobel Laureate Rabindranath Tagore, as he traveled across Bengal to manage his familys far-flung agricultural estates. Traveling in his houseboat, up and down the Padma River and its many tributaries, Tagore vividly captures the breathtaking imagery of the Bengali countryside and the reticent grace of the day-to-day village life. Sometimes humorous, sometimes poignant, the settings in these letters formed the backdrop of many of his poems and plays (e.g. The Post Office).&nbsp;&nbsp;<br></p>',7,'bookActive','',0,0,'2005-04-01'),(135,'Life and Work in Benares and Kumaon',0,302,97,18,'media/epubs/107.epub','media/bookimages/107.jpg',10,'3 days,7 days,14 days,21 days,1 month,1.5 months,2 months,3 months','English','<p><span style=\"color: rgb(51, 51, 51); font-family: Arial, sans-serif;\">This book has been considered by academicians and scholars of great significance and value to literature. This forms a part of the knowledge base for future generations. We haven\'t used any OCR or photocopy to produce this book. The whole book has been typeset again to produce it without any errors or poor pictures and errant marks.</span><br></p>',7,'bookActive','',0,0,'2008-01-24'),(136,'Folklore of the Santal Parganas ',0,494,98,18,'media/epubs/108.epub','media/bookimages/108.jpg',10,'3 days,7 days,14 days,21 days,1 month,1.5 months,2 months,3 months','English','<p><span style=\"color: rgb(51, 51, 51); font-family: Arial, sans-serif;\">This collection of literature attempts to compile many of the classic, timeless works that have stood the test of time and offer them at a reduced, affordable price, in an attractive volume so that everyone can enjoy them.</span><br></p>',6,'bookActive','',0,0,'2004-04-01'),(137,'Indian Fairy Tales ',0,284,99,18,'media/epubs/109.epub','media/bookimages/109.jpeg',10,'3 days,7 days,14 days,21 days,1 month,1.5 months,2 months,3 months','English','<p><span style=\"color: rgb(51, 51, 51); font-family: Arial, sans-serif; font-size: 13px;\">A soothsayer when on his deathbed wrote out the horoscope of his second son, whose name was Gangazara, and bequeathed it to him as his only property, leaving the whole of his estate to his eldest son. The second son thought over the horoscope, and said to himself:\"Alas! am I born to this only in the world? The sayings of my father never failed. I have seen them prove true to the last word while he was living; and how has he fixed my horoscope! \'From my birth poverty!\' Nor is that my only fate. \'For ten years, imprisonment\'-a fate harder than poverty; and what comes next? \'Death on the sea-shore\'; which means that I must die away from home, far from friends and relatives on a sea-coast. Now comes the most curious part of the horoscope, that I am to \'have some happiness afterward!\' What this happiness is, is an enigma to me.\"</span><br></p>',6,'bookActive','',0,0,'2004-12-01'),(138,'Indian Tales',0,328,100,18,'media/epubs/110.epub','media/bookimages/110.jpg',10,'3 days,7 days,14 days,21 days,1 month,1.5 months,2 months,3 months','English','<p><span style=\"color: rgb(51, 51, 51); font-family: Arial, sans-serif; font-size: 13px;\">\"The Finest Story in the World\" With the Main Guard Wee Willie Winkie The Rout of the White Hussars At Twenty-two The Courting of Dinah Shadd The Story of Muhammad Din In Flood Time My Own True Ghost Story The Big Drunk Draf\' By Word of Mouth The Drums of the Fore and Aft The Sending of Dana Da On the City Wall The Broken-link Handicap On Greenhow Hill To Be Filed for Reference The Man Who Would Be King The Gate of the Hundred Sorrows The Incarnation of Krishna Mulvaney His Majesty the King The Strange Ride of Morrowbie Jukes In the House of Suddhoo Black Jack The Taking of Lungtungpen The Phantom Rickshaw On the Strength of a Likeness Private Learoyd\'s Story Wressley of the Foreign Office The Solid Muldoon The Three Musketeers Beyond the Pale The God from the Machine The Daughter of the Regiment The Madness of Private Ortheris L\'Envoi We are delighted to publish this classic book as part of our extensive Classic Library collection. Many of the books in our collection have been out of print for decades and therefore have not been accessible to the general public. The aim of our publishing program is to facilitate rapid access to this vast reservoir of literature, and our view is that this is a significant literary work, which deserves to be brought back into print after many decades. The contents of the vast majority of titles in the Classic Library have been scanned from the original works. To ensure a high-quality product, each title has been meticulously hand-curated by our staff. Our philosophy has been guided by a desire to provide the reader with a book that is as close as possible to ownership of the original work. We hope that you will enjoy this wonderful classic work and that for you it becomes an enriching experience.</span><br></p>',7,'bookActive','',0,0,'2005-08-01'),(140,'Hindu Tales from the Sanskrit ',0,142,101,18,'media/epubs/112.epub','media/bookimages/112.jpg',10,'3 days,7 days,14 days,21 days,1 month,1.5 months,2 months,3 months','English','<p><span style=\"color: rgb(51, 51, 51); font-family: Arial, sans-serif;\">Subha Datta was quite dazed with all lie saw, but he was only an ignorant woodcutter and did not realize the value of the jewels and clothes. So when the fairies, said to him, \"Choose anything you like here and let us keep our pitcher,\" he shook his head and said: \"No! no! no! The pitcher! I will have the pitcher!\" One fairy after another picked up the rubies and diamonds and other precious stones and held them in the light, that the woodcutter might see how lovely they were; and when he still only shook his head, they got down the robes and tried to make him put one of them on. \"No! the pitcher! the pitcher!\" he said, and at last, they had to give it up. They bound his eyes again and led him back to the clearing and the pitcher. 17. Would you have been tempted to give up the pitcher when you saw the jewels and the robes? 18. What made Subha Datta so determined to have the pitcher?</span><br></p>',6,'bookActive','',0,0,'2004-02-01'),(141,'Ancient Ballads and Legends of Hindustan ',0,118,102,18,'media/epubs/113.epub','media/bookimages/113.jpg',17,'3 days,7 days,14 days,21 days,1 month,1.5 months,2 months,3 months','English','<p><span style=\"color: rgb(51, 51, 51); font-family: Arial, sans-serif;\">Toru Dutt (1856 1877) was an Indian poet who wrote in English and French. At the time of her death, she left behind two unpublished novels Le Journal de Mademoiselle dArvers (thought to be the first novel in French by an Indian writer) and Bianca, or the Young Spanish Maiden (thought to be the first novel in English by an Indian woman writer)in addition to an unfinished volume of original poems in English, Ancient Ballads and Legends of Hindustan. The Table of Contents includes Savitr, Lakshman, Jogadhya Uma, The Royal Ascetic and the Hind, Dhruva, Buttoo, Sindhu, Prahlad, S ta. Near Hastings, France1870, The Tree of Life, On the Fly-Leaf of Erckmann-Chatrian\'s novel entitled Madame Th r se, SonnetBaugmaree, SonnetThe Lotus, and Our Casuarina Tree.</span><br></p>',7,'bookActive','',0,0,'2007-10-29'),(142,'Vikram and the Vampire',0,304,103,18,'media/epubs/114.epub','media/bookimages/114.jpg',10,'3 days,7 days,14 days,21 days,1 month,1.5 months,2 months,3 months','English','<p><span style=\"color: rgb(51, 51, 51); font-family: Arial, sans-serif;\">Translated from the original Sanskrit by the noted Victorian Orientalist, Sir Richard Burton, these ancient Indian folk tales influenced such later works as&nbsp;</span><i style=\"color: rgb(51, 51, 51); font-family: Arial, sans-serif;\">1001 Arabian Nights</i><span style=\"color: rgb(51, 51, 51); font-family: Arial, sans-serif;\">&nbsp;and Boccaccio\'s&nbsp;</span><i style=\"color: rgb(51, 51, 51); font-family: Arial, sans-serif;\">Decameron</i><span style=\"color: rgb(51, 51, 51); font-family: Arial, sans-serif;\">. As revealing today as they were in their own time, these stories will entertain and delight modern readers while illuminating the life and customs of classical India. This reprint from the 1893 limited edition contains 34 black-andwhite illustrations, including the frontispiece designed especially for that edition.</span><br></p>',7,'bookActive','',0,0,'2000-11-01'),(143,'India: What can it teach us?',0,208,104,18,'media/epubs/115.epub','media/bookimages/115.jpg',10,'3 days,7 days,14 days,21 days,1 month,1.5 months,2 months,3 months','English','<p><span style=\"color: rgb(51, 51, 51); font-family: Arial, sans-serif;\">A collection of the lectures of Max Muller, India: What it Can Teach Us portrays India, especially Vedic India, as an epitome of virtue and morality, whose glory is equal to classical Greek and Roman thought. Muller, in these essays, urges the West to abandon their superior colonial mindset to adopt the multi-dimensional efficacy that is inherent to Indian culture.</span><br></p>',7,'bookActive','',0,0,'2007-03-18'),(144,'Modern India',0,422,105,18,'media/epubs/116.epub','media/bookimages/116.jpg',10,'3 days,7 days,14 days,21 days,1 month,1.5 months,2 months,3 months','English','<p><span style=\"color: rgb(51, 51, 51); font-family: Arial, sans-serif;\">Modern India BY William Eleroy CurtisAuthor of \"The Turk and His Lost Provinces,\" \"To-day in Syria and Palestine,\" \"Egypt, Burma and British Malaysia,\" etc.TABLE OF CONTENTSI. The Eye of IndiaII. The City of BombayIII. Servants, Hotels, and Cave TemplesIV. The Empire of IndiaV. Two Hindu WeddingsVI. The Religions of IndiaVII. How India Is GovernedVIII. The Railways of IndiaIX. The City of AhmedabadX. Jeypore and its MaharajaXI. About Snakes and TigersXII. The Rajputs and Their CountryXIII. The Ancient Mogul EmpireXIV. The Architecture of the MogulsXV. The Most Beautiful of BuildingsXVI. The Quaint Old City of DelhiXVII. The Temples and Tombs at DelhiXVIII. Thugs, Fakirs and Nautch DancersXIX. Simla and the PunjabXX. Famines and Their AntidotesXXI. The Frontier QuestionXXII. The Army in IndiaXXIII. Muttra, Lucknow and CawnporeXXIV. Caste and the Women of IndiaXXV. Education in IndiaXXVI. The Himalyas and the Invasion of ThibetXXVII. Benares, the Sacred CityXXVIII. American Missions in IndiaXXIX. Cotton, Tea and OpiumXXX. Calcutta, the Capital of India LIST OF ILLUSTRATIONSMODERN INDIAMap of IndiaA Bombay StreetThe Clock Tower and University Buildings, BombayVictoria Railway Station, BombayNautch DancersBody ready for Funeral Pyre, Bombay Burning GhatMohammedans at PrayerHuthi Singh\'s Tomb, AhmedabadStreet Corner, JeyporeThe Maharaja of JeyporeHall of the Winds, JeyporeElephant Belonging to the Maharaja of JeyporeTomb of Etmah Dowlah, AgraPortrait of Shah JehanPortrait of Akbar, the Great MogulThe Taj MahalInterior of Taj MahalTomb of Sheik Salim, FattehpurA Corner in DelhiHall of Marble and Mosaics, Palace of Moguls, DelhiTomb of Amir Khusran, Persian Poet, Delhi\"Kim,\" the Chela and the Old LamaA Ekka, or Road CartA Team of \"Critters\"Group of Famous Brahmin PunditsTomb of Akbar, the Great MogulAudience Chamber of the Mogul Palace, AgraA Hindu AsceticA Hindu BarberBodies ready for Burning, BenaresGreat Banyan Tree, Botanical Garden, CalcuttaThe Princes of Pearls</span><br></p>',6,'bookActive','',0,0,'2004-02-01'),(145,'The Fall of the Moghul Empire of Hindustan',0,230,106,18,'media/epubs/117.epub','media/bookimages/117.jpg',10,'3 days,7 days,14 days,21 days,1 month,1.5 months,2 months,3 months','English','<p><span style=\"color: rgb(33, 33, 33); font-family: Roboto, Arial, sans-serif;\">H.G. Keenes is a haloed name among the path-breakers of the history of late mediaeval Indian history. He was one of those energetic and inquisitive colonial administrators, who not only ruled the British empire but were also busy discovering and describing the circumstances in which the foundation of that empire was laid. Keene started his judicial career under the East India Company and later served the British-Indian government, mostly in the then North-Western Province, now known as U.P. He was well-known for his knowledge of both Persian and Urdu, and made his mark as the author of The Moghul Empire from the Death of Aurungjeb, published in 1867. In recognition of his scholastic contribution he was elected a fellow of Calcutta University, whose jurisdiction extended across entire northern India, before the establishment of the Universities of Punjab and Allahabad. The present book, published nine years later in 1876, is some sort of a revised and updated follow-up of the earlier work, and covers the period, from the Third Battle of Panipat to the Second Anglo-Maratha War, obviously with North India at the centre of the focus. These forty years saw the virtual disappearance of the shadowy authority of the Moghul Badshah, the failure of the Marathas and any other power to fill in the void, and the ultimate emergence of the English East India Company as the undisputed master of Hindustan. So, although in the words of Keene himself it is essentially a history of a period of anarchy, it also for the first time, gives a dependable connected account of these tumultuous years pregnant with significant developments. However, being a pioneer work in this field, mostly based on available Persian sources and local traditions, it may be rather out-dated from the point of view of a modern scholar of this period. However, just as no river engineer can afford to ignore the source similarly those fortunate to have before them the researches done in the last over a century cannot afford to ignore the giants who had shown their predecessors their way. It is one of those timeless treasures, which shines brighter with passing years.</span><br></p>',6,'bookActive','',0,0,'1998-09-01'),(146,'Indian speeches ',0,94,107,18,'media/epubs/118.epub','media/bookimages/118.jpg',10,'3 days,7 days,14 days,21 days,1 month,1.5 months,2 months,3 months','English','<p><span style=\"color: rgb(51, 51, 51); font-family: Arial, sans-serif;\">This collection of literature attempts to compile many of the classic works that have stood the test of time and offer them at a reduced, affordable price, in an attractive volume so that everyone can enjoy them.</span><br></p>',6,'bookActive','',0,0,'2004-02-01'),(147,'A Forgotten Empire (Vijayanagar): A Contribution to the History of India ',0,369,108,18,'media/epubs/119.epub','media/bookimages/119.jpg',10,'3 days,7 days,14 days,21 days,1 month,1.5 months,2 months,3 months','English','<div id=\"descriptionAndDetails\" class=\"a-section a-spacing-extra-large\" style=\"margin-bottom: 22px; color: rgb(17, 17, 17); font-family: &quot;Amazon Ember&quot;, Arial, sans-serif; font-size: 13px;\"><div id=\"productDescription_feature_div\" class=\"feature\" data-feature-name=\"productDescription\" data-cel-widget=\"productDescription_feature_div\"><div id=\"productDescription_feature_div\" data-feature-name=\"productDescription\" data-template-name=\"productDescription\" class=\"a-row feature\" data-cel-widget=\"productDescription_feature_div\" style=\"width: 1313px;\"><div id=\"productDescription\" class=\"a-section a-spacing-small\" style=\"margin: 0.5em 0px 0em 25px; color: rgb(51, 51, 51); overflow-wrap: break-word; font-size: small; line-height: initial;\"><p style=\"padding: 0px; margin-top: 0em; margin-bottom: 1em; margin-left: 1em;\">The two Portuguese chronicles, a translation of which into English is now for the first time offered to the public, are contained in a vellum-bound folio volume in the Bibliotheque Nationale in Paris, among the manuscripts of which institution it bears the designation \"Port. No. 65.\" The volume in question consists of copies of four original documents; the first tow, written by Fernaao Nuniz and (at the end of the MD.) letters from China about the translation by Mr. Donald Ferguson in the pages of the Indian Antiquary</p></div></div></div></div>',6,'bookActive','',0,0,'2002-07-01'),(148,'The Case for India',0,369,109,18,'media/epubs/120.epub','media/bookimages/120.jpeg',10,'3 days,7 days,14 days,21 days,1 month,1.5 months,2 months,3 months','English','<p><span style=\"color: rgb(51, 51, 51); font-family: Arial, sans-serif;\">Excerpt from The Case for India: The Presidential Address Delivered by Annie Besant at the Thirty-Second Indian National Congress, Held at Calcutta, 26th December, 1917</span></p><p style=\"margin-bottom: 14px; padding: 0px; color: rgb(51, 51, 51); font-family: Arial, sans-serif;\">The short service system recently introduced into the British Army has increased the cost and has materially reduced the efficiency of the British troops in India. We cannot resist the feeling that, in the introduction of this system, the interest of the Indian tax-payer was entirely left out of consideration.</p><p style=\"margin-top: -4px; margin-bottom: 14px; padding: 0px; color: rgb(51, 51, 51); font-family: Arial, sans-serif;\">The remark was certainly justified, for the short service system gave India only five years of the recruits she paid heavily for and trained, all the rest of the benefit going to England. The latter was enabled, as the years went on, to enormously increase her Reserves, so that she has had men trained in and at the cost of, India.</p><p style=\"margin-top: -4px; margin-bottom: 14px; padding: 0px; color: rgb(51, 51, 51); font-family: Arial, sans-serif;\">In 186 3 the Indian army consisted of men, with white officers. Great changes were made in 1 885-1905, including the reorganization under Lord Kitchener, who became Commander-in-Chief at the end of 1902. Even in this hasty review, I must not omit reference to the fact that Army Stores were drawn from Britain at enormous cost, while they should have been chiey manufactured here so that India might have profited by the expenditure. Lately, under the necessities of War, factories have been turned to the production of munitions; but this should have been done long ago so that India might have been enriched instead of exploited. The War has forced an investigation into her mineral resources that might have been made for her own sake, but Germany was allowed to monopolize the supply of minerals that India could have produced and worked up and would have produced and worked up had she enjoyed Home Rule. India would have been richer, and the Empire safer, had she been a partner instead of a possession. But this side of the question will come under the matters directly affecting merchants, and we may venture to express a hope that the Government help extended to munition factories in time of War may be continued to industrial factories In the time of Peace. The net result of the various causes above-mentioned was that the expense of the Indian army rose by leaps and bounds, until, before the War, India was expending 75 as against the f: expended by the United Kingdom, while the wealthy Dominions of Canada and Australia were spending only 1 - 5 and 121, millions respectively. (i am not forgetting that the United Kingdom was expending over on her Navy, while India was free of that burden, save for a contribution of half a million.)</p>',6,'bookActive','',0,0,'2004-07-05'),(149,'India, Old and New ',0,326,110,18,'media/epubs/121.epub','media/bookimages/121.jpeg',10,'3 days,7 days,14 days,21 days,1 month,1.5 months,2 months,3 months','English','<p><span style=\"color: rgb(51, 51, 51); font-family: Arial, sans-serif;\">On February 9, 1921, three hundred and twenty-one years after Queen Elizabeth granted to her trusty \"Merchant-venturers\" of London the charter out of which the East India Company and the British Empire of India were to grow up, His Royal Highness the Duke of Connaught inaugurated at Delhi, in the King-Emperor\'s name, the new representative institutions that are to lead India onward towards complete self-government as an equal partner in the British Commonwealth of Nations.</span><br></p>',7,'bookActive','',0,0,'2005-04-08'),(150,'Indian Unrest ',0,294,110,18,'media/epubs/122.epub','media/bookimages/122.jpg',10,'3 days,7 days,14 days,21 days,1 month,1.5 months,2 months,3 months','English','<p><span style=\"color: rgb(51, 51, 51); font-family: Arial, sans-serif;\">This book has been considered by academicians and scholars of great significance and value to literature. This forms a part of the knowledge base for future generations. We haven\'t used any OCR or photocopy to produce this book. The whole book has been typeset again to produce it without any errors or poor pictures and errant marks.</span><br></p>',7,'bookActive','',0,0,'2005-08-05'),(151,'With Clive in India; Or, The Beginnings of an Empire ',0,280,111,18,'media/epubs/123.epub','media/bookimages/123.jpeg',10,'3 days,7 days,14 days,21 days,1 month,1.5 months,2 months,3 months','English','<p><br></p><p><span style=\"color: rgb(33, 33, 33); font-family: Roboto, Arial, sans-serif;\">A thrilling adventure story that has enthralled thousands of readers for generations.</span><br style=\"margin: 0px; padding: 0px; color: rgb(33, 33, 33); font-family: Roboto, Arial, sans-serif;\"><br style=\"margin: 0px; padding: 0px; color: rgb(33, 33, 33); font-family: Roboto, Arial, sans-serif;\"><span style=\"color: rgb(33, 33, 33); font-family: Roboto, Arial, sans-serif;\">After his father\'s death, Charlie Marryat, along with his friend Peters, joins the East India Company as a clerk and travels to Madras, India. There, they meet Robert Clive, an ambitious young man who had successfully quelled many a mutiny and gone from being a clerk to an able military leader. Bored of their mundane work, Charlie and Peters decide to enlist under Clive as private soldiers in the fight against the Dutch and the French. Their lives take a complete turn as they participate in several exciting battles and form lasting bonds with their fellow soldiers. But does Clive manage to defeat the determined French? And how does Charlie deal with the various dangers in India, including pirates, tigers and the Black Hole of Calcutta, not to mention the epic Battle of Plassey?</span><br></p>',7,'bookActive','',0,0,'2006-07-15'),(152,'Third class in Indian railways',0,58,112,18,'media/epubs/124.epub','media/bookimages/124.jpeg',10,'3 days,7 days,14 days,21 days,1 month,1.5 months,2 months,3 months','English','<p><span style=\"color: rgb(51, 51, 51); font-family: Arial, sans-serif;\">Before he returned to his native India from South Africa, where he had been working as a lawyer, Mahatma Gandhi-now known as MOHANDAS KARAMCHAND GANDHI (1869-1948), the spiritual leader of the movement for Indian independence and a passionate proponent of civil disobedience as a force for social change-was ejected from the first class cabin of a train, even though he held a valid first class ticket, and was forced to travel in the squalid third class cars. In 1917, after he returned home, Gandhi produced this extraordinary look at the plight of the poor in India, as prismed through the experience of a rail journey from Mumbai to Madras. From the filthy, overcrowded conditions in third class to his philosophical musings on the cures for what ailed the downtrodden of that nation, this brief, vital work offers a remarkable insight into the thinking of one of the 20th century\'s greatest heroes, and essential background for the acts that made him so powerful and so beloved.</span><br></p>',7,'bookActive','',0,0,'2008-01-31'),(154,'Hindustani Lyrics',0,65,113,18,'media/epubs/126.epub','media/bookimages/126.jpg',17,'3 days,7 days,14 days,21 days,1 month,1.5 months,2 months,3 months','English','<p><span style=\"color: rgb(51, 51, 51); font-family: Arial, sans-serif;\">The English version of the poetry Sufi: Hazrat Inayat Khan reflects his deep love for these outpouring of the heart and his affection for his peers on the Path. The English rendering is typical of the outgoing Victorian Age. But even today its devotional nature and blossoming description seem to be apt to the rich flowering of the Urdu original.</span><br></p>',7,'bookActive','',0,0,'2006-02-07'),(155,'The Poison Tree: A Tale of Hindu Life in Bengal',0,68,114,18,'media/epubs/127.epub','media/bookimages/127.jpg',10,'3 days,7 days,14 days,21 days,1 month,1.5 months,2 months,3 months','English','<p><span style=\"color: rgb(51, 51, 51); font-family: Arial, sans-serif;\">This collection of literature attempts to compile many of the classic works that have stood the test of time and offer them at a reduced, affordable price, in an attractive volume so that everyone can enjoy them</span><br></p>',8,'bookActive','',0,0,'2006-01-04'),(156,'Tales from the Hindu Dramatists',0,76,115,18,'media/epubs/128.epub','media/bookimages/128.jpg',10,'3 days,7 days,14 days,21 days,1 month,1.5 months,2 months,3 months','English','<p><span style=\"color: rgb(51, 51, 51); font-family: Arial, sans-serif;\">In ancient days, there was a mighty king of the Lunar dynasty by name Dushyanta. He was the king of Hastinapur. He once goes out a-hunting and in the pursuit of a deer comes near the hermitage of the sage Kanwa, the chief of the hermits, where some anchorites request him not to kill the deer. The king feels thirsty and was seeking water when he saw certain maidens of the hermits watering the favorite plants. One of them, an exquisitely beautiful and bashful maiden, named Sakuntala, received him.</span><br></p>',6,'bookActive','',0,0,'2006-04-29'),(157,'Sakoontala; Or, The Lost Ring: An Indian Drama ',0,226,116,18,'media/epubs/129.epub','media/bookimages/129.jpg',10,'3 days,7 days,14 days,21 days,1 month,1.5 months,2 months,3 months','English','<p><span style=\"color: rgb(51, 51, 51); font-family: Arial, sans-serif;\">Sakoontala or the Lost Ring An Indian Drama by Kalidasa INTRODUCTION About a century has elapsed since the great English Orientalist, Sir William Jones, astonished the learned world by the discovery of a Sanskrit Dramatic Literature. He has himself given us the history of this discovery. It appears that, on his arrival in Bengal, he was very solicitous to procure access to certain books called Ntaks, of which he had read in one of the \'Lettres difiantes et Curieuses\' written by the Jesuit Missionaries of China. But, although he sought information by consulting both Brhmans and Europeans, he was wholly unable for some time to satisfy his curiosity as to the nature of these books. It was reported to him that they were not histories, as he had hoped, but that they abounded with fables, and consisted of conversations in prose and verse held before ancient Rjs, in their public assemblies. Others, again, asserted that they were discourses on dancing, music, and poetry. At length, a sensible Brhman, conversant with European manners, removed all his doubts, and gave him no less delight than surprise, by telling him that the English nation had compositions of the same sort, which were publicly represented at Calcutta in the cold season, and bore the name of \'plays.\' The same Brhman, when asked which of these Ntaks was most universally esteemed, answered without hesitation, \'[S\']akoontal.\' We are delighted to publish this classic book as part of our extensive Classic Library collection. Many of the books in our collection have been out of print for decades, and therefore have not been accessible to the general public. The aim of our publishing program is to facilitate rapid access to this vast reservoir of literature, and our view is that this is a significant literary work, which deserves to be brought back into print after many decades. The contents of the vast majority of titles in the Classic Library have been scanned from the original works. To ensure a high quality product, each title has been meticulously hand curated by our staff. Our philosophy has been guided by a desire to provide the reader with a book that is as close as possible to ownership of the original work. We hope that you will enjoy this wonderful classic work, and that for you it becomes an enriching experience.</span><br></p>',7,'bookActive','',0,0,'2004-04-01'),(158,'Nala and Damayanti and Other Poems ',0,168,117,18,'media/epubs/130.epub','media/bookimages/130.jpg',17,'3 days,7 days,14 days,21 days,1 month,1.5 months,2 months,3 months','English','<p><span style=\"color: rgb(51, 51, 51); font-family: Arial, sans-serif;\">This is a pre-1923 historical reproduction that was curated for quality. Quality assurance was conducted on each of these books in an attempt to remove books with imperfections introduced by the digitization process. Though we have made best efforts - the books may have occasional errors that do not impede the reading experience. We believe this work is culturally important and have elected to bring the book back into print as part of our continuing commitment to the preservation of printed works worldwide.</span><br></p>',6,'bookActive','',0,0,'2006-10-12'),(159,'The Influence of India and Persia on the Poetry of Germany ',0,100,118,18,'media/epubs/131.epub','media/bookimages/131.jpeg',10,'3 days,7 days,14 days,21 days,1 month,1.5 months,2 months,3 months','English','<p><span style=\"color: rgb(51, 51, 51); font-family: Arial, sans-serif; font-size: 13px;\">Originally published in 1901, PREFACE: The Oriental movement which manifested itself so strikingly in German literature during the nineteenth century is familiar to every student of that literature. Although the general nature of this movement is pretty clearly understood, no systematic investigation of it, so far as I know, has ever been undertaken. In the following pages an attempt is made to trace the influence which the Indo-Iranian East - the Semitic part is not considered - exerted on German Poetry. The work does not claim to be exhaustive in the sense that it gives a list of all the poets that ever came under that influence.It is hoped that the material presented in the case of each poet is sufficient to give a clear idea of the extent to which he was subject to Oriental influence, as well as of the part that he took in the movement under discussion. Many of the earliest books, particularly those dating back to the 1900\'s and before, are now extremely scarce and increasingly exp</span><br></p>',6,'bookActive','',0,0,'2006-03-05'),(160,'The Little Clay Cart ',0,220,119,18,'media/epubs/132.epub','media/bookimages/132.jpg',10,'3 days,7 days,14 days,21 days,1 month,1.5 months,2 months,3 months','English','<p><i style=\"color: rgb(51, 51, 51); font-family: Arial, sans-serif;\">The Little Clay Cart or Mrcchakatika</i><span style=\"color: rgb(51, 51, 51); font-family: Arial, sans-serif;\">&nbsp;is a Sanskrit drama generally attributed to Hindu playwright Sudraka. This version is the republication of Harvard professor Arthur William Ryder\'s English translation of the work.</span></p><p style=\"margin-bottom: 14px; padding: 0px; color: rgb(51, 51, 51); font-family: Arial, sans-serif;\">In his introduction, translator and scholar Arthur Ryder remarks on the importance of interpreting this work and other Sanskrit dramas. Ryder believed that through art one is able to gain a great understanding of other cultures, and thus this edition, first released at a time when a great conflict existed between the East and the West, served as a way for the Western world to learn more about those living on other parts of the globe.</p><p style=\"margin-top: -4px; margin-bottom: 14px; padding: 0px; color: rgb(51, 51, 51); font-family: Arial, sans-serif;\"><i>The Little Clay Cart</i>&nbsp;is the story of Charudatta, a young and poor Brahmin, who falls in love with and pursues the beautiful Vasantasena. Challenges arise in the courtship, particularly in the form of the wicked Samsthanaka, who emerges as another suitor for Vasantasena\'s hand in marriage.&nbsp;<i>Mrcchakatika</i>is a classic love story, and one that plays out over the course of ten acts. The drama is unique in the collection of Sanskrit dramas, in that it is entirely a work of fiction and not a story based on an older legend.</p><p style=\"margin-top: -4px; margin-bottom: 14px; padding: 0px; color: rgb(51, 51, 51); font-family: Arial, sans-serif;\">As a story,&nbsp;<i>The Little Clay Cart</i>&nbsp;is an enjoyable read. The translation of Ryder is excellent, and the English scholar often captures the beautiful prose of the original. Reading this text, it is of little surprise that this is one of the most widely performed of the Sanskrit dramas in the Western world.</p><p style=\"margin-top: -4px; margin-bottom: 14px; padding: 0px; color: rgb(51, 51, 51); font-family: Arial, sans-serif;\"><i>The Little Clay Cart</i>&nbsp;is one of the most notable Sanskrit dramas ever written, and perhaps the most appealing to a Western audience. Whether you are familiar with the work or not, this book is worthy of your attention, either as an introduction to Sanskrit fiction or simply as an enjoyable story.</p>',6,'bookActive','',0,0,'2007-04-10'),(161,'The Golden Threshold ',0,60,120,18,'media/epubs/133.epub','media/bookimages/133.jpeg',17,'3 days,7 days,14 days,21 days,1 month,1.5 months,2 months,3 months','English','<p><span style=\"color: rgb(51, 51, 51); font-family: Arial, sans-serif;\">A collection of poems by Sarojini Naidu (1879-1949) was known as Bharatiya Kokila (The Nightingale of India) and was a child prodigy, freedom fighter, and poet. Naidu was the first Indian woman to become the President of the Indian National Congress and the first woman to become the governor of a state in India. She is also well acclaimed for her contribution to poetry. Her poetry had beautiful words that could also be sung. Her collection of poems was published in 1905 under the title The Golden Threshold.</span><br></p>',7,'bookActive','',0,0,'1996-10-01'),(162,'Natural History of the Mammalia of India and Ceylon ',0,590,121,18,'media/epubs/134.epub','media/bookimages/134.jpeg',10,'3 days,7 days,14 days,21 days,1 month,1.5 months,2 months,3 months','English','<p><span style=\"color: rgb(51, 51, 51); font-family: Arial, sans-serif; font-size: 13px;\">But altogether the old George Inn is somewhat disappointing. Its balustraded galleries are there sure enough, with the queer old staircase leading up to them in one of the corners; but it has the same burnished-up appearance of the courtyard of the Leicester Hospital at Warwick. How much more pleasing both would strike the eye were there less paint and varnish. The Inn has been refronted, and from the street has quite a modern appearance. Huntingdon recalls the sterner name of Cromwell. Strange that this county, so proud of the Lord Protector (for has it not recently set up a gorgeous statue at St. Ives to his memory?), should still harbor red-hot Jacobites! According to The Legitimist Calendar, mysterious but harmless meetings are still held hereabouts on Oak Apple Day: a day elsewhere all but forgotten. Huntingdon was the headquarters of the Royalist army certainly upon many occasions, and when evil days fell upon the \"Martyr King,\" some of his staunchest friends were here secretly working for his welfare.[1] When Charles passed through the town in 1644, the mayor, loyal to the back-bone, had prepared a speech to outrival the flowery welcome of his fellow-magistrates: \"Although Rome\'s Hens,\" he said, \"should daily hatch of its preposterous eggs, chrocodilicall chickens, yet.</span><br></p>',6,'bookActive','',0,0,'2006-10-16'),(163,'A Bird Calendar for Northern India ',0,84,122,18,'media/epubs/135.epub','media/bookimages/135.jpg',10,'3 days,7 days,14 days,21 days,1 month,1.5 months,2 months,3 months','English','<p><span style=\"color: rgb(51, 51, 51); font-family: Arial, sans-serif; font-size: 13px;\">\"Take nine-and-twenty sunny, bracing English May days, steal from March as many still, starry nights, to these add two rainy mornings and evenings, and the product will resemble a typical Indian January. This is the coolest month in the year, a month when the climate is invigorating and the sunshine temperate. But even in January, the sun\'s rays have sufficient power to cause the thermometer to register 70 in the shade at noon, save on an occasional cloudy day.[...]\".</span><br></p>',6,'bookActive','',0,0,'2006-04-23'),(164,'Birds of the Indian Hills',0,144,122,18,'media/epubs/136.epub','media/bookimages/136.jpg',10,'3 days,7 days,14 days,21 days,1 month,1.5 months,2 months,3 months','English','<p><span style=\"color: rgb(51, 51, 51); font-family: Arial, sans-serif; font-size: 13px;\">Douglas Dewar (1875-1957) was a barrister, British civil servant in India and an ornithologist. He wrote widely in newspapers such as The Madras Mail, Pioneer, Times of India and periodicals such as the Civil and Military Gazette and Bird Notes. He was a creationist and in 1957 he wrote The Transformist Illusion in which he attempted to show the failure of evolution using examples such as the probability of proteins arising out of random mixing and blood group incompatibilities, many of the objections that were pointed out as incorrect by reviewers. His works include Birds of the Indian Hills (1915) and A Bird Calendar for Northern India (1916).</span><br></p>',7,'bookActive','',0,0,'2007-12-06'),(165,'A Handbook of Some South Indian Grasses',0,334,123,18,'media/epubs/137.epub','media/bookimages/137.jpg',10,'3 days,7 days,14 days,21 days,1 month,1.5 months,2 months,3 months','English','',6,'bookActive','',0,0,'2007-12-20'),(166,'Prester John by John Buchan',0,203,124,18,'media/epubs/138.epub','media/bookimages/138.jpg',10,'3 days,7 days,14 days,21 days,1 month,1.5 months,2 months,3 months','English','<p><span style=\"color: rgb(51, 51, 51); font-family: Arial, sans-serif;\">I mind as if it were yesterday my first sight of the man. Little I knew at the time how big the moment was with destiny, or how often that face seen in the fitful moonlight would haunt my sleep and disturb my waking hours. But I mind yet the cold grue of terror I got from it, a terror which was surely more than the due of a few truant lads breaking the Sabbath with their play. The town of Kirkcaple, of which and its adjacent parish of Portincross my father was the minister, lies on a hillside above the little bay of Caple, and looks squarely out on the North Sea. Round the horns of land which enclose the bay the coast shows on either side a battlement of stark red cliffs through which a burn or two makes a pass to the water\'s edge. The bay itself is ringed with fine clean sands, where we lads of the burgh school loved to bathe in the warm weather. But on long holidays the sport was to go farther afield among the cliffs; for there there were many deep caves and pools, where podleys might be caught with the line, and hid treasures sought for at the expense of the skin of the knees and the buttons of the trousers. Many a long Saturday I have passed in a crinkle of the cliffs, having lit a fire of driftwood, and made believe that I was a smuggler or a Jacobite new landed from France. There was a band of us in Kirkcaple, lads of my own age, including Archie Leslie, the son of my father\'s session-clerk, and Tam Dyke, the provost\'s nephew. We were sealed to silence by the blood oath, and we bore each the name of some historic pirate or sailorman. I was Paul Jones, Tam was Captain Kidd, and Archie, need I say it, was Morgan himself. Our tryst was a cave where a little water called the Dyve Burn had cut its way through the cliffs to the sea. There we forgathered in the summer evenings and of a Saturday afternoon in winter, and told mighty tales of our prowess and flattered our silly hearts. But the sober truth is that our deeds were of the humblest, and a dozen of fish or a handful of apples was all our booty, and our greatest exploit a fight with the roughs at the Dyve tan-work. My father\'s spring Communion fell on the last Sabbath of April, and on the particular Sabbath of which I speak the weather was mild and bright for the time of year. I had been surfeited with the Thursday\'s and Saturday\'s services, and the two long diets of worship on the Sabbath were hard for a lad of twelve to bear with the spring in his bones and the sun slanting through the gallery window. There still remained the service on the Sabbath eveninga doleful prospect, for the Rev. Mr Murdoch of Kilchristie, noted for the length of his discourses, had exchanged pulpits with my father. So my mind was ripe for the proposal of Archie Leslie, on our way home to tea, that by a little skill we might give the kirk the slip. At our Communion the pews were emptied of their regular occupants and the congregation seated itself as it pleased. The manse seat was full of the Kirkcaple relations of Mr Murdoch, who had been invited there by my mother to hear him, and it was not hard to obtain permission to sit with Archie and Tam Dyke in the cock-loft in the gallery. Word was sent to Tam, and so it happened that three abandoned lads duly passed the plate and took their seats in the cock-loft. But when the bell had done jowing, and we heard by the sounds of their feet that the elders had gone in to the kirk, we slipped down the stairs and out of the side door. We were through the churchyard in a twinkling, and hot-foot on the road to the Dyve Burn. It was the fashion of the genteel in Kirkcaple to put their boys into what were known as Eton suitslong trousers, cut-away jackets, and chimney-pot hats. I had been one of the earliest victims, and well I remember how I fled home from the Sabbath school with the snowballs of the town roughs rattling off my chimney-pot. Archie had followed, his family being in all things imitators of mine.</span><br></p>',6,'bookActive','',0,0,'1996-08-01'),(167,'The Thirty-Nine Steps ',0,192,124,18,'media/epubs/139.epub','media/bookimages/139.jpg',10,'3 days,7 days,14 days,21 days,1 month,1.5 months,2 months,3 months','English','<p><span style=\"color: rgb(51, 51, 51); font-family: Arial, sans-serif;\">One of the most exciting \'chase thrillers\' ever published, and a huge influence not only on spy fiction but on Hollywood as well, The 39 Steps is a book which has captured the imagination of audiences for decades. It was written by acclaimed Scottish author John Buchan, who inspired the writing of other great British novelists, including Graham Greene, Ian Fleming and John le Carr. The 39 Steps remains his most famous work. It is the first of five novels featuring Richard Hannay, an all-action hero with a steely determination and an extraordinary knack for getting himself out of sticky situations. The novel charts the electrifying story of an ordinary man caught up in a sinister international plot. Re-packaged as a striking hardback, it is an edition to be cherished by any fan of the book, or anyone just discovering Buchan\'s work.</span><br></p>',7,'bookActive','',0,0,'1996-06-10'),(168,'Greenmantle ',0,206,124,18,'media/epubs/140.epub','media/bookimages/140.jpg',10,'3 days,7 days,14 days,21 days,1 month,1.5 months,2 months,3 months','English','<p><span style=\"color: rgb(51, 51, 51); font-family: Arial, sans-serif;\">Richard Hannay undertakes a perilous mission to pursue the elusive \"Greenmantle\". His success or failure could change the outcome of World War I. The author also wrote \"The Thirty-Nine Steps\", \"Mr Standfast\", \"The Three Hostages\" and \"The Island of Sheep\"</span><br></p>',7,'bookActive','',0,0,'1996-01-01'),(169,'Mr. Standfast ',0,270,124,18,'media/epubs/141.epub','media/bookimages/141.jpg',10,'3 days,7 days,14 days,21 days,1 month,1.5 months,2 months,3 months','English','<p><span style=\"color: rgb(51, 51, 51); font-family: Arial, sans-serif;\">Set in the later years of World War I, Brigadier-General Hannay is recalled from active service on the Western Front to undertake a secret mission hunting for a dangerous German agent at large in Britain. He is forced to work undercover disguised as a pacifist, roaming the country incognito to investigate the deadly spy and his agents.</span><br></p>',7,'bookActive','',0,0,'1996-01-01'),(171,'Tarzan of the Apes ',0,224,128,18,'media/epubs/145.epub','media/bookimages/145.jpg',10,'3 days,7 days,14 days,21 days,1 month,1.5 months,2 months,3 months','English','<p><span style=\"color: rgb(51, 51, 51); font-family: Arial, sans-serif;\">Having failed in a number of occupations as a young man, Edgar Rice Burroughs (18751950) found his niche as a writer with&nbsp;</span><i style=\"color: rgb(51, 51, 51); font-family: Arial, sans-serif;\">Tarzan of the Apes</i><span style=\"color: rgb(51, 51, 51); font-family: Arial, sans-serif;\">, first published in 1914. Highly imaginative, exotic and suspenseful, the story tells of an infant  the son of an aristocratic English couple  abandoned when his parents die in the jungles of Africa. Rescued and reared by apes, he learns to speak their language and imitate their ability to travel swiftly through the treetops.</span><br style=\"color: rgb(51, 51, 51); font-family: Arial, sans-serif;\"><span style=\"color: rgb(51, 51, 51); font-family: Arial, sans-serif;\">Eventually, his courage, immense strength and exceptional intelligence earn him the respect and admiration not only of the apes but of all the creatures of the jungle. The ape-man\'s story is told here in this classic, fast-paced novel, packed with riveting adventures as Tarzan avenges the killing of Kala, his ape-mother, subdues man-eating beasts of the jungle, meets and falls in love with the beautiful Jane Porter, vanquishes greedy pirate-adventurers, and deals with assorted other threats.</span><br style=\"color: rgb(51, 51, 51); font-family: Arial, sans-serif;\"><span style=\"color: rgb(51, 51, 51); font-family: Arial, sans-serif;\">Although Burroughs followed this story with many Tarzan sequels, it is doubtful if any ever equaled this novel for its originality, readability and sheer storytelling power. In this inexpensive edition, complete and unabridged, it will thrill a new generation with the legendary exploits of the \"Lord of the Apes.\"</span><br></p>',8,'bookActive','',0,0,'1993-08-01'),(172,'Tarzan the Terrible',0,164,128,18,'media/epubs/146.epub','media/bookimages/146.jpg',10,'3 days,7 days,14 days,21 days,1 month,1.5 months,2 months,3 months','English','<p><span style=\"color: rgb(51, 51, 51); font-family: Arial, sans-serif;\">In the previous novel, during the early days of World War I, Tarzan discovered that his wife Jane was not killed in a fire set by German troops, but was in fact alive. In this novel, two months have gone by and Tarzan is continuing to search for Jane. He has tracked her to a hidden valley called Pal-ul-don, which means \"Land of Men.\" In Pal-ul-don Tarzan finds a real Jurassic Park filled with dinosaurs, notably the savage Triceratops-like Gryfs, which unlike their prehistoric counterparts are predatory. The lost valley is also home to two different races of tailed human-looking creatures, the Ho-don (hairless and white skinned) and the Waz-don (hairy and black-skinned). Tarzan befriends Ta-den, a Ho-don warrior, and Om-at, the Waz-don chief of the tribe of Kor-ul-a. In this new world, he becomes a captive but so impresses his captors with his accomplishments and skills that they name him Tarzan-Jad-Guru (Tarzan the Terrible), which is the name of the novel.</span><br></p>',7,'bookActive','',0,0,'2000-01-01'),(173,'Tarzan the Untamed ',0,206,128,18,'media/epubs/147.epub','media/bookimages/147.jpg',10,'3 days,7 days,14 days,21 days,1 month,1.5 months,2 months,3 months','English','<p><span style=\"color: rgb(51, 51, 51); font-family: Arial, sans-serif;\">The seventh book of the adventures of Tarzan.</span></p><p style=\"margin-bottom: 0px; padding: 0px; color: rgb(51, 51, 51); font-family: Arial, sans-serif;\">Tarzan faced his worst attack--an attack against his wife and child. With the speed of the great apes, Tarzan rushed through the jungle toward his home and family--only to find that the marauders had been there before him. His farm was in shambles and no one was left alive. Of his beloved wife, there was only a charred, blackened corpse, still wearing the rings he had given her. Silently, he buried the body and swore his terrible vengeance against those who had done this terrible deed. Then he set out grimly to track them...through warring armies...across a vast desert that no man had ever crossed...and to a strange valley where only madmen lived.</p>',7,'bookActive','',0,0,'1998-07-01'),(174,'The Son of Tarzan',0,101,128,18,'media/epubs/148.jpg','media/bookimages/148.epub',10,'3 days,7 days,14 days,21 days,1 month,1.5 months,2 months,3 months','English','<p><b style=\"color: rgb(51, 51, 51); font-family: Arial, sans-serif;\">The Son of Tarzan By Edgar Rice Burroughs</b><br style=\"color: rgb(51, 51, 51); font-family: Arial, sans-serif;\"><span style=\"color: rgb(51, 51, 51); font-family: Arial, sans-serif;\">The Son Of Tarzan N#4 Alexis Paulvitch, a henchman of Tarzan\'s now-deceased enemy, Nikolas Rokoff, survived his encounter with the ape-man in The Beasts of Tarzan and wants to even the score. He lures Jack, Tarzan\'s son, away from London and into his clutches, but the youngster escapes with the help of the ape named Akut. The pair then flees into the deep African jungle where two decades earlier Tarzan himself had been raised. Jack Clayton, now on his own, becomes known as Korak the Killer and builds a reputation for himself in the jungle. Like his father before him, he finds his own place among the great apes, and also like his father, meets and rescues a beautiful young woman, Meriem, the daughter of a Captain in the French Foreign Legion, who was also a Prince (Prince de Cadrenet), named Armand Jacot. Arguably, the book is as much about Meriem, wife of Korak, as it is about Tarzan\'s son.</span><br></p>',7,'bookActive','',0,0,'1993-11-01'),(176,'Tarzan and the Jewels of Opar ',0,134,128,18,'media/epubs/150.epub','media/bookimages/150.jpg',10,'3 days,7 days,14 days,21 days,1 month,1.5 months,2 months,3 months','English','<p><span style=\"color: rgb(51, 51, 51); font-family: Arial, sans-serif;\">Tarzan and The Jewels Of Opar #5 In the previous novel Tarzan and Jane\'s son, Jack Clayton, a.k.a. Korak had come into his own. In this novel, Tarzan returns to Opar, the source of the gold where a lost colony of fabled Atlantis is located, in order to make good on some financial reverses he has recently suffered. While Atlantis itself sank beneath the waves thousands of years ago, the workers of Opar continued to mine all of the gold, which means there is a rather huge stockpile but which is now lost to the memory of the Oparians and only Tarzan knows its secret location.</span><br></p>',6,'bookActive','',0,0,'1993-12-01'),(177,'Jungle Tales of Tarzan',0,152,128,18,'media/epubs/151.epub','media/bookimages/151.jpg',10,'3 days,7 days,14 days,21 days,1 month,1.5 months,2 months,3 months','English','<p><span style=\"color: rgb(51, 51, 51); font-family: Arial, sans-serif;\">Sequential Pulp and Dark Horse bring you twelve stories from twelve dynamic, diverse artists in a brand new Tarzan anthology based on Edgar Rice Burroughs\' classic pulp novel. Each vine-swinging tale takes place within chapter eleven of Tarzan of the Apes--between Tarzan\'s avenging of his ape foster mother\'s death and his ascent to leader of his ape tribe--and has been matched up with an artist whose passion for Burroughs\' work will ensure&nbsp;</span><i style=\"color: rgb(51, 51, 51); font-family: Arial, sans-serif;\">Jungle Tales of Tarzan</i><span style=\"color: rgb(51, 51, 51); font-family: Arial, sans-serif;\">&nbsp;becomes a cherished contribution to the Tarzan canon.</span><br></p>',6,'bookActive','',0,0,'1994-02-01'),(178,'The Beasts of Tarzan ',0,348,128,18,'media/epubs/152.epub','media/bookimages/152.jpeg',10,'3 days,7 days,14 days,21 days,1 month,1.5 months,2 months,3 months','English','<p><span style=\"color: rgba(26, 28, 29, 0.65); font-family: Arial, sans-serif;\">This is the third story in the&nbsp;</span><i style=\"box-sizing: inherit; color: rgba(26, 28, 29, 0.65); font-family: Arial, sans-serif;\">Tarzan</i><span style=\"color: rgba(26, 28, 29, 0.65); font-family: Arial, sans-serif;\">&nbsp;adventure series. This venture into the wild kingdom thrusts Jane into the thickest of demoniacal plots as Tarzans nemesis, the dark and swarthy Rokoff and his rat-like lieutenant capture her with the intention of wreaking vengeance on Tarzan. But Tarzan assembles an awesome rescue squad; Mugambi, a giant native from the jungle who becomes the devoted follower and protector of Tarzan; Sheeta, a sleek and powerful black panther longing to apply fang and claw to those who would harm Jane; and the entire tribe of Akut, of the great apes, enraged and eager.</span><br></p>',7,'bookActive','',0,0,'1993-10-01'),(179,'The Count of Monte Cristo',0,306,42,18,'media/epubs/153.epub','media/bookimages/153.jpg',10,'3 days,7 days,14 days,21 days,1 month,1.5 months,2 months,3 months','English','<p><span style=\"color: rgb(51, 51, 51); font-family: Arial, sans-serif;\">The Count of Monte Cristo is often considered to be, along with The Three Musketeers, Dumas\'s most popular work. He completed the work in 1844. Like many of his novels, it is expanded from the plot outlines suggested by his collaborating ghostwriter Auguste Maquet.&nbsp;</span><br style=\"color: rgb(51, 51, 51); font-family: Arial, sans-serif;\"><br style=\"color: rgb(51, 51, 51); font-family: Arial, sans-serif;\"><span style=\"color: rgb(51, 51, 51); font-family: Arial, sans-serif;\">The story takes place in France, Italy, islands in the Mediterranean and the Levant during the historical events of 18151838 (from just before the Hundred Days through to the reign of Louis-Philippe of France). The historical setting is a fundamental element of the book. An adventure story primarily concerned with themes of hope, justice, vengeance, mercy and forgiveness, it focuses on a man who is wrongfully imprisoned, escapes from jail, acquires a fortune and sets about getting revenge on those responsible for his imprisonment. However, his plans have devastating consequences for the innocent as well as the guilty.</span><br style=\"color: rgb(51, 51, 51); font-family: Arial, sans-serif;\"><br style=\"color: rgb(51, 51, 51); font-family: Arial, sans-serif;\"><span style=\"color: rgb(51, 51, 51); font-family: Arial, sans-serif;\">The book is considered a literary classic today. According to Luc Sante, \"The Count of Monte Cristo has become a fixture of Western civilization\'s literature, as inescapable and immediately identifiable as Mickey Mouse, Noah\'s flood, and the story of Little Red Riding Hood.\"</span><br style=\"color: rgb(51, 51, 51); font-family: Arial, sans-serif;\"><br style=\"color: rgb(51, 51, 51); font-family: Arial, sans-serif;\"><span style=\"color: rgb(51, 51, 51); font-family: Arial, sans-serif;\">The original work was published in serial form in the Journal des Dbats in 1844. Luc Sante describes the effect in Europe at the time as follows: The effect of the serials, which held vast audiences enthralled ... is unlike any experience of reading we are likely to have known ourselves, maybe something like that of a particularly gripping television series. Day after day, at breakfast or at work or on the street, people talked of little else.</span><br style=\"color: rgb(51, 51, 51); font-family: Arial, sans-serif;\"><br style=\"color: rgb(51, 51, 51); font-family: Arial, sans-serif;\"><br style=\"color: rgb(51, 51, 51); font-family: Arial, sans-serif;\"><span style=\"color: rgb(51, 51, 51); font-family: Arial, sans-serif;\">George Saintsbury stated that \"Monte Cristo is said to have been at its first appearance, and for some time subsequently, the most popular book in Europe. Perhaps no novel within a given number of years had so many readers and penetrated into so many different countries.\" This popularity has extended into modern times as well. The book was \"translated into virtually all modern languages and has never been out of print in most of them. There have been at least twenty-nine motion pictures based on it ... as well as several television series, and many movies [have] worked the name \'Monte Cristo\' into their titles.\" The title Monte Cristo lives on in a \"famous gold mine, a line of luxury Cuban cigars, a sandwich, and any number of bars and casinosit even lurks in the name of the street-corner hustle three-card monte.\"</span><br></p>',6,'bookActive','',0,0,'1998-01-01'),(180,'The Three Musketeers ',0,592,42,18,'media/epubs/154.epub','media/bookimages/154.jpg',1,'3 days,7 days,14 days,21 days,1 month,1.5 months,2 months,3 months','English','<p><span style=\"color: rgb(51, 51, 51); font-family: Arial, sans-serif;\">With an Introduction and Notes by Keith Wren. The University of Kent at Canterbury. One of the most celebrated and popular historical romances ever written, The Three Musketeers tells the story of the early adventures of the young Gascon gentleman, D\'Artagnan and his three friends from the regiment of the King\'s Musketeers - Athos, Porthos, and Aramis. Under the watchful eye of their patron M. de Treville, the four defend the honor of the regiment against the guards of Cardinal Richelieu, and the honor of the queen against the machinations of the Cardinal himself as the power struggles of seventeenth-century France are vividly played out in the background. But their most dangerous encounter is with the Cardinal\'s spy, Milady, one of literature\'s most memorable female villains, and Alexandre Dumas employ all his fast-paced narrative skills to bring this enthralling novel to a breathtakingly gripping and dramatic conclusion. Our edition uses the William Barrow translation first published by Bruce and Wylde (London,1846)</span><br></p>',7,'bookActive','',0,0,'1998-03-01'),(181,'Twenty Years After',0,880,42,18,'media/epubs/155.epub','media/bookimages/155.jpg',10,'3 days,7 days,14 days,21 days,1 month,1.5 months,2 months,3 months','English','<p><em style=\"color: rgb(51, 51, 51); font-family: Arial, sans-serif;\">Twenty Years After</em><span style=\"color: rgb(51, 51, 51); font-family: Arial, sans-serif;\">&nbsp;(1845), the sequel to&nbsp;</span><em style=\"color: rgb(51, 51, 51); font-family: Arial, sans-serif;\">The Three Musketeers</em><span style=\"color: rgb(51, 51, 51); font-family: Arial, sans-serif;\">, is a supreme creation of suspense and heroic adventure.&nbsp;</span><br style=\"color: rgb(51, 51, 51); font-family: Arial, sans-serif;\"><br style=\"color: rgb(51, 51, 51); font-family: Arial, sans-serif;\"><span style=\"color: rgb(51, 51, 51); font-family: Arial, sans-serif;\">Two decades have passed since the musketeers triumphed over Cardinal Richelieu and Milady. Time has weakened their resolve, and dispersed their loyalties. But treasons and strategems still cry out for justice: civil war endangers the throne of France, while in England Cromwell threatens to send Charles I to the scaffold. Dumas brings his immortal quartet out of retirement to cross swords with time, the malevolence of men, and the forces of history. But their greatest test is a titanic struggle with the son of Milady, who wears the face of Evil.&nbsp;</span><br style=\"color: rgb(51, 51, 51); font-family: Arial, sans-serif;\"><br style=\"color: rgb(51, 51, 51); font-family: Arial, sans-serif;\"><span style=\"color: rgb(51, 51, 51); font-family: Arial, sans-serif;\">In his Introduction to this edition David Coward sets both the author and his exciting tale in their historical and cultural contexts.&nbsp;</span><br style=\"color: rgb(51, 51, 51); font-family: Arial, sans-serif;\"><span style=\"color: rgb(51, 51, 51); font-family: Arial, sans-serif;\">ABOUT THE SERIES: For over 100 years Oxford World\'s Classics has made available the widest range of literature from around the globe. Each affordable volume reflects Oxford\'s commitment to scholarship, providing the most accurate text plus a wealth of other valuable features, including expert introductions by leading authorities, helpful notes to clarify the text, up-to-date bibliographies for further study, and much more.</span><br></p>',6,'bookActive','',0,0,'1998-03-01'),(182,'The Vicomte De Bragelonne',0,488,42,18,'media/epubs/156.epub','media/bookimages/156.jpg',10,'3 days,7 days,14 days,21 days,1 month,1.5 months,2 months,3 months','English','<p><span style=\"color: rgb(51, 51, 51); font-family: Arial, sans-serif;\">It is May 1660 and the fate of nations is at stake. Mazarin plots, Louis XIV is in love, and Raoul de Bragelonne, son of Athos, is intent on serving France and winning the heart of Louise de la Valliere. D\'Artagnan, meanwhile, is perplexed by a mysterious stranger, and soon he learns that his old comrades already have great projects in hand. Athos seeks the restoration of Charles II, while Aramis, with Porthos in tow, has a secret plan involving a masked prisoner and the fortification of the island of Belle-Ile. D\'Artagnan finds a thread leading him to the French court, the banks of the Tyne, the beaches of Holland, and the dunes of Brittany.</span><br style=\"color: rgb(51, 51, 51); font-family: Arial, sans-serif;\"><br style=\"color: rgb(51, 51, 51); font-family: Arial, sans-serif;\"><em style=\"color: rgb(51, 51, 51); font-family: Arial, sans-serif;\">The Vicomte de Bragelonne</em><span style=\"color: rgb(51, 51, 51); font-family: Arial, sans-serif;\">&nbsp;opens an epic adventure which continues with&nbsp;</span><em style=\"color: rgb(51, 51, 51); font-family: Arial, sans-serif;\">Louise de la Valliere</em><span style=\"color: rgb(51, 51, 51); font-family: Arial, sans-serif;\">&nbsp;and reaches its climax in&nbsp;</span><em style=\"color: rgb(51, 51, 51); font-family: Arial, sans-serif;\">The Man in the Iron Mask</em><span style=\"color: rgb(51, 51, 51); font-family: Arial, sans-serif;\">. This new edition is the only one in print and is fully annotated with an introduction that sets Dumas\'s saga in its historical and cultural context.</span><br></p>',6,'bookActive','',0,0,'2001-04-01'),(183,'Ten Years Later ',0,342,42,18,'media/epubs/157.epub','media/bookimages/157.jpg',10,'3 days,7 days,14 days,21 days,1 month,1.5 months,2 months,3 months','English','<p><span style=\"color: rgb(51, 51, 51); font-family: Arial, sans-serif;\">The third and final volume of the \'d\'Artagnon Romances\', of which \"The Three Musketeers\" and \"Twenty Years After\" constitute the first and second volumes, The Vicomte de Bragelonne was first serialized between October 1847 to January 1850. It has subsequently been published in three, four, and five-volume editions. Our edition contains four volumes: \"The Vicomte de Bragelonne\", \"Ten Years Later\", \"Louise de la Vallire\", and \"The Man in the Iron Mask\". This second volume contains chapters 76-140 of the work\'s 268 chapters, that span the period from 1660 to 1667. Beginning with Princess Henrietta\'s arrival in 1660, it chronicles the drama of the jealous, lustful and scandal-hungry members of the French court, the love triangle between Louis, Louise, and Raoul, and concludes with d\'Artagnon\'s return to Paris. Still widely popular today, Alexandre Dumas pioneered the historical fiction genre of literature, drawing influence from actual events and people, as well as characters and stories from his own imagination.</span><br></p>',7,'bookActive','',0,0,'2001-07-01'),(184,'Louise de la Valliere ',0,768,42,18,'media/epubs/158.epub','media/bookimages/158.jpg',10,'3 days,7 days,14 days,21 days,1 month,1.5 months,2 months,3 months','English','<p><em style=\"color: rgb(51, 51, 51); font-family: Arial, sans-serif;\">Louise de la Vallire</em><span style=\"color: rgb(51, 51, 51); font-family: Arial, sans-serif;\">&nbsp;is the middle section of&nbsp;</span><em style=\"color: rgb(51, 51, 51); font-family: Arial, sans-serif;\">The Vicomte de Bragelonne, or, Ten Years After</em><span style=\"color: rgb(51, 51, 51); font-family: Arial, sans-serif;\">. Against a tender love story, Dumas continues the suspense which began with&nbsp;</span><em style=\"color: rgb(51, 51, 51); font-family: Arial, sans-serif;\">The Vicomte de Bragelonne</em><span style=\"color: rgb(51, 51, 51); font-family: Arial, sans-serif;\">&nbsp;and will end with&nbsp;</span><em style=\"color: rgb(51, 51, 51); font-family: Arial, sans-serif;\">The Man in the Iron Mask</em><span style=\"color: rgb(51, 51, 51); font-family: Arial, sans-serif;\">. Set during the reign of Louis XIV and filled with behind-the-scenes intrigue, the novel brings the aging Musketeers and d\'Artagnan out of retirement to face an impending crisis within the royal court of France. This new edition of the classic English translation is richly annotated and places Dumas\'s invigorating tale in its historical and cultural context.</span><br></p>',5,'bookActive','',0,0,'2001-07-01'),(185,'The Man in the Iron Mask',0,656,42,18,'media/epubs/159.epub','media/bookimages/159.jpg',10,'3 days,7 days,14 days,21 days,1 month,1.5 months,2 months,3 months','English','<p><span style=\"color: rgb(51, 51, 51); font-family: Arial, sans-serif;\">Introduction and Notes by Keith Wren. The University of Kent at Canterbury The Man in the Iron Mask is the final episode in the cycle of novels featuring Dumas celebrated foursome of D Artagnan, Athos, Porthos, and Aramis, who first appeared in The Three Musketeers. Some thirty-five years on, the bonds of comradeship are under strain as they end up on different sides in a power struggle that may undermine the young Louis XIV and change the face of the French monarchy. In the fast-paced narrative style that was his trademark, Dumas pitches us straight into the action. What is the secret shared by Aramis and Madame de Chevreuse? Why does the Queen Mother fear its revelation? Who is the mysterious prisoner in the Bastille? And what is the nature of the threat he poses? Dumas, the master storyteller, keeps us reading until the climactic scene in the grotto of Locmaria, a fitting conclusion to the epic saga of the Musketeers.</span><br></p>',7,'bookActive','',0,0,'2001-08-01'),(186,'Moonfleet ',0,256,136,18,'media/epubs/160.epub','media/bookimages/160.jpg',10,'3 days,7 days,14 days,21 days,1 month,1.5 months,2 months,3 months','English','<p><span style=\"color: rgb(51, 51, 51); font-family: Arial, sans-serif;\">\"Moonfleet\" (1898) begins as a mystery and an adventure story, a tale of smuggling set among the cliffs, caves, and downs of Dorset. What will be the outcome of the conflict between smugglers and revenue men? And how can the hero, John Trenchard, discover the secret of Colonel John Mohune\'s treasure? As the book progresses these two interwoven themes resolve themselves into a third and richer one, with the friendship and suffering of both John Trenchard and the craggy, taciturn Elzevir Block. Falkner\'s feeling for history and for the landscape of his Dorset setting combine with his gift for storytelling to turn \"Moonfleet\" into a historical romance of moving intensity.</span><br></p>',6,'bookActive','',0,0,'2005-01-01'),(187,'The Pathless Trail ',0,344,137,18,'media/epubs/161.epub','media/bookimages/161.jpeg',10,'3 days,7 days,14 days,21 days,1 month,1.5 months,2 months,3 months','English','<p><span style=\"color: rgb(51, 51, 51); font-family: Arial, sans-serif;\">Three men stood ankle deep in mud on the shore of a jungle river, silently watching a ribbon of smoke drift and dissolve above the somber mass of trees to the northwest. Three men of widely different types they were, yet all cradled in the same far-off northern land. The tallest, lean bodied but broad shouldered, black of hair and gray of eye, held himself in soldierly fashion and gazed unmoved. His two matesone stocky, red faced and red headed; the other slender, bronzed and blondbetrayed their thoughts in their blue eyes. The red man squinted quizzically at the smoke feather as if it mattered little to him where he was. The blond watched it with the wistfulness of one who sees the last sign of his own world fade out. Behind them, at a respectful distance, a number of swarthy individuals of both sexes in nondescript garments smoked and stared at the trio with the interest always accorded strangers by the dwellers of the Out Places. They eyed the uncompromising back of the tall one, the easy lounge of the red one, the thoughtful attitude of the light one. The copper-faced men peered at the rifles hanging in the right hands of the newcomers, their knee boots, khaki clothing, and wide hats. The women let their eyes rove over the boxes and bundles reposing in the mud beside the three. \"Ingles?\" hazarded a woman, speaking through the stem of the black pipe clutched in her filed teeth. \"Notre-Americano,\" asserted a man, nodding toward the broad hats. \"Englishmen would wear the round helmets of pith.\" \"Mercadores? Traders?\" suggested the woman, hopefully running an eye again over the bundles. \"Exploradores,\" the man corrected. \"Explorers of the bush. Have you no eyes? Do you not see the guns and high boots?\" The woman subsided. The others continued what seemed to be their only occupationsmoking. The smoke streamer in the north vanished. As if moved by the same impulse, the three strangers turned their heads and looked south-westward, upriver. The red-haired man spoke. \"So we\'ve lit at last, as the feller said when him and his airyplane landed in a sewer. Faith, I dunno but he was better off than us, at thathe wasn\'t two thousand miles from nowheres like we are. The steamer\'s gone, and us three pore li\'l\' boys are left a long ways from home.\"</span><br></p>',8,'bookActive','',1,4,'2009-10-24'),(188,'King Solomon\'s Mines',0,304,138,18,'media/epubs/162.epub','media/bookimages/162.jpg',10,'3 days,7 days,14 days,21 days,1 month,1.5 months,2 months,3 months','English','<p><span style=\"color: rgb(51, 51, 51); font-family: Arial, sans-serif;\">Touted by its 1885 publisher as the most amazing story ever written,&nbsp;</span><i style=\"color: rgb(51, 51, 51); font-family: Arial, sans-serif;\">King Solomons Mines</i><span style=\"color: rgb(51, 51, 51); font-family: Arial, sans-serif;\">&nbsp;was one of the bestselling novels of the nineteenth century. H. Rider Haggards thrilling saga of elephant hunter Allan Quatermain and his search for fabled treasure is more than just an adventure story, though: As Alexandra Fuller explains in her Introduction, in its vivid portrayal of the alliances and battles of white colonials and African tribesmen,&nbsp;</span><i style=\"color: rgb(51, 51, 51); font-family: Arial, sans-serif;\">King Solomons Mines</i><span style=\"color: rgb(51, 51, 51); font-family: Arial, sans-serif;\">&nbsp;brings us the world of extremes, of the absurdly tall tales and of the illogical loyalty between disparate people that still informs this part of the world.</span><br></p>',7,'bookActive','',0,0,'2000-05-01'),(189,'Allan Quatermain ',0,273,138,18,'media/epubs/163.epub','media/bookimages/163.jpg',10,'3 days,7 days,14 days,21 days,1 month,1.5 months,2 months,3 months','English','<p><span style=\"color: rgb(51, 51, 51); font-family: Arial, sans-serif;\">Allan Quatermain is the protagonist of H. Rider Haggard\'s 1885 novel King Solomon\'s Mines and its various prequels and sequels. Allan Quatermain was also the title of a book in this sequence. H. Rider Haggard\'s Quatermain, adventure hero of King Solomon\'s Mines and sequel Allan Quatermain, was a template for the American film character Indiana Jones,</span><br></p>',6,'bookActive','',0,0,'2004-11-18'),(190,'Hunter Quatermain\'s Story ',0,26,138,18,'media/epubs/164.epub','media/bookimages/164.jpg',10,'3 days,7 days,14 days,21 days,1 month,1.5 months,2 months,3 months','English','<p><span style=\"color: rgb(51, 51, 51); font-family: Arial, sans-serif;\">An inspiration for the popular Indiana Jones series, Henry Rider Haggard\'s Allan Quatermain is one of the most beloved character to emerge from the action-adventure fiction of the nineteenth century. This early short story focuses on Allan Quatermain\'s exploits as a big game hunter in Africa, a skill that would provide much of the explorer\'s income throughout his life.</span><br></p>',8,'bookActive','',0,0,'2006-04-04'),(191,'She and Allan',0,298,138,18,'media/epubs/165.epub','media/bookimages/165.jpg',10,'3 days,7 days,14 days,21 days,1 month,1.5 months,2 months,3 months','English','<p><span style=\"color: rgb(51, 51, 51); font-family: Arial, sans-serif;\">She and Allan is a novel by H. Rider Haggard, first published in 1921. It brought together his two most popular characters, Ayesha from She, and Allan Quatermain from King Solomon\'s Mines.</span><br></p>',7,'bookActive','',0,0,'2006-04-22'),(192,'Allan and the Holy Flower',0,392,138,18,'media/epubs/166.epub','media/bookimages/166.jpg',10,'3 days,7 days,14 days,21 days,1 month,1.5 months,2 months,3 months','English','<p><span style=\"color: rgb(24, 24, 24); font-family: Merriweather, Georgia, serif;\">Brother John, who has been living in Africa for many years, gives Allan Quatermain the largest orchid he has ever seen. Later, in England, he has a meeting with Mr. Somers, an orchid collector who is prepaired to finance an expedition to search for the plant. Join Allan as he sets out to find this rare orchid ... and finds something more.</span><br></p>',6,'bookActive','',0,0,'2004-02-10'),(193,'Allan\'s Wife',0,86,138,18,'media/epubs/167.epub','media/bookimages/167.jpg',10,'3 days,7 days,14 days,21 days,1 month,1.5 months,2 months,3 months','English','<p><span style=\"color: rgb(51, 51, 51); font-family: Arial, sans-serif;\">Allan\'s Wife and Other Tales is a collection of Allan Quatermain stories by H. Rider Haggard, first published in London by Spencer Blackett in December 1889. The title story was new, with its first publication intended for the collection, but two unauthorized editions appeared earlier in New York, based on pirated galley proofs. The other three stories first appeared in an anthology and periodicals in 1885, 1887, and 1886. The significance of the collection was recognized by its republication (as Allan\'s Wife, With Hunter Quartermain\'s Story, a Tale of Three Lions, and Long Odds) by the Newcastle Publishing Company as the twenty-fourth volume of the celebrated Newcastle Forgotten Fantasy Library series in October, 1980. Contents Allan\'s Wife - the story of Quartermain\'s early life, and his marriage to childhood sweetheart, Stella, mother of his son Harry. Hunter Quatermain\'s Story A Tale of Three Lions Long Odds.... Sir Henry Rider Haggard, KBE, Kt ( 22 June 1856  14 May 1925), known as H. Rider Haggard, was an English writer of adventure novels set in exotic locations, predominantly Africa, and a pioneer of the Lost World literary genre.He was also involved in agricultural reform throughout the British Empire. His stories, situated at the lighter end of Victorian literature, continue to be popular and influential. Early years: Henry Rider Haggard, generally known as H. Rider Haggard or Rider Haggard, was born at Bradenham, Norfolk, the eighth of ten children, to Sir William Meybohm Rider Haggard, a barrister, and Ella Doveton, an author and poet. His father was born in Saint Petersburg, Russia, to British parents. Haggard was initially sent to Garsington Rectory in Oxfordshire to study under Reverend H. J. Graham, but unlike his elder brothers who graduated from various private schools, he attended Ipswich Grammar School. This was because his father, who perhaps regarded him as somebody who was not going to amount to much, could no longer afford to maintain his expensive private education. After failing his army entrance exam, he was sent to a private crammer in London to prepare for the entrance exam for the British Foreign Office, for which he never sat. During his two years in London he came into contact with people interested in the study of psychical phenomena. In 1875, Haggard\'s father sent him to what is now South Africa to take up an unpaid position as assistant to the secretary to Sir Henry Bulwer, Lieutenant-Governor of the Colony of Natal.[8] In 1876 he was transferred to the staff of Sir Theophilus Shepstone, Special Commissioner for the Transvaal. It was in this role that Haggard was present in Pretoria in April 1877 for the official announcement of the British annexation of the Boer Republic of the Transvaal. Indeed, Haggard raised the Union flag and read out much of the proclamation following the loss of voice of the official originally entrusted with the duty. South Africa, 18751882: At about that time, Haggard fell in love with Mary Elizabeth \"Lilly\" Jackson, whom he intended to marry once he obtained paid employment in Africa. In 1878 he became Registrar of the High Court in the Transvaal, and wrote to his father informing him that he intended to return to England and marry her. His father forbade it until Haggard had made a career for himself, and by 1879 Jackson had married Frank Archer, a well-to-do banker. When Haggard eventually returned to England, he married a friend of his sister, Marianna Louisa Margitson (18591943) in 1880, and the couple travelled to Africa together. They had a son named Jack (who died of measles at age 10) and three daughters, Angela, Dorothy and Lilias. Lilias Rider Haggard became an author, edited The Rabbit Skin Cap and I Walked By Night, and wrote a biography of her father entitled The Cloak That I Left (published in 1951).</span><br></p>',6,'bookActive','',0,0,'2006-03-28'),(194,'The Ancient Allan ',0,462,138,18,'media/epubs/168.jpg','media/bookimages/168.jpg',10,'3 days,7 days,14 days,21 days,1 month,1.5 months,2 months,3 months','English','<p><span style=\"color: rgb(51, 51, 51); font-family: Arial, sans-serif;\">The Ancient Allanby Henry Rider HaggardSir Henry Rider Haggard, known as H. Rider Haggard, was an English writer of adventure novels set in exotic locations, predominantly Africa, and a pioneer of the Lost World literary genre. He was also involved in agricultural reform throughout the British Empire. His stories, situated at the lighter end of Victorian literature, continue to be popular and influential.</span><br></p>',6,'bookActive','',0,0,'2005-05-01'),(195,'Finished ',0,242,138,18,'media/epubs/169.epub','media/bookimages/169.jpg',10,'3 days,7 days,14 days,21 days,1 month,1.5 months,2 months,3 months','English','<p><span id=\"freeText15355337380642356938\" style=\"color: rgb(24, 24, 24); font-family: Merriweather, Georgia, serif;\">The author writes, \"This book, although it can be read as a separate story, is the third of the trilogy of which Marie and Child of Storm are the first two parts. It narrates, through the mouth of Allan Quatermain, the consummation of the vengeance of the wizard Zikali, alias The Opener of Roads, or \'The-Thing-that-should-never-have-been-born,\' upon the royal Zulu House of which Senzangacona was the founder and Cetewayo, our enemy in the war of 1879, the last representative who ruled as a king. Although, of course, much is added for the purposes of romance, the main facts of history have been adhered to with some faithfulness.\" This publication from Boomer Books is specially designed and typeset for comfortable reading.</span><span style=\"color: rgb(24, 24, 24); font-family: Merriweather, Georgia, serif;\">&nbsp;</span><br></p>',7,'bookActive','',0,0,'2004-11-13'),(196,' The War of the Little Hand ',0,123,138,18,'media/epubs/170.epub','media/bookimages/170.jpg',10,'3 days,7 days,14 days,21 days,1 month,1.5 months,2 months,3 months','English','<p><span style=\"color: rgb(51, 51, 51); font-family: Arial, sans-serif;\">Allan Quatermain is on a hunting safari in Afica in the land of the great chief Eambe, when he meets Maiway, wife of Wambe. Maiwa implores him to help avenge her son, murdered by his jealous father to prevent him becoming a rival. The story tells of the terrivle struggle for revenge in which Quatermain then becomes involved. This thrilling tale of war and intrigue in the wilds of Africa includes superb descriptions of big game hunting and is in the best Haggard tradition of African adventure.</span><br></p>',6,'bookActive','',0,0,'2006-03-31'),(197,'Marie: An Episode in the Life of the Late Allan Quatermain ',0,156,138,18,'media/epubs/171.epub','media/bookimages/171.jpg',10,'3 days,7 days,14 days,21 days,1 month,1.5 months,2 months,3 months','English','<p><span style=\"color: rgb(51, 51, 51); font-family: Arial, sans-serif;\">The following extract explains how the manuscript of \"Marie,\" and with it some others, one of which is named \"Child of Storm,\" came into the hands of the Editor. It is from a letter, dated January 17th, 1909, and written by Mr. George Curtis, the brother of Sir Henry Curtis, Bart., who, it will be remembered, was one of the late Mr. Allan Quatermain\'s friends and companions in adventure when he discovered King Solomon\'s Mines, and who afterwards disappeared with him in Central Africa.</span><br></p>',6,'bookActive','',0,0,'1999-03-01'),(198,'Child of Storm',0,228,138,18,'media/epubs/172.epub','media/bookimages/172.jpg',10,'3 days,7 days,14 days,21 days,1 month,1.5 months,2 months,3 months','English','<p><span style=\"color: rgb(51, 51, 51); font-family: Arial, sans-serif;\">In the novel Child of Storm, H. Rider Haggard\'s most famous character, Allan Quatermain, continues to indulge his penchant for globe-trotting adventure in a tumultuous journey across Africa. Upon his arrival, he discovers that one of his closest friends has fallen head over heels in love with one of the most beautiful -- and dangerous -- women in the world, and he will stop at nothing to win this accused witch\'s affection. Will Quatermain be able to intervene before it\'s too late -- or will he succumb to the vixen\'s charms, as well?</span><br></p>',6,'bookActive','',0,0,'1999-04-01'),(199,'The Ivory Child ',0,278,138,18,'media/epubs/173.epub','media/bookimages/173.jpg',10,'3 days,7 days,14 days,21 days,1 month,1.5 months,2 months,3 months','English','<p><span style=\"color: rgb(51, 51, 51); font-family: Arial, sans-serif;\">Get set for adventure with this rip-roaring tale from action-fantasy master H. Rider Haggard. The Ivory Child sees intrepid explorer Allan Quatermain venturing into unknown territory to rescue a kidnapping victim. Along the way, he inadvertently stumbles into an array of thorny situations, including a tribal civil war. Will Quatermain triumph and make it back alive? Pick up The Ivory Child to find out.</span><br></p>',7,'bookActive','',0,0,'2006-03-31'),(202,'She ',0,336,138,18,'media/epubs/176.epub','media/bookimages/176.jpg',10,'3 days,7 days,14 days,21 days,1 month,1.5 months,2 months,3 months','English','<p><span style=\"color: rgb(51, 51, 51); font-family: Arial, sans-serif;\">I feel it incumbent upon me to explain how this wonderful and mysterious history found its way into my hands. I received a letter and two parcels- one a manuscript, the other containing a scarab and an ancient sherd - from a brief acquaintance of mine called Mr Horace Holly. Mr Holly and his ward Leo Vincey had passed through a most uncommon African adventure, a tale of a nature so marvellous that I fear the reader might disbelieve it. To me the story seems to bear the stamp of truth upon its face. But I must leave the reader to form his own judgment... And with this explanation I introduce the world to Ayesha - She-who-must-be-obeyed - and the Caves of Kr.</span><br></p>',7,'bookActive','',0,0,'2006-04-26'),(203,'Ayesha, the Return of She',0,192,138,18,'media/epubs/177.epub','media/bookimages/177.jpg',10,'3 days,7 days,14 days,21 days,1 month,1.5 months,2 months,3 months','English','<p><i style=\"color: rgb(51, 51, 51); font-family: Arial, sans-serif;\">\"I die not. I shall come again, and shall once more be beautiful. I swear itit is true!\"  SHE<br></i><span style=\"color: rgb(51, 51, 51); font-family: Arial, sans-serif;\">Ayesha\'s strange last words before her apparent death in</span><i style=\"color: rgb(51, 51, 51); font-family: Arial, sans-serif;\">&nbsp;She</i><span style=\"color: rgb(51, 51, 51); font-family: Arial, sans-serif;\">&nbsp;(Dover 0-486-20643-2), Haggard\'s famous story of adventure, suspense, and the supernatural, come true. Guided by a vision, Leo Vincey, with his companion Holly, searches and finally finds his beloved.&nbsp;</span><i style=\"color: rgb(51, 51, 51); font-family: Arial, sans-serif;\">Ayesha: The Return of \"She\"</i><span style=\"color: rgb(51, 51, 51); font-family: Arial, sans-serif;\">&nbsp;concludes this incredible and thrilling drama of mystery, reincarnation, and immortal love.&nbsp;</span><br style=\"color: rgb(51, 51, 51); font-family: Arial, sans-serif;\"><span style=\"color: rgb(51, 51, 51); font-family: Arial, sans-serif;\">The English novelist Sir Henry Rider Haggard (1856-1925) is one of the few popular writers who created their own mythological worlds. Ayesha, one of the great mythical creations of the late 19th century, continues to fascinate generations of readers. As Haggard writes, \"Who and what was Ayesha, nay</span><i style=\"color: rgb(51, 51, 51); font-family: Arial, sans-serif;\"></i><span style=\"color: rgb(51, 51, 51); font-family: Arial, sans-serif;\">what&nbsp;</span><i style=\"color: rgb(51, 51, 51); font-family: Arial, sans-serif;\">is&nbsp;</i><span style=\"color: rgb(51, 51, 51); font-family: Arial, sans-serif;\">Ayesha? An incarnate essence, a materialized spirit of Nature, the unforeseeing, the lovely, the cruel, and the immortal; ensouled alone, redeemable only by Humanity and its piteous sacrifice?\" This book, which can be read by itself, continues to explore this mystery in a tale filled with exciting trials, ordeals, and exotic adventures in Asia.&nbsp;</span><br style=\"color: rgb(51, 51, 51); font-family: Arial, sans-serif;\"><span style=\"color: rgb(51, 51, 51); font-family: Arial, sans-serif;\">Haggard creates unique and memorable characters&nbsp;</span><i style=\"color: rgb(51, 51, 51); font-family: Arial, sans-serif;\">&nbsp;</i><span style=\"color: rgb(51, 51, 51); font-family: Arial, sans-serif;\">Leo Vincey and Ludwig Horace Holly, both determined to find the object of their quest or die; the Khania Atene of Kaloon, obsessed with love for Leo, and perhaps a reincarnation of the ancient Egyptian princess, Amenartas; the Khan, her mad and insanely jealous husband, with his death-hounds; Simbri, an evil shaman, wizard, and magician; the Hesea of the House of Fire, the high priestess of a cult of Isia worshippers transplanted to Asia; and more. This edition also includes 47 bold and imaginative illustrations by the noted English illustrator and painter, Maurice Greiffenhagen (1862-1931).&nbsp;</span><br style=\"color: rgb(51, 51, 51); font-family: Arial, sans-serif;\"><span style=\"color: rgb(51, 51, 51); font-family: Arial, sans-serif;\">Haggard\'s novels have been called parables, asking \"What are science, learning, and consciousness of knowledge and power, in the face of Omnipotence?\" They have been called romance. And they have been called excitingly alive and imaginative by almost everyone from Robert Louis Stevenson to George Orwell.&nbsp;</span><br></p>',7,'bookActive','',0,0,'2006-04-22'),(205,'The People of the Mist ',0,380,138,18,'media/epubs/179.epub','media/bookimages/179.jpg',10,'3 days,7 days,14 days,21 days,1 month,1.5 months,2 months,3 months','English','<p><span style=\"color: rgb(51, 51, 51); font-family: Arial, sans-serif;\">Henry Rider was a British Victorian writer known for his adventure novels set is exotic places. His writings are sympathetic to the natives. He often portrayed Africans as heroic in his stories even though the main characters are usually European. This lost race novel begins as an exciting African adventure. Leonard Outram is a British adventurer who is in Africa seeking his fortune. He becomes part of the rescue of a Portuguese woman from a large slave camp. Leonard, his companion Otter and the girl set off and find the people of the mist. They then impersonate gods and priests with the hope of getting the people\'s hoard of jewels.</span><br></p>',6,'bookActive','',0,0,'2006-04-22'),(206,'The Prisoner of Zenda ',0,204,140,18,'media/epubs/180.epub','media/bookimages/180.jpg',10,'3 days,7 days,14 days,21 days,1 month,1.5 months,2 months,3 months','English','<p><span style=\"color: rgb(51, 51, 51); font-family: Arial, sans-serif;\">Rudolf Rassendyll, a peace loving English gentleman goes to Ruritania on a secret visit. By a strange quirk of fate, Rassendyll happens to look like Rudolf the Fifth, the real heir to the throne of Ruritania, who is imprisoned in the castle of Zenda by Black Michael the evil Duke of Strelsau. Rudolf Rassendyll impersonates as Rudolf the Fifth and is coronated. He falls in love with a beautiful princess, but being duty bound, he draws up a plan to free the real king from the clutches of Black Michael and restores him his kingdom.</span><br></p>',6,'bookActive','',0,0,'2006-01-09'),(207,'Rupert of Hentzau: From The Memoirs of Fritz Von Tarlenheim ',0,158,140,18,'media/epubs/181.epub','media/bookimages/181.jpg',10,'3 days,7 days,14 days,21 days,1 month,1.5 months,2 months,3 months','English','<p><span style=\"color: rgb(51, 51, 51); font-family: Arial, sans-serif;\">Anthony Hope was an early 20th century English author and playwright who wrote action and adventure novels, the most famous being The Prisoner of Zenda (1894) and its sequel Rupert of Hentzau (1898)</span><br></p>',6,'bookActive','',0,0,'1997-12-01'),(208,'Kim ',0,366,100,18,'media/epubs/182.epub','media/bookimages/182.jpg',10,'3 days,7 days,14 days,21 days,1 month,1.5 months,2 months,3 months','English','<p><span style=\"color: rgb(24, 24, 24); font-family: Merriweather, Georgia, serif;\">Kim is set in an imperialistic world; a world strikingly masculine, dominated by travel, trade and adventure, a world in which there is no question of the division between white and non-white.</span><br style=\"color: rgb(24, 24, 24); font-family: Merriweather, Georgia, serif;\"><br style=\"color: rgb(24, 24, 24); font-family: Merriweather, Georgia, serif;\"><span style=\"color: rgb(24, 24, 24); font-family: Merriweather, Georgia, serif;\">Two men - a boy who grows into early manhood and an old ascetic priest, the lama - are at the center of the novel. A quest faces them both. Born in India, Kim is nevertheless white, a sahib. While he wants to play the Great Game of Imperialism, he is also spiritually bound to the lama. His aim, as he moves chameleon-like through the two cultures, is to reconcile these opposing strands, while the lama searches for redemption from the Wheel of Life.&nbsp;</span><br style=\"color: rgb(24, 24, 24); font-family: Merriweather, Georgia, serif;\"><br style=\"color: rgb(24, 24, 24); font-family: Merriweather, Georgia, serif;\"><span style=\"color: rgb(24, 24, 24); font-family: Merriweather, Georgia, serif;\">A celebration of their friendship in a beautiful but often hostile environment, \'Kim\' captures the opulence of India\'s exotic landscape, overlaid by the uneasy presence of the British Raj.</span><br></p>',6,'bookActive','',0,0,'2000-06-01'),(209,'\"Captains Courageous\": A Story of the Grand Banks ',0,352,100,18,'media/epubs/183.epub','media/bookimages/183.jpg',10,'3 days,7 days,14 days,21 days,1 month,1.5 months,2 months,3 months','English','<p><span style=\"color: rgb(51, 51, 51); font-family: Arial, sans-serif;\">Captains Courageous is an 1897 novel, by Rudyard Kipling, that follows the adventures of fifteen-year-old Harvey Cheyne Jr., the spoiled son of a railroad tycoon, after he is saved from drowning by a Portuguese fisherman in the north Atlantic.</span><br></p>',7,'bookActive','',0,0,'2000-07-01'),(210,'The Call of the Wild by Jack London',0,136,142,18,'media/epubs/184.epub','media/bookimages/184.jpeg',10,'3 days,7 days,14 days,21 days,1 month,1.5 months,2 months,3 months','English','<p><span style=\"margin: 0px; padding: 0px; color: rgb(33, 33, 33); font-family: Roboto, Arial, sans-serif;\">The Call of the Wild</span><span style=\"color: rgb(33, 33, 33); font-family: Roboto, Arial, sans-serif;\">&nbsp;is a novel by American writer Jack London. The plot concerns a previously domesticated dog named Buck, whose primordial instincts return after a series of events leads to his serving as a sled-dog in the Yukon during the 19th-century Klondike Gold Rush, in which sled-dogs were bought at generous prices.</span><br style=\"margin: 0px; padding: 0px; color: rgb(33, 33, 33); font-family: Roboto, Arial, sans-serif;\"><br style=\"margin: 0px; padding: 0px; color: rgb(33, 33, 33); font-family: Roboto, Arial, sans-serif;\"><i style=\"margin: 0px; padding: 0px; color: rgb(33, 33, 33); font-family: Roboto, Arial, sans-serif;\">The Call of the Wild</i><span style=\"color: rgb(33, 33, 33); font-family: Roboto, Arial, sans-serif;\">&nbsp;is London\\\'s most-read book, and it is generally considered his best, the masterpiece of his so-called early period. Because the protagonist is a dog, it is sometimes classified as a juvenile novel, suitable for children, but it is dark in tone and contains numerous scenes of cruelty and violence.</span><br></p>',6,'bookActive','',0,0,'2008-07-02'),(211,'White Fang ',0,128,142,18,'media/epubs/185.epub','media/bookimages/185.jpg',10,'3 days,7 days,14 days,21 days,1 month,1.5 months,2 months,3 months','English','<p><span style=\"color: rgb(51, 51, 51); font-family: Arial, sans-serif;\">White Fang is a novel by American author Jack London (18761916)  and the name of the book\'s eponymous character, a wild wolfdog. First serialized in Outing magazine, it was published in 1906. The story takes place in Yukon Territory, Canada, during the 1890s Klondike Gold Rush and details White Fang\'s journey to domestication. It is a companion novel (and a thematic mirror) to London\'s best-known work, The Call of the Wild, which is about a kidnapped, domesticated dog embracing his wild ancestry to survive and thrive in the wild. Much of White Fang is written from the viewpoint of the titular canine character, enabling London to explore how animals view their world and how they view humans. White Fang examines the violent world of wild animals and the equally violent world of humans. The book also explores complex themes including morality and redemption.</span><br></p>',6,'bookActive','',0,0,'1997-05-01'),(213,'Astounding Stories of Super-Science January 1930',0,350,144,18,'media/epubs/187.epub','media/bookimages/187.jpg',10,'3 days,7 days,14 days,21 days,1 month,1.5 months,2 months,3 months','English','<p><span style=\"color: rgb(51, 51, 51); font-family: Arial, sans-serif;\">Astounding Stories of Super-Science January 1930 by Victor Rousseau, Captain S. P. Meek, Ray Cummings, M. L. Staley C. V. Tench, Murray Leinster, Anthony Pelcher.VOL. I No. 1 JANUARY, 1930. W. M. CLAYTON, Publisher. HARRY BATES, Editor. H. W. WESSOLOWSKI</span><br></p>',5,'bookActive','',0,0,'2012-11-25'),(214,'Flatland: A Romance of Many Dimensions by Edwin Abbott Abbott',0,84,145,18,'media/epubs/188.epub','media/bookimages/188.jpg',10,'3 days,7 days,14 days,21 days,1 month,1.5 months,2 months,3 months','English','<p><div style=\"text-align: justify;\"><span style=\"color: rgb(51, 51, 51); font-family: Arial, sans-serif;\">This masterpiece of science (and mathematical) fiction is a delightfully unique and highly entertaining satire that has charmed readers for more than 100 years. The work of English clergyman, educator and Shakespearean scholar Edwin A. Abbott (1838-1926), it describes the journeys of A. Square, a mathematician and resident of the two-dimensional Flatland, where women-thin, straight lines-are the lowliest of shapes, and where men may have any number of sides, depending on their social status.</span></div><span style=\"color: rgb(51, 51, 51); font-family: Arial, sans-serif;\"><div style=\"text-align: justify;\">Through strange occurrences that bring him into contact with a host of geometric forms, Square has adventures in Spaceland (three dimensions), Lineland (one dimension) and Pointland (no dimensions) and ultimately entertains thoughts of visiting a land of four dimensionsa revolutionary idea for which he is returned to his two-dimensional world. Charmingly illustrated by the author, Flatland is not only fascinating reading, it is still a first-rate fictional introduction to the concept of the multiple dimensions of space. \"Instructive, entertaining, and stimulating to the imagination.\" &nbsp;<i>Mathematics Teacher</i>.</div></span></p>',6,'bookActive','',0,0,'1992-09-21'),(215,'The Dorrington Deed-Box ',0,316,143,18,'media/epubs/189.epub','media/bookimages/189.jpg',10,'3 days,7 days,14 days,21 days,1 month,1.5 months,2 months,3 months','English','<p><span style=\"color: rgb(51, 51, 51); font-family: Arial, sans-serif;\">English writer Morrison chronicles the exploits of Horace Dorrington, a raconteur and scoundrel who hails from a very different social strata than the typical Victorian detective.</span><br></p>',6,'bookActive','',0,0,'2016-10-22'),(216,'Gulliver of Mars',0,127,146,18,'media/epubs/190.epub','media/bookimages/190.epub',10,'3 days,7 days,14 days,21 days,1 month,1.5 months,2 months,3 months','English','<p style=\"text-align: justify; \"><span style=\"color: rgb(51, 51, 51); font-family: Arial, sans-serif; text-align: start;\">Many believe that Edgar Rice Burroughs\' inspiration to create his world of Barsoom came from this novel. Transported to Mars in a most unexpected fashion, Lieutenant Gulliver Jones, U.S.N., promptly found himself head-over-heels in adventure and romance. Mars was a planet of ruined cities, ancient peoples, copper-skinned swordsmen, and weird and awesome monsters. There was a princess to be rescued, a River of Death to be navigated, and a strange prophecy to be fulfilled.</span><br></p>',8,'bookActive','',0,0,'1996-07-01'),(217,'Affair in Araby',0,76,147,18,'media/epubs/191.epub','media/bookimages/191.jpg',10,'3 days,7 days,14 days,21 days,1 month,1.5 months,2 months,3 months','English','<p><span style=\"color: rgb(51, 51, 51); font-family: Arial, sans-serif;\">Hulbert Footner (1879  1944) was a Canadian writer of non-fiction and detective fiction. His first published works were travelogues of canoe trips on the Hudson River and in the Northwest Territory along the Peace River, Hay River and Fraser River. He also wrote a series of northwest adventures during the period 1911 through 1920. That is why the novel \"Jack Chanty\" is based on his canoe adventures in the great northwest. Also, Footner wrote several other adventure books set in the Canadian northwest after he had relocated to Maryland in 1913.</span><br></p>',7,'bookActive','',0,0,'2003-12-01'),(218,'A Journey in Other Worlds: A Romance of the Future by John Jacob Astor',0,234,148,18,'media/epubs/192.epub','media/bookimages/192.jpg',10,'3 days,7 days,14 days,21 days,1 month,1.5 months,2 months,3 months','English','<div style=\"text-align: justify; color: rgb(51, 51, 51); font-family: Arial, sans-serif;\">What did our ancestors dream of when they gazed up at the stars and looked beyond the present? Wildly imaginative but grounded in reasoned scientific speculation,&nbsp;<i>A Journey in Other Worlds</i>&nbsp;races far ahead of the nineteenth century to imagine what life would be like in the year 2000. At the beginning of the twenty-first century, Earth is effectively a corporate technocracy, with big businesses using incredible advances in science to improve life on the planet as a whole. Seeking other planets habitable for the growing human population, the spaceship&nbsp;<i>Callisto</i>, powered by an antigravitational force known as apergy, embarks on a momentous tour of the solar system. Jupiter proves to be a wilderness paradise, full of threatening beasts and landscapes of inspired beauty, where the explorers must fight for their lives. Dangers less tangible but equally deadly await the&nbsp;<i>Callisto</i>&nbsp;crew on Saturn, which yields profound secrets about their fate and the ultimate destiny of mankind.</div><div style=\"text-align: justify; color: rgb(51, 51, 51); font-family: Arial, sans-serif;\">&nbsp;</div><div style=\"text-align: justify; color: rgb(51, 51, 51); font-family: Arial, sans-serif;\">Thoughtful, adventurous, and replete with a dazzling array of futuristic devices,&nbsp;<i>A Journey in Other Worlds</i>&nbsp;is a classic, unforgettable story of utopias and humankinds restless exploration of the stars.</div>',9,'bookActive','',0,0,'1999-01-01'),(219,'Caesar Dies ',0,144,147,18,'media/epubs/193.epub','media/bookimages/193.jpg',10,'3 days,7 days,14 days,21 days,1 month,1.5 months,2 months,3 months','English','<p><span style=\"color: rgb(51, 51, 51); font-family: Arial, sans-serif;\">Set during the reign of the Emperor Commodus, here is Talbot Mundy\'s tale of palace intrigue, the brutalities and debaucheries of Rome, and a man who would make himself ruler of the civilized world! Features an introduction by scholar Darrell Schweitzer.</span><br></p>',5,'bookActive','',0,0,'2003-12-01'),(220,'The Face and the Mask by Robert Barr',0,138,149,18,'media/epubs/194.epub','media/bookimages/194.jpg',10,'3 days,7 days,14 days,21 days,1 month,1.5 months,2 months,3 months','English','<p><span style=\"color: rgb(34, 34, 34); font-family: sans-serif; font-size: 12.6px; background-color: rgb(250, 250, 255);\">A veritable potpourri of genres are these short stories, which include the cynical, the sentimental, the humorous; even an apocalyptic-ish science fiction story and a&nbsp;</span><i style=\"color: rgb(34, 34, 34); font-family: sans-serif; font-size: 12.6px; background-color: rgb(250, 250, 255);\"><a href=\"https://en.wikisource.org/wiki/Sherlock_Holmes\" class=\"mw-redirect\" title=\"Sherlock Holmes\" style=\"color: rgb(11, 0, 128); background-image: none; background-position: initial; background-size: initial; background-repeat: initial; background-attachment: initial; background-origin: initial; background-clip: initial;\">Sherlock Holmes</a></i><span style=\"color: rgb(34, 34, 34); font-family: sans-serif; font-size: 12.6px; background-color: rgb(250, 250, 255);\">&nbsp;spoofone of the earliestthe author being both a contemporary and a friend of Conan Doyle</span><br></p>',6,'bookActive','',0,0,NULL),(221,'Caves of Terror ',0,100,147,18,'media/epubs/195.epub','media/bookimages/195.jpg',10,'3 days,7 days,14 days,21 days,1 month,1.5 months,2 months,3 months','English','<p><span style=\"color: rgb(51, 51, 51); font-family: Arial, sans-serif;\">Caves Of Terror by Talbot Mundy is another Action-adventure, fast-paced, fan-pleasing page-turner set in the Middle East, India, and Africa, based largely on his own personal experiences in these regions. Any profits generated from the sale of this book will go towards the Freeriver Community project, a project designed to promote harmonious community living and well-being in the world</span><br></p>',7,'bookActive','',0,0,'2006-08-02'),(224,'The Eye of Zeitoon',0,292,147,18,'media/epubs/198.epub','media/bookimages/198.jpg',10,'3 days,7 days,14 days,21 days,1 month,1.5 months,2 months,3 months','English','<blockquote><span style=\"color: rgb(51, 51, 51); font-family: Arial, sans-serif; font-size: 14px;\">Oh, ye shall burst the ties that bind If ye will come with me! It is written with authority of Tarsus that once it was no mean city, but that is a tale of nineteen centuries ago. The Turko-Italian War had not been fought when Fred Oakes took the fever of the place, although the stage was pretty nearly set for it and most of the leading actors were waiting for their cue. No more history was needed than to grind away forgotten loveliness.</span><br></blockquote>',6,'bookActive','',0,0,'2004-03-01'),(225,'Equality',0,424,150,18,'media/epubs/199.epub','media/bookimages/199.jpg',10,'3 days,7 days,14 days,21 days,1 month,1.5 months,2 months,3 months','English','<p style=\"text-align: justify; \"><span style=\"color: rgb(51, 51, 51); font-family: Arial, sans-serif;\">This marvelous book is the sequel to Bellamy\'s Looking Backward, his utopian novel of several years earlier, where a young man falls asleep in 1887 and wakes in a utopian year 2000, where all social ills are solved. This novel continues the thread of his utopian vision. Equality begins when Julian West returns to the year 2000 to continue his education. The book describes an ideal society in that year. Equality was published just before his death and was not received nearly as well as Looking Backward. Bellamy was born in 1850 in Chicopee Falls, Massachusetts. As a young man he studied law and entered the bar, but never practiced. He was a journalist and social theorist as well as a novelist. Bellamy\'s theory of public capitalism would greatly affect American political thought in the 20th century.</span><br></p>',8,'bookActive','',0,0,'2005-01-01'),(226,'Guns of the Gods: A Story of Yasmini\'s Youth ',0,202,147,18,'media/epubs/200.epub','media/bookimages/200.jpg',10,'3 days,7 days,14 days,21 days,1 month,1.5 months,2 months,3 months','English','<p><span style=\"color: rgb(51, 51, 51); font-family: Arial, sans-serif;\">Talbot Mundy (born William Lancaster Gribbon, 23 April 1879  5 August 1940) was an English-born American writer of adventure fiction. Based for most of his life in the United States, he also wrote under the pseudonym of Walter Galt. Best known as the author of King of the Khyber Rifles and the Jimgrim series, much of his work was published in pulp magazines.</span><br></p>',6,'bookActive','',0,0,'2004-05-01'),(227,'Looking Backward, 2000 to 1887',0,140,150,18,'media/epubs/201.epub','media/bookimages/201.jpg',10,'3 days,7 days,14 days,21 days,1 month,1.5 months,2 months,3 months','English','<p><span style=\"color: rgb(51, 51, 51); font-family: Arial, sans-serif;\">This book, a Utopian romance published first in 1888, predicted a new social and economic order and resulted in the founding of \"Nationalist\" clubs and a party that advocated their principles</span><br></p>',9,'bookActive','',1,3,'1996-08-01'),(228,'Hira Singh : when India came to fight in Flanders ',0,308,147,18,'media/epubs/202.epub','media/bookimages/202.jpg',10,'3 days,7 days,14 days,21 days,1 month,1.5 months,2 months,3 months','English','<p><span style=\"color: rgb(51, 51, 51); font-family: Arial, sans-serif;\">\"One hundred Indian troops of the British Army have arrived at Kabul, Afghanistan, after a four months\' march from Constantinople. the men were captured in Flanders by the Germans and were sent to Turkey in the home that, being Mohammedans, they might join the Turks. But they remained loyal to Great Britain and finally escaped, heading for Afghanistan. ... \" New York Times, July, 1915</span><br></p>',7,'bookActive','',0,0,'2003-08-01'),(229,'Miss Ludington\'s Sister',0,122,150,18,'media/epubs/203.epub','media/bookimages/203.jpg',10,'3 days,7 days,14 days,21 days,1 month,1.5 months,2 months,3 months','English','<div data-hook=\"review-collapsed\" aria-expanded=\"true\" class=\"a-expander-content a-expander-partial-collapse-content a-expander-content-expanded\" style=\"overflow: hidden; position: relative; padding-bottom: 18px;\"><div style=\"color: rgb(17, 17, 17); font-family: &quot;Amazon Ember&quot;, Arial, sans-serif; font-size: 13px; text-align: justify;\">\"Miss Ludington\'s Sister\" by Edward Bellamy was published in 1884 and is a love story with a twist - actually, more than one twist. It is of just the right length, with enough words used on the description of places and people to portray them vividly, but not with so much detail as to become boring.</div><div style=\"text-align: justify;\"><font color=\"#111111\" face=\"Amazon Ember, Arial, sans-serif\"><span style=\"font-size: 13px;\"><br></span></font></div><font color=\"#111111\" face=\"Amazon Ember, Arial, sans-serif\"><div style=\"text-align: justify;\"><span style=\"font-size: 13px;\">A young, beautiful woman with a shiny future ahead of her falls seriously ill. It takes her a long time to recover, and when she does, the illness has taken such a toll on her physically and mentally that she is hardly the same person any more. Her beauty is gone, her colours are faded, and all she wants now is to remember her past self with the happiness of her former life.</span></div></font><div style=\"text-align: justify;\"><br></div><font color=\"#111111\" face=\"Amazon Ember, Arial, sans-serif\"><div style=\"text-align: justify;\"><span style=\"font-size: 13px;\">The world around her has changed, too; when she timidly starts venturing outside again, she finds her friends from school days are mostly married, have babies, moved away or simply have found other pastimes without her who used to be at the centre of their circle. The village itself is constantly growing and being modernized, so that slowly but surely, everything she knew and loved in her youth is gone.</span></div></font><div style=\"text-align: justify;\"><br></div><font color=\"#111111\" face=\"Amazon Ember, Arial, sans-serif\"><div style=\"text-align: justify;\"><span style=\"font-size: 13px;\">When she is already in her middle age, she is left a vast fortune, and uses it to act out her dream of restoring the past: On an empty stretch of land, she has the high street of \"her\" village rebuilt according to her instructions, with every stone, every shrub and tree and every corner just the way they were when she was young and healthy and full of life. She moves into this ghostlike, empty village which becomes the scenery to her reclusive life.</span></div></font><div style=\"text-align: justify;\"><br></div><font color=\"#111111\" face=\"Amazon Ember, Arial, sans-serif\"><div style=\"text-align: justify;\"><span style=\"font-size: 13px;\">A relative of hers dies, leaving behind a little boy, and the duty to raise the orphan falls on her. Much as she loves the child and treats him like a son, he does not make a difference to her outlook on life, turned backwards instead of towards the future. On the contrary, the little boy loves the life-sized portrait of Miss Ludington\'s former self from the first moment he sets eyes on it (not knowing who she is), and his love only grows fonder and stronger as he gets older.</span></div></font><div style=\"text-align: justify;\"><br></div><font color=\"#111111\" face=\"Amazon Ember, Arial, sans-serif\"><div style=\"text-align: justify;\"><span style=\"font-size: 13px;\">Eventually, the boy is grown up, and Miss Ludington in her sixties. He returns from school, reluctant to start any profession or do anything else that will take him away from the empty village and the portrait. Instead, he develops a theory that, if proven true, could mean his abstract love for the girl in the painting can be turned into something real.</span></div></font><div style=\"text-align: justify;\"><br></div><font color=\"#111111\" face=\"Amazon Ember, Arial, sans-serif\"><div style=\"text-align: justify;\"><span style=\"font-size: 13px;\">How Miss Ludington and her nephew set about to bring the past to real life, and what happens when they do, I will not tell you here. Let me just say that the story managed to surprise me more than once, although some bits were foreseeable.</span></div></font><div style=\"text-align: justify;\"><br></div><font color=\"#111111\" face=\"Amazon Ember, Arial, sans-serif\"><div style=\"text-align: justify;\"><span style=\"font-size: 13px;\">This free ebook from the kindle shop was one I really enjoyed, and was almost sad to finish.</span></div></font></div><div class=\"a-expander-header a-expander-partial-collapse-header\" style=\"outline: 0px; position: absolute; bottom: 0px; width: 680px; transition: opacity 0.4s ease-out 0s; color: rgb(17, 17, 17); font-family: &quot;Amazon Ember&quot;, Arial, sans-serif; font-size: 13px; opacity: 1;\"><a data-hook=\"expand-collapse-read-more-less\" data-action=\"a-expander-toggle\" class=\"a-declarative\" data-a-expander-toggle=\"{&quot;allowLinkDefault&quot;:true, &quot;expand_prompt&quot;:&quot;Read more&quot;, &quot;collapse_prompt&quot;:&quot;Read less&quot;}\" style=\"color: rgb(0, 102, 192); outline: -webkit-focus-ring-color auto 5px; outline-offset: -2px;\"><i class=\"a-icon a-icon-extender-collapse\" style=\"background-image: url(&quot;https://m.media-amazon.com/images/G/01/AUIClients/AmazonUIBaseCSS@variables-sprite_1x-6c462f5dc3bc3e40d0788502814fa7043355712a._V2_.png&quot;); background-size: 400px 900px; background-repeat: no-repeat; display: inline-block; vertical-align: baseline; position: relative; margin-right: 0.385em; width: 7px; height: 9px; background-position: -94px -293px;\"><div style=\"text-align: justify;\"></div></i></a></div>',8,'bookActive','',0,0,'2004-11-01'),(230,'The Ivory Trail ',0,360,147,18,'media/epubs/204.epub','media/bookimages/204.jpg',10,'3 days,7 days,14 days,21 days,1 month,1.5 months,2 months,3 months','English','<p><span style=\"color: rgb(51, 51, 51); font-family: Arial, sans-serif;\">A present day search for a fabulous hoard of priceless treasure in mysterious Africa! We are delighted to publish this classic book as part of our extensive Classic Library collection. Many of the books in our collection have been out of print for decades, and therefore have not been accessible to the general public. The aim of our publishing program is to facilitate rapid access to this vast reservoir of literature, and our view is that this is a significant literary work, which deserves to be brought back into print after many decades. The contents of the vast majority of titles in the Classic Library have been scanned from the original works. To ensure a high quality product, each title has been meticulously hand curated by our staff. Our philosophy has been guided by a desire to provide the reader with a book that is as close as possible to ownership of the original work. We hope that you will enjoy this wonderful classic work, and that for you it becomes an enriching experience.</span><br></p>',6,'bookActive','',0,0,'2004-02-01'),(231,'The Lani People',0,150,154,18,'media/epubs/205.epub','media/bookimages/205.jpg',10,'3 days,7 days,14 days,21 days,1 month,1.5 months,2 months,3 months','English','<p><span style=\"color: rgb(51, 51, 51); font-family: Arial, sans-serif;\">Sex Toys? Pleasure Creatures? Animals? Humans? ***** Who are the Lani People? Who created them? ***** A classic novel of the future that continues to question our basic value-systems.&nbsp;</span><br></p>',10,'bookActive','',0,0,'2001-02-01'),(232,'Jimgrim and Allah\'s Peace ',0,220,147,18,'media/epubs/206.epub','media/bookimages/206.jpg',10,'3 days,7 days,14 days,21 days,1 month,1.5 months,2 months,3 months','English','<p><span style=\"color: rgb(51, 51, 51); font-family: Arial, sans-serif;\">Talbot Mundy was an early 20th century English writer who often wrote under the pseudonym Walter Galt. At age 19 he left London to travel to India and parts of the Near and Far East. Most of Mundy\'s novels are set in India under British Occupation in which the loyal British officers encounter ancient Indian mysticism. The Jim Grim series, which has mystical overtones, ran in Adventure magazine before book\'s publication. There are 22 books in the series. Major James Schuylet Grim otherwise known as Jimgrim is in Jerusalem. Jerusalem is full of religious factions and different races. With the help of a few amateurs he will try and keep things as calm as possible. There is a disturbed person with a large supply of dynamite ready to destroy an historical place. Can Jimgrim stop this dangerous plot?</span><br></p>',6,'bookActive','',0,0,'2004-02-01'),(233,'A Princess of Mars',0,151,128,18,'media/epubs/207.epub','media/bookimages/207.jpg',10,'3 days,7 days,14 days,21 days,1 month,1.5 months,2 months,3 months','English','<p><div style=\"text-align: justify;\"><span style=\"color: rgb(51, 51, 51); font-family: Arial, sans-serif;\">Civil War veteran John Carter is transported to a dying planet, where he must elude capture by giant green barbarians to rescue a Martian princess from certain doom. In this landmark of science fiction, the myths and mystery of the red planet supply a vibrant backdrop for a swashbuckling epic.</span></div><span style=\"color: rgb(51, 51, 51); font-family: Arial, sans-serif;\"><div style=\"text-align: justify;\">Published in 1911,&nbsp;<i>A Princess of Mars</i>&nbsp;introduced a popular series of novels recounting John Carter\'s Martian exploits. Author Edgar Rice Burroughs, best known as the creator of&nbsp;<i>Tarzan,&nbsp;</i>employed a new style of writing that combined the genres of fantasy, adventure, and science fiction. His imaginative setting  an advanced but decaying civilization, where Olympian heroics play out against malevolent forces and ever-changing fortunes  endures as a timeless world, in which love, honor, and loyalty form the basis for fast-paced romantic adventures.</div></span><span style=\"color: rgb(51, 51, 51); font-family: Arial, sans-serif;\"><div style=\"text-align: justify;\">Generations of readers have thrilled to Burroughs\' Martian tales, including writers of science fiction and fact, such as Ray Bradbury and Carl Sagan. \"I stood on the lawns of summer, raised my hands, and cried for Mars, like John Carter, to take me home,\" remembered Ray Bradbury, \"I flew to the red planet and never returned.\"</div></span></p>',9,'bookActive','',0,0,'1993-04-01'),(234,'King--of the Khyber Rifles: A Romance of Adventure',0,402,147,18,'media/epubs/208.epub','media/bookimages/208.jpg',10,'3 days,7 days,14 days,21 days,1 month,1.5 months,2 months,3 months','English','<p><span style=\"color: rgb(51, 51, 51); font-family: Arial, sans-serif;\">King was at Lahore, but miles don\'t matter when the dogs of war are loosed. The right man goes to the right place at the exact right time then, and the fool goes to the wall. In that one respect war is better than some kinds of peace.</span><br></p>',7,'bookActive','',0,0,'2007-07-01'),(235,'The Gods of Mars',0,274,128,18,'media/epubs/209.epub','media/bookimages/209.jpg',1,'3 days,7 days,14 days,21 days,1 month,1.5 months,2 months,3 months','English','<div class=\"a-section a-spacing-large\" style=\"box-sizing: border-box; margin-bottom: 0px;\"><div class=\"card-padding\" style=\"box-sizing: border-box;\"><div class=\"a-row\" style=\"box-sizing: border-box; width: 680px;\"><div class=\"a-section reviews-content filterable-reviews-content celwidget\" data-cel-widget=\"\" style=\"box-sizing: border-box; margin-bottom: 22px; min-height: 100px; overflow-wrap: break-word;\"><div id=\"cm-cr-dp-review-list\" data-hook=\"top-customer-reviews-widget\" class=\"a-section review-views celwidget\" data-cel-widget=\"cm-cr-dp-review-list\" style=\"box-sizing: border-box; margin-bottom: 0px;\"><div id=\"R24UHUUEWZX2H1\" data-hook=\"review\" class=\"a-section review\" style=\"box-sizing: border-box; margin-bottom: 0px; max-width: 80em;\"><div id=\"customer_review-R24UHUUEWZX2H1\" class=\"a-section celwidget\" data-cel-widget=\"customer_review-R24UHUUEWZX2H1\" style=\"box-sizing: border-box; margin-bottom: 0px;\"><div class=\"a-row a-spacing-small review-data\" style=\"box-sizing: border-box; width: 680px; margin-bottom: 10px !important;\"><span data-hook=\"review-body\" class=\"a-size-base review-text\" style=\"box-sizing: border-box; line-height: 19px !important;\"><div aria-live=\"polite\" data-a-expander-name=\"review_text_read_more\" data-a-expander-collapsed-height=\"300\" class=\"a-expander-collapsed-height a-row a-expander-container a-expander-partial-collapse-container\" style=\"box-sizing: border-box; width: 680px; overflow: hidden; position: relative; max-height: none; height: 300px;\"><div data-hook=\"review-collapsed\" aria-expanded=\"false\" class=\"a-expander-content a-expander-partial-collapse-content\" style=\"box-sizing: border-box; overflow: hidden; position: relative; padding-bottom: 19px;\"><div style=\"font-size: 13px !important; text-align: justify;\"><span style=\"color: rgb(17, 17, 17); font-family: &quot;Amazon Ember&quot;, Arial, sans-serif;\">When we last saw John Carter, he had been accidentally transferred back to Earth, and away from his beloved Dejah Thoris.</span></div><div style=\"text-align: justify;\"><font color=\"#111111\" face=\"Amazon Ember, Arial, sans-serif\"><span style=\"font-size: 13px;\"><br></span></font></div><span style=\"font-size: 13px !important; color: rgb(17, 17, 17); font-family: &quot;Amazon Ember&quot;, Arial, sans-serif;\"><div style=\"text-align: justify;\">Well, obviously in a novel named \"The Gods of Mars,\" he isn\'t going to stay on his home planet and learn how to play poker. Instead, Edgar Rice Burroughs\' second Barsoom novel returns our hero to the red planet, and introduces a whole new dilemma for our hero -- how to get back to the world of the living. Yes, he\'s both alive AND dead, as far as the Barsoomians are concerned.</div></span><div style=\"text-align: justify;\"><font color=\"#111111\" face=\"Amazon Ember, Arial, sans-serif\"><br></font></div><span style=\"font-size: 13px !important; color: rgb(17, 17, 17); font-family: &quot;Amazon Ember&quot;, Arial, sans-serif;\"><div style=\"text-align: justify;\">John Carter returns to Mars, but is shocked to find that he\'s in a completely unfamiliar part of it, populated by grotesque Plant Men and white apes. After encountering his old friend Tars Tarkas, Carter learns that they are in the Barsoomian afterlife. No, really. The problem is, nobody can return from the pilgrimage to the River Iss -- and if anyone tries, they will be killed. Even though they were already dead... don\'t think too hard about it.</div></span><div style=\"text-align: justify;\"><font color=\"#111111\" face=\"Amazon Ember, Arial, sans-serif\"><br></font></div><span style=\"font-size: 13px !important; color: rgb(17, 17, 17); font-family: &quot;Amazon Ember&quot;, Arial, sans-serif;\"><div style=\"text-align: justify;\">But the greatest threat comes from two breeds of Martian that Carter has never seen before -- the Black Martian pirates and the White Martian Therns, both of whom consider themselves to be gods. Anyone who survives the valley is turned into a slave, and Carter soon makes new allies among his fellow captives. But even if he can escape the grasp of the \"goddess\" Issus, he may not be able to survive in a world where escaping from \"death\" is blasphemy -- especially when he finds that Dejah Thoris may be doomed as well.</div></span><div style=\"text-align: justify;\"><font color=\"#111111\" face=\"Amazon Ember, Arial, sans-serif\"><br></font></div><span style=\"font-size: 13px !important; color: rgb(17, 17, 17); font-family: &quot;Amazon Ember&quot;, Arial, sans-serif;\"><div style=\"text-align: justify;\">\"The Gods of Mars\" is a much faster-moving story than the first Barsoom book, even though we\'re introduced to a whole new part of Mars and two new Martian species. Rather than the slow introductions of \"A Princess of Mars,\" Burroughs just plunges right into the main story right away, and it\'s a long time before he stops to contemplate the flora/fauna/customs of the Martians.</div></span><div style=\"text-align: justify;\"><font color=\"#111111\" face=\"Amazon Ember, Arial, sans-serif\"><br></font></div><span style=\"font-size: 13px !important; color: rgb(17, 17, 17); font-family: &quot;Amazon Ember&quot;, Arial, sans-serif;\"><div style=\"text-align: justify;\">Burroughs\' prose is also more polished in this story, with longer action scenes and a faster pace -- as well as some moments that are absolutely horrifying (the plant men, with their corpselike skin, ragged noses and wormy hair). And while he still has the slight stuffiness of early 20th-century pulp, he injects a lot of vivid descriptions and action into the story.</div></span><div style=\"text-align: justify;\"><font color=\"#111111\" face=\"Amazon Ember, Arial, sans-serif\"><br></font></div><span style=\"font-size: 13px !important; color: rgb(17, 17, 17); font-family: &quot;Amazon Ember&quot;, Arial, sans-serif;\"><div style=\"text-align: justify;\">John Carter is still a bit on the Stuey side -- multiple women are in love with him by the story\'s end, for instance. But he\'s still a very strong character, with lots of guts and courage. Burroughs throws a rather unexpected twist into the story when Carter discovers that one of his fellow captives is actually related to him; and he also introduces some other interesting characters, such as the malignant Issus and the strong, proud Thuvia.</div></span><div style=\"text-align: justify;\"><font color=\"#111111\" face=\"Amazon Ember, Arial, sans-serif\"><br></font></div><span style=\"font-size: 13px !important; color: rgb(17, 17, 17); font-family: &quot;Amazon Ember&quot;, Arial, sans-serif;\"><div style=\"text-align: justify;\">\"The Gods of Mars\" is one of the few sequels that is actually markedly better than the original book. But be warned: it leaves you dangling on a cliffhanger that will leave you scrabbling for the third book.</div></span></div></div></span></div></div></div></div></div></div></div></div>',6,'bookActive','',0,0,'1993-05-01'),(236,'The Lion of Petra ',0,128,147,18,'media/epubs/210.epub','media/bookimages/210.jpg',10,'3 days,7 days,14 days,21 days,1 month,1.5 months,2 months,3 months','English','<p style=\"margin-bottom: 14px; padding: 0px; color: rgb(51, 51, 51); font-family: Arial, sans-serif;\">Having bested Higg and forced him to post bond of fifty thousand pounds as a promise of good behavior, \"Jimgrim\" must now help Higg if he wants him to hold to the agreement. He must take his force of twenty men and somehow subdue Higg\'s rival, Hassan Saoud, who calls himself the Avenger and commands an army of eight hundred.</p><p style=\"margin-top: -4px; margin-bottom: 0px; padding: 0px; color: rgb(51, 51, 51); font-family: Arial, sans-serif;\">Talbot Mundy was born William Lancaster Gribbon in London. He was in a German circus, and was a relief worker and journalist in India. He spent time in Africa as an ivory poacher, served time on a road gang, and became a town clerk. Deported after an adulterous affair, he married to his paramour and moved to the US to make a living as a writer. His King of the Khyber Rifles made his reputation and saw two film adaptations and his work influenced writers such as H.P. Lovecraft and Robert E. Howard.</p>',6,'bookActive','',0,0,'2006-09-17'),(237,'Warlord of Mars',0,318,128,18,'media/epubs/211.epub','media/bookimages/211.jpg',10,'3 days,7 days,14 days,21 days,1 month,1.5 months,2 months,3 months','English','<p style=\"text-align: justify; \"><span style=\"color: rgb(51, 51, 51); font-family: Arial, sans-serif; text-align: start;\">Matai Shang secretly frees Dejah Thoris, Thuvia, and Phaidor from their prison but does so for his own purposes. John Carter pursues Matai Shang and Thurid, a rebel Dator (prince) of the First Born, across Barsoom, eventually finding himself in Okar, the northern polar nation of the Yellow men. There he discovers that a powerful magnet has destroyed every fleet and ship which has attempted to explore the north, and kept the Okarians\' secret refuge safe for countless ages. Carter also finds his father-in-law, Mors Kajak, a prisoner. With the aid of Thuvan Dihn, Thuvia\'s father, as well as Talu (a rebel prince of Okar), they overthrow the last vestiges of Thern power and rescue Dejah Thoris. But they call upon the nations which have befriended Carter through the years, who send a vast armada northward to rescue him. Carter thus has to destroy the great magnet as well as Matai Shang\'s plans. The Jeddaks of Barsoom\'s greatest nations proclaim John Carter Warlord of Mars.</span><br></p>',8,'bookActive','',0,0,'1993-06-01'),(238,'Rung Ho! A Novel',0,252,147,18,'media/epubs/212.epub','media/bookimages/212.jpg',10,'3 days,7 days,14 days,21 days,1 month,1.5 months,2 months,3 months','English','<p><span style=\"color: rgb(51, 51, 51); font-family: Arial, sans-serif;\">This is a pre-1923 historical reproduction that was curated for quality. Quality assurance was conducted on each of these books in an attempt to remove books with imperfections introduced by the digitization process. Though we have made best efforts - the books may have occasional errors that do not impede the reading experience. We believe this work is culturally important and have elected to bring the book back into print as part of our continuing commitment to the preservation of printed works worldwide.</span><br></p>',6,'bookActive','',0,0,'2004-02-01'),(239,'Thuvia, Maid of Mars',0,201,128,18,'media/epubs/213.epub','media/bookimages/213.jpg',1,'3 days,7 days,14 days,21 days,1 month,1.5 months,2 months,3 months','English','<p style=\"text-align: justify; \"><span style=\"color: rgb(51, 51, 51); font-family: Arial, sans-serif;\">The winds of Edgar Rice Burroughs\' Mars blow across a world where danger, daring, and adventure are the lifeblood of its untamed inhabitants. Here are magnificent cities glistening with barbaric splendor and peopled by the noble red men of Mars...savage, rampaging hordes of giant, multilimbed green men who roam the Martian plains...fierce beasts of prey whose hideous cries are the dreadful chorus of the red planet\'s night. In Thuvia, Maid of Mars, Carthoris, son of the legendary John Carter, is accused of abducting the beautiful Princess Thuvia. To clear his name and to rescue the woman he loves, he must battle hosts of diabolical foes. Yet all seems lost when they fall into the hands of Tario, made ruler of Lothar, for he proposes to sacrifice them to his savage, beast-like god.</span><br></p>',9,'bookActive','',0,0,'1993-07-01'),(240,'Told in the East ',0,236,147,18,'media/epubs/214.epub','media/bookimages/214.jpg',10,'3 days,7 days,14 days,21 days,1 month,1.5 months,2 months,3 months','English','<p><span style=\"color: rgb(51, 51, 51); font-family: Arial, sans-serif;\">Told in the East By Talbot Mundy Talbot Mundy was an early 20th century English writer who often wrote under the pseudonym Walter Galt. At age 19 he left London to travel to India and parts of the Near and Far East. Most of Mundy\'s novels are set in India under British Occupation in which the loyal British officers encounter ancient Indian mysticism. In the 1920\'s Mundy wrote stories about Tros of Samothrace, a Greek freedom fighter who aided Britons and Druids in their fight against Julius Caesar. Told in the East in s romance set in India. The story begins, \"A coppersmith was about the only living thing that seemed to care whether the sun went down or not. He seemed in a hurry to get a job done, and his reiterated \"Bong-bong-bong!\"--that had never ceased since sunrise, and had driven nearly mad the few humans who were there to hear it--quickened and grew louder. At last Brown came out of a square mud house, to see about the sunset.\" We are delighted to publish this classic book as part of our extensive Classic Library collection. Many of the books in our collection have been out of print for decades, and therefore have not been accessible to the general public. The aim of our publishing program is to facilitate rapid access to this vast reservoir of literature, and our view is that this is a significant literary work, which deserves to be brought back into print after many decades. The contents of the vast majority of titles in the Classic Library have been scanned from the original works. To ensure a high quality product, each title has been meticulously hand curated by our staff. Our philosophy has been guided by a desire to provide the reader with a book that is as close as possible to ownership of the original work. We hope that you will enjoy this wonderful classic work, and that for you it becomes an enriching experience.</span><br></p>',7,'bookActive','',0,0,'2004-03-01'),(241,'The Chessmen of Mars',0,127,128,18,'media/epubs/215.epub','media/bookimages/215.jpg',1,'3 days,7 days,14 days,21 days,1 month,1.5 months,2 months,3 months','English','<p style=\"text-align: justify; \"><span style=\"color: rgb(51, 51, 51); font-family: Arial, sans-serif;\">There is a game on Mars similar to chess - very similar, save that it is played on a board of a hundred squares, and with ornate pieces. The Martians call it jetan, and it is as old as the civilization of Barsoom. But in the Martian city of Manator, jetan is no game. The chiefs of Manator play with living pieces - criminals, slaves, or warriors eager for fame. The opposing chessmen duel to the death for possession of their squares. The chiefs of Mantor play for great stakes, but the most closely fought contest in the huge arena was that in which the prize was Tara, Princess of Helium and daughter of the Warlord of Mars - a prisoner and slave in Manator.</span><br></p>',9,'bookActive','',0,0,'1998-01-01'),(242,'Pellucidar ',0,140,128,18,'media/epubs/216.epub','media/bookimages/216.jpg',10,'3 days,7 days,14 days,21 days,1 month,1.5 months,2 months,3 months','English','<p><div style=\"text-align: justify;\"><span style=\"color: rgb(51, 51, 51); font-family: Arial, sans-serif;\">Traveling 500 miles through the Earth\'s crust in their iron mole, David Innes and Professor Perry make the astonishing discovery that the earth\' center is hollow and the site of an amazing interior world  Pellucidar! It is at a Stone Age level of development, dominated by chilling reptilian monsters with a high degree of intelligence who communicate through extrasensory means. Evolution is proceeding along different lines in Pellucidar than it did on the Earth\' surface, and humans are treated as inferior creatures. Danger and violence are the </span>rule<span style=\"color: rgb(51, 51, 51); font-family: Arial, sans-serif;\"> in this land of perpetual noon (the sun is always at the zenith), where time does not exist.</span></div><span style=\"color: rgb(51, 51, 51); font-family: Arial, sans-serif;\"><div style=\"text-align: justify;\">In this second novel of the Pellucidar trilogy (the others are&nbsp;<i>At the Earth\'s Co</i><i>re&nbsp;</i>and<i>&nbsp;Tanar of Pellucidar</i>), David Innes returns to Pellucidar to seek his lost love, the beautiful Princess Dian, and to fulfill his vow to lead humanity out of the darkness of slavery and subordination. During an epic journey across the strange lands of Pellucidar, Innes has many heart-pounding encounters with strange peoples and savage beasts, often barely escaping with his life.</div></span><span style=\"color: rgb(51, 51, 51); font-family: Arial, sans-serif;\"><div style=\"text-align: justify;\">This book is a prime example of why Burroughs\' ritings have enjoyed enormous popularity for a century and are still favorites with young and old alike.&nbsp;<i>Pellucidar</i>&nbsp;is sure to appeal to any reader with a taste for gripping adventure in exotic locales.</div></span></p>',9,'bookActive','',0,0,'1996-07-01'),(243,'The Winds of the World',0,94,147,18,'media/epubs/217.epub','media/bookimages/217.jpg',10,'3 days,7 days,14 days,21 days,1 month,1.5 months,2 months,3 months','English','<p><span style=\"color: rgb(51, 51, 51); font-family: Arial, sans-serif;\">A watery July sun was hurrying toward a Punjab sky-line, as if weary of squandering his strength on men who did not mind, and resentful of the unexplainablea rainy-weather field-day. The cold steel and khaki of native Indian cavalry at attention gleamed motionless between British infantry and two batteries of horse artillery. The only noticeable sound was the voice of a general officer, that rose and fell explaining and asserting pride in his command, but saying nothing as to the why of exercises in the mud. Nor did he mention why the censorship was in full force. He did not say a word of Germany, or Belgium.</span><br></p>',6,'bookActive','',0,0,'2004-10-01'),(244,'At the Earth\'s Core ',0,131,128,18,'media/epubs/218.epub','media/bookimages/218.jpg',10,'3 days,7 days,14 days,21 days,1 month,1.5 months,2 months,3 months','English','<p style=\"text-align: justify; \"><span style=\"color: rgb(51, 51, 51); font-family: Arial, sans-serif;\">When the inventor Perry fires up his burrowing prospector, it runs out of control, plunging him with his young protege into the centre of the earth. There, instead of being destroyed by the molten lava they expect to find, they discover an inner world of bizarre savagery and unearthly beauty. Here mighty dinosaurs still roam alongside beasts never seen in the world above. And to their horror, they suddenly find themselves enslaved in a land where humans are ruled by the reptilian and evilly intelligent Mahars.</span><br></p>',9,'bookActive','',0,0,'1992-04-01'),(245,'The Scarlet Pimpernel ',0,256,156,18,'media/epubs/219.epub','media/bookimages/219.jpg',10,'3 days,7 days,14 days,21 days,1 month,1.5 months,2 months,3 months','English','<p style=\"margin-bottom: 14px; padding: 0px; color: rgb(51, 51, 51); font-family: Arial, sans-serif;\">Baroness Emmuska Orczy(September 23, 1865- November 12, 1947) was a British novelist, playwright and artist of Hungarian noble origin. She was born in Tarnaors, Heves Country, Hungary and was the daughter of composer Baron Felix Orczy and Countess Emma Wass. She is chiefly remerberd as author of The Scarlet Pimpernal, one of the greatest popular successes of the 20th century.</p><p style=\"margin-top: -4px; margin-bottom: 0px; padding: 0px; color: rgb(51, 51, 51); font-family: Arial, sans-serif;\">An attractive blend of romance, intrigue,and suspense, this timeless historical adventure recalls the Reign of Terror following the French Revolution, when ruthless mobs ruled the streets of Paris and hundreds of royalists were sacrificed to the guillotine each day. The only hope of many was a brave and dashing leader who smuggled French aristocrats across the Channel to England and safety. Known by the name of the wildflower he leaves as a calling card, the pimpernel becomes the darling of the people and si particulary admired by Marguerite Blakeney, who mocks her foppish husband as ardently as she admires this gallant hero.</p>',6,'bookActive','',0,0,'2006-03-08'),(246,'e la koro de la tero',12,72,128,18,'media/epubs/220.epub','media/bookimages/220.jpg',10,'3 days,7 days,14 days,21 days,1 month,1.5 months,2 months,3 months','English','<p><span style=\"color: rgb(24, 24, 24); font-family: Merriweather, Georgia, serif;\">In the South Pacific is a mountainous island called Caspak. Winged humanoid creatures, dinosaurs, ferocious beasts of prey, Neanderthals, \"wild ape-men,\" and monstrous reptiles terrorize each other, and the mixed crew of WW 1 adventurers who fight across the island and dine on Plesiosaurus steaks in the company of a jungle princess.</span><br></p>',9,'bookActive','',0,0,'1996-06-01'),(247,'The League of the Scarlet Pimpernel ',0,184,156,18,'media/epubs/221.epub','media/bookimages/221.jpg',10,'3 days,7 days,14 days,21 days,1 month,1.5 months,2 months,3 months','English','<p style=\"margin-top: -4px; margin-bottom: 14px; padding: 0px; color: rgb(51, 51, 51); font-family: Arial, sans-serif;\">\"The dangerous English spy known to the world as the Scarlet Pimpernel,\" he says, \"is now safely under lock and key. He must be transferred to the Abbaye prison forthwith -- and to the guillotine as quickly as might be. No one is to take any risks this time. There must be no question either of discrediting his famous League, or of obtaining other more valuable information out of him. Such methods have proved disastrous!\"</p><p style=\"margin-top: -4px; margin-bottom: 14px; padding: 0px; color: rgb(51, 51, 51); font-family: Arial, sans-serif;\">There are no safe Englishmen these days, except the dead ones -- and it will not take citizen Fouquier-Tinville much thought or time to frame an indictment against the notorious Scarlet Pimpernel . . . and&nbsp;<em>that</em>will do away with the necessity of a prolonged trial. The revolutionary government is at war with England now, and short work can be made of all poisonous spies!</p>',7,'bookActive','',0,0,'2004-06-01'),(248,'The People That Time Forgot',0,73,128,18,'media/epubs/222.epub','media/bookimages/222.jpg',10,'3 days,7 days,14 days,21 days,1 month,1.5 months,2 months,3 months','English','<p><span style=\"color: rgb(51, 51, 51); font-family: verdana, arial, helvetica, sans-serif; font-size: small;\">Edgar Rice Burroughs (1875-1950) was a prodigiously productive writer of pulp fictions--literary entertainments, that is, published in inexpensive, easily obtained periodicals. His style was simple and instantly accessible, his stories riveting if often implausible tales of adventure, and of good overcoming evil. Burroughs wasn\'t much of an artist. But, as Mike Resnick writes in his introduction to this commemorative edition of Burroughs\'s immensely popular trilogy&nbsp;</span><i style=\"color: rgb(51, 51, 51); font-family: verdana, arial, helvetica, sans-serif; font-size: small;\">The Land That Time Forgot</i><span style=\"color: rgb(51, 51, 51); font-family: verdana, arial, helvetica, sans-serif; font-size: small;\">, first published in 1924, almost every book Burroughs wrote remains in print, and countless readers turn to his Mars and Tarzan novels every day.</span></p><p style=\"color: rgb(51, 51, 51); font-family: verdana, arial, helvetica, sans-serif; font-size: small;\">In&nbsp;<i>Land</i>, Burroughs concocts a fabulous microworld, located somewhere in the South Pacific, called Caspak. On this mountainous island live winged, humanlike creatures, dinosaurs, ferocious beasts of prey, Neanderthals, \"wild ape-men,\" and monstrous reptiles; they terrorize each other, to say nothing of the mixed crew of World War I-era adventurers who inadvertently land on a Caspakian beach and fight their way across the island, dining on Plesiosaurus steaks and having a grand old time in the company of a jungle princess. The story streaks onward like a bullet toward its surprise ending, and it\'s pure fun all the way.&nbsp;<i>--Gregory McNamee</i></p>',9,'bookActive','',0,0,'1996-06-01'),(249,'The Elusive Pimpernel ',0,188,156,18,'media/epubs/223.epub','media/bookimages/223.jpg',10,'3 days,7 days,14 days,21 days,1 month,1.5 months,2 months,3 months','English','<p><b style=\"color: rgb(51, 51, 51); font-family: Arial, sans-serif;\">The Elusive Pimpernel</b><span style=\"color: rgb(51, 51, 51); font-family: Arial, sans-serif;\">&nbsp;by Baroness Orczy is the 4th book in the classic adventure series about the Scarlet Pimpernel. It is September 1793 and French Agent and chief spy-catcher Chauvelin is determined to get his revenge for the previous humiliations dished out to him at the hands of the Scarlet Pimpernel.</span><br style=\"color: rgb(51, 51, 51); font-family: Arial, sans-serif;\"><br style=\"color: rgb(51, 51, 51); font-family: Arial, sans-serif;\"><span style=\"color: rgb(51, 51, 51); font-family: Arial, sans-serif;\">Chauvelin travels to England as an official representative of the French government tasked with looking after the interests of French citizens, but this is only a cover and his real purpose is to trick Sir Percy Blakeney into returning to France, where he can be captured and put to the guillotine.</span><br style=\"color: rgb(51, 51, 51); font-family: Arial, sans-serif;\"><br style=\"color: rgb(51, 51, 51); font-family: Arial, sans-serif;\"><span style=\"color: rgb(51, 51, 51); font-family: Arial, sans-serif;\">The plot is hatched at a gala on Richmond Green, with the help of a young French actress, Dsire Candielle, whom Chauvelin has enlisted with promises of money, pardon and fame if she succeeds.</span><br style=\"color: rgb(51, 51, 51); font-family: Arial, sans-serif;\"><br style=\"color: rgb(51, 51, 51); font-family: Arial, sans-serif;\"><span style=\"color: rgb(51, 51, 51); font-family: Arial, sans-serif;\">Dsire is manning a tent with a model guillotine under the premise of raising money for the poor of Paris. Marguerite Blakeney enters her stall and starts talking to Dsire. On discovering her to be a fellow French actress, she is soon taken in by the young woman\'s sob story and before long had invited her to perform at her house in Richmond in front of the Prince of Wales.</span><br style=\"color: rgb(51, 51, 51); font-family: Arial, sans-serif;\"><br style=\"color: rgb(51, 51, 51); font-family: Arial, sans-serif;\"><span style=\"color: rgb(51, 51, 51); font-family: Arial, sans-serif;\">Once the offer has been made and accepted, Dsire\'s official chaperone is revealed as Chauvelin. Marguerite realizes she\'s been set up, but the offer has been made and Sir Percy insists that both of them should come to his house as arranged.</span><br style=\"color: rgb(51, 51, 51); font-family: Arial, sans-serif;\"><br style=\"color: rgb(51, 51, 51); font-family: Arial, sans-serif;\"><span style=\"color: rgb(51, 51, 51); font-family: Arial, sans-serif;\">Juliette de Marny is staying with them at Blakeney Manor. Chauvelin has managed to get his hands on her family jewels and has given a diamond necklace, which belonged to Juliette\'s mother, to Dsire Candielle. When Dsire turns up at the Blakeney\'s Richmond mansion wearing the jewels there is a bitter argument between the women. Dsire manages to engineer the situation so that Sir Percy must fight Chauvelin in a duel to avenge the insults levied against herfor which they must go to France, as dueling is outlawed in England.</span><br style=\"color: rgb(51, 51, 51); font-family: Arial, sans-serif;\"><br style=\"color: rgb(51, 51, 51); font-family: Arial, sans-serif;\"><span style=\"color: rgb(51, 51, 51); font-family: Arial, sans-serif;\">The following morning Percy leaves Marguerite behind in Richmond and heads for Boulogne. Chauvelin has no intentions of actually fighting the Englishman, but to ensure the Pimpernel cannot escape before he can be captured, Chauvelin sets a further trap for Marguerite who falls for it completely. Before long she has been arrested for attempting to enter France on a false passport, given to her by an apparently apologetic Dsire Candielle, as part of Chauvelin\'s plot.</span><br style=\"color: rgb(51, 51, 51); font-family: Arial, sans-serif;\"><br style=\"color: rgb(51, 51, 51); font-family: Arial, sans-serif;\"><span style=\"color: rgb(51, 51, 51); font-family: Arial, sans-serif;\">With Marguerite in prison and the citizens of Boulogne threatened with death if she escapes, Chauvelin appears to have an air-tight plan to secure and discredit Sir Percy that will end the meddling of the Scarlet Pimpernel for good... but as always Percy is more than a match for his arch-enemy...</span><br></p>',6,'bookActive','',0,0,'2001-07-01');
/*!40000 ALTER TABLE `rapp_ebooks` ENABLE KEYS */;
UNLOCK TABLES;

--
-- Table structure for table `rapp_ebooks_tags`
--

DROP TABLE IF EXISTS `rapp_ebooks_tags`;
/*!40101 SET @saved_cs_client     = @@character_set_client */;
/*!40101 SET character_set_client = utf8 */;
CREATE TABLE `rapp_ebooks_tags` (
  `id` int(11) NOT NULL AUTO_INCREMENT,
  `ebooks_id` int(11) NOT NULL,
  `tag_id` int(11) NOT NULL,
  PRIMARY KEY (`id`),
  UNIQUE KEY `rapp_ebooks_tags_ebooks_id_tag_id_4f4e314c_uniq` (`ebooks_id`,`tag_id`),
  KEY `rapp_ebooks_tags_tag_id_299fafcf_fk_rapp_tag_id` (`tag_id`),
  CONSTRAINT `rapp_ebooks_tags_ebooks_id_c71ee4b8_fk_rapp_ebooks_id` FOREIGN KEY (`ebooks_id`) REFERENCES `rapp_ebooks` (`id`),
  CONSTRAINT `rapp_ebooks_tags_tag_id_299fafcf_fk_rapp_tag_id` FOREIGN KEY (`tag_id`) REFERENCES `rapp_tag` (`id`)
) ENGINE=InnoDB AUTO_INCREMENT=624 DEFAULT CHARSET=utf8;
/*!40101 SET character_set_client = @saved_cs_client */;

--
-- Dumping data for table `rapp_ebooks_tags`
--

LOCK TABLES `rapp_ebooks_tags` WRITE;
/*!40000 ALTER TABLE `rapp_ebooks_tags` DISABLE KEYS */;
INSERT INTO `rapp_ebooks_tags` VALUES (4,30,4),(5,30,5),(6,30,6),(7,30,7),(8,32,4),(9,32,8),(10,33,4),(11,33,10),(12,33,11),(13,34,4),(14,34,12),(15,34,13),(16,35,4),(17,35,14),(18,35,15),(19,35,16),(20,36,4),(21,36,17),(22,36,18),(23,37,9),(24,37,13),(25,37,19),(26,37,20),(27,38,4),(28,38,21),(29,38,22),(30,39,4),(31,39,15),(32,40,4),(33,40,24),(34,40,25),(35,41,4),(36,41,26),(37,41,27),(38,42,4),(39,42,28),(40,42,29),(41,43,4),(42,43,30),(43,43,31),(44,44,4),(45,44,32),(46,44,33),(47,44,34),(48,45,4),(49,45,16),(50,45,34),(51,45,35),(52,45,36),(53,46,4),(54,46,15),(55,47,4),(56,47,34),(57,47,37),(58,48,4),(59,48,29),(60,48,38),(61,48,39),(62,49,16),(63,49,35),(64,49,36),(65,50,4),(66,50,5),(67,50,15),(68,50,31),(69,50,40),(70,51,26),(71,51,28),(72,51,42),(73,52,5),(74,52,43),(75,52,44),(76,52,45),(77,53,26),(78,53,52),(79,54,4),(80,54,5),(81,54,6),(82,55,26),(83,55,53),(84,56,9),(85,56,13),(86,56,44),(87,56,52),(88,57,10),(89,57,11),(90,58,10),(91,58,52),(92,58,54),(93,59,5),(94,59,6),(95,59,18),(96,59,35),(97,60,10),(98,60,52),(99,61,15),(100,61,36),(101,61,55),(102,62,56),(103,62,57),(105,63,15),(104,63,22),(106,66,14),(107,66,16),(108,67,10),(109,67,57),(110,67,59),(111,68,16),(112,68,18),(113,69,6),(114,69,10),(115,69,15),(116,69,43),(117,69,45),(118,70,4),(119,70,28),(120,71,17),(121,71,18),(122,71,60),(123,71,61),(124,72,4),(125,72,34),(126,73,6),(127,73,15),(128,73,45),(129,73,55),(130,74,5),(131,74,15),(132,74,31),(133,74,57),(134,75,16),(135,75,18),(136,75,62),(137,76,53),(138,76,63),(139,76,64),(140,77,21),(141,77,58),(142,77,65),(143,78,26),(144,78,57),(145,79,26),(146,79,56),(147,79,66),(148,80,10),(149,80,67),(150,81,21),(151,81,58),(152,81,65),(153,82,52),(154,82,67),(155,82,68),(156,83,15),(157,83,27),(158,83,53),(159,84,5),(160,84,6),(161,84,18),(162,84,67),(163,84,69),(164,85,4),(165,85,10),(166,85,59),(167,86,10),(168,86,26),(169,87,25),(170,87,34),(171,88,24),(172,88,25),(173,88,57),(174,90,6),(175,90,16),(176,90,67),(177,91,10),(178,91,25),(179,92,26),(180,92,70),(181,93,15),(182,93,27),(183,93,53),(184,94,4),(185,94,5),(186,94,59),(187,95,44),(188,95,71),(189,96,26),(190,96,41),(191,97,5),(192,97,10),(193,97,72),(194,98,5),(195,98,6),(196,98,57),(197,99,57),(198,99,73),(199,100,9),(200,100,13),(201,100,15),(202,100,17),(203,101,12),(204,101,16),(205,101,74),(206,102,10),(207,102,71),(208,103,6),(209,103,57),(210,103,67),(211,104,16),(212,104,34),(213,105,11),(214,105,12),(215,106,15),(216,106,27),(217,106,53),(218,106,75),(219,107,6),(220,107,43),(221,107,67),(222,108,5),(223,108,34),(224,108,57),(225,109,21),(226,109,22),(227,109,65),(228,110,6),(229,110,12),(230,110,15),(231,110,44),(232,110,74),(233,111,15),(234,111,27),(235,111,53),(236,111,59),(237,112,26),(238,112,57),(239,113,13),(240,113,18),(241,113,52),(242,114,17),(243,114,28),(244,114,76),(245,114,77),(246,115,22),(247,115,65),(248,116,4),(249,116,29),(250,117,5),(251,117,6),(252,117,15),(253,117,67),(254,118,57),(255,118,66),(256,119,4),(257,119,5),(258,119,6),(259,119,18),(260,119,31),(261,120,27),(262,120,29),(263,127,5),(264,127,6),(265,127,13),(266,127,67),(267,128,6),(268,128,67),(269,129,75),(270,129,78),(271,130,10),(272,130,79),(273,131,74),(274,131,80),(275,132,26),(276,132,59),(277,132,80),(278,133,4),(279,133,28),(280,133,59),(281,134,28),(282,134,29),(283,134,59),(284,134,62),(285,134,80),(286,135,15),(287,135,27),(288,135,53),(289,135,59),(290,135,62),(291,135,80),(292,136,80),(293,136,81),(294,136,82),(295,137,64),(296,137,81),(297,138,52),(298,138,57),(299,138,64),(300,138,81),(301,140,64),(302,140,81),(303,141,4),(304,141,64),(305,141,81),(306,142,19),(307,142,64),(308,142,80),(309,142,81),(310,142,82),(311,143,64),(312,143,80),(313,143,83),(314,144,64),(315,144,80),(316,145,64),(317,145,79),(318,145,80),(319,146,64),(320,146,80),(321,147,64),(322,147,80),(323,148,26),(324,148,80),(325,149,26),(326,149,80),(327,150,26),(328,150,57),(329,150,64),(330,150,80),(331,151,16),(332,151,26),(333,151,64),(334,151,80),(335,152,64),(336,152,80),(337,154,4),(338,154,67),(339,155,52),(340,155,57),(341,155,64),(342,156,25),(343,156,64),(344,157,25),(345,157,29),(346,157,64),(347,158,29),(348,158,64),(349,159,80),(350,160,25),(351,160,64),(352,161,29),(353,161,64),(356,162,64),(357,162,84),(360,163,64),(361,163,84),(364,164,64),(365,164,84),(368,165,12),(369,165,84),(370,166,16),(371,166,85),(372,167,16),(373,167,85),(374,167,86),(375,168,11),(376,168,16),(377,168,86),(378,169,11),(379,169,16),(380,169,85),(381,169,86),(384,171,16),(385,171,18),(386,171,85),(389,172,16),(390,172,18),(391,172,85),(394,173,16),(395,173,18),(396,173,85),(399,174,16),(400,174,18),(401,174,85),(404,176,16),(405,176,18),(406,176,85),(409,177,16),(410,177,18),(411,177,85),(414,178,16),(415,178,18),(416,178,85),(417,179,10),(418,179,16),(419,179,45),(420,179,85),(421,180,6),(422,180,10),(423,180,16),(424,180,67),(425,181,6),(426,181,10),(427,181,67),(428,181,80),(429,182,6),(430,182,10),(431,182,16),(432,182,67),(433,183,6),(434,183,10),(435,183,16),(436,183,67),(437,184,6),(438,184,10),(439,184,16),(440,184,67),(441,184,80),(442,185,10),(443,185,16),(444,185,67),(445,185,85),(446,186,16),(447,186,58),(448,186,88),(449,187,16),(450,187,18),(451,187,85),(452,188,16),(453,188,22),(454,188,88),(455,189,16),(456,189,85),(458,190,16),(459,190,52),(460,190,85),(461,191,16),(462,191,18),(463,191,85),(465,192,16),(466,193,5),(467,193,16),(468,193,80),(471,195,11),(472,195,16),(473,195,85),(474,196,45),(475,196,85),(476,197,4),(477,198,10),(478,198,80),(479,199,16),(480,199,18),(481,199,85),(482,202,5),(483,202,6),(484,202,16),(485,202,18),(486,202,67),(487,203,5),(488,203,6),(489,203,16),(490,203,18),(491,203,67),(492,205,16),(493,205,18),(494,206,10),(495,206,16),(496,206,67),(497,207,16),(498,207,85),(499,208,16),(500,208,64),(501,208,76),(502,208,86),(503,209,14),(504,209,16),(505,209,44),(506,209,85),(509,210,16),(511,211,16),(512,213,12),(513,213,89),(514,213,90),(515,214,4),(516,214,12),(517,214,57),(518,214,67),(519,215,16),(520,215,22),(521,215,65),(522,216,16),(523,216,67),(524,216,91),(525,217,10),(526,217,16),(527,217,85),(528,217,86),(529,218,12),(530,218,16),(531,218,94),(532,218,95),(533,219,10),(534,219,16),(535,219,80),(536,220,12),(537,220,35),(538,220,96),(539,221,16),(540,221,64),(541,224,16),(542,224,80),(543,225,12),(544,225,57),(545,225,99),(546,226,16),(547,226,64),(548,227,12),(549,227,57),(550,227,67),(551,227,99),(552,228,11),(553,228,16),(554,228,80),(555,228,85),(556,229,12),(557,229,57),(558,229,67),(559,230,16),(560,230,22),(561,231,28),(562,231,69),(563,231,84),(564,232,10),(565,232,16),(566,233,12),(567,233,94),(568,233,100),(569,233,101),(570,234,6),(571,234,11),(572,234,16),(573,234,64),(574,234,67),(575,235,12),(576,235,67),(577,235,100),(578,236,16),(579,236,80),(580,237,11),(581,237,12),(582,237,100),(583,238,16),(584,238,64),(585,239,12),(586,239,16),(587,239,84),(588,239,100),(589,240,16),(590,240,64),(591,240,80),(592,241,11),(593,241,12),(594,241,16),(595,241,100),(596,242,12),(597,242,16),(598,243,16),(599,243,64),(600,244,12),(601,244,16),(602,244,62),(603,245,10),(604,245,16),(605,245,80),(608,246,16),(609,246,84),(610,247,16),(611,247,80),(612,247,85),(613,247,86),(616,248,16),(617,248,84),(618,249,10),(619,249,16);
/*!40000 ALTER TABLE `rapp_ebooks_tags` ENABLE KEYS */;
UNLOCK TABLES;

--
-- Table structure for table `rapp_facebookid`
--

DROP TABLE IF EXISTS `rapp_facebookid`;
/*!40101 SET @saved_cs_client     = @@character_set_client */;
/*!40101 SET character_set_client = utf8 */;
CREATE TABLE `rapp_facebookid` (
  `id` int(11) NOT NULL AUTO_INCREMENT,
  `user_id` int(11) NOT NULL,
  PRIMARY KEY (`id`),
  KEY `rapp_facebookid_user_id_8ba1418c_fk_auth_user_id` (`user_id`),
  CONSTRAINT `rapp_facebookid_user_id_8ba1418c_fk_auth_user_id` FOREIGN KEY (`user_id`) REFERENCES `auth_user` (`id`)
) ENGINE=InnoDB DEFAULT CHARSET=utf8;
/*!40101 SET character_set_client = @saved_cs_client */;

--
-- Dumping data for table `rapp_facebookid`
--

LOCK TABLES `rapp_facebookid` WRITE;
/*!40000 ALTER TABLE `rapp_facebookid` DISABLE KEYS */;
/*!40000 ALTER TABLE `rapp_facebookid` ENABLE KEYS */;
UNLOCK TABLES;

--
-- Table structure for table `rapp_genreview`
--

DROP TABLE IF EXISTS `rapp_genreview`;
/*!40101 SET @saved_cs_client     = @@character_set_client */;
/*!40101 SET character_set_client = utf8 */;
CREATE TABLE `rapp_genreview` (
  `id` int(11) NOT NULL AUTO_INCREMENT,
  `time` datetime(6) NOT NULL,
  `duration` int(11) NOT NULL,
  `profilevector` longtext NOT NULL,
  `genre_id` int(11) NOT NULL,
  `user_id` int(11) NOT NULL,
  PRIMARY KEY (`id`),
  KEY `rapp_genreview_genre_id_5d44beb2_fk_rapp_category_id` (`genre_id`),
  KEY `rapp_genreview_user_id_256bba3a_fk_auth_user_id` (`user_id`),
  CONSTRAINT `rapp_genreview_genre_id_5d44beb2_fk_rapp_category_id` FOREIGN KEY (`genre_id`) REFERENCES `rapp_category` (`id`),
  CONSTRAINT `rapp_genreview_user_id_256bba3a_fk_auth_user_id` FOREIGN KEY (`user_id`) REFERENCES `auth_user` (`id`)
) ENGINE=InnoDB AUTO_INCREMENT=41 DEFAULT CHARSET=utf8;
/*!40101 SET character_set_client = @saved_cs_client */;

--
-- Dumping data for table `rapp_genreview`
--

LOCK TABLES `rapp_genreview` WRITE;
/*!40000 ALTER TABLE `rapp_genreview` DISABLE KEYS */;
INSERT INTO `rapp_genreview` VALUES (1,'2019-01-10 12:02:11.837306',1,'self-development self-development',3,23),(2,'2019-01-10 12:02:22.111509',1,'health&fitness health&fitness',14,23),(3,'2019-01-10 12:02:26.583630',1,'academicbooks academicbooks',20,23),(4,'2019-01-10 12:11:59.591400',1,'self-development self-development',3,23),(5,'2019-01-10 12:13:52.174760',1,'self-development self-development',3,23),(6,'2019-01-10 12:35:43.785902',2,'self-development self-development',3,23),(7,'2019-01-10 12:51:36.171559',13,'self-development self-development',3,23),(8,'2019-01-10 12:51:54.185490',3,'health&fitness health&fitness',14,23),(9,'2019-01-10 12:52:00.820797',22,'health&fitness health&fitness',14,23),(10,'2019-01-10 12:52:23.646460',21,'health&fitness health&fitness',14,23),(11,'2019-01-10 12:59:53.730094',0,'fiction,literature&novels fiction,literature&novels',10,23),(12,'2019-01-10 13:05:41.073073',7,'fiction,literature&novels fiction,literature&novels',10,23),(13,'2019-01-10 13:05:49.174127',5,'fiction,literature&novels fiction,literature&novels',10,23),(14,'2019-01-10 13:05:54.662166',355,'fiction,literature&novels fiction,literature&novels',10,23),(15,'2019-01-10 13:11:52.392071',5,'fiction,literature&novels fiction,literature&novels',10,23),(16,'2019-01-10 18:24:19.761202',21,'fiction,literature&novels fiction,literature&novels',10,23),(17,'2019-01-10 18:24:41.405286',14,'fiction,literature&novels fiction,literature&novels',10,23),(18,'2019-01-10 18:24:56.142595',70,'fiction,literature&novels fiction,literature&novels',10,23),(19,'2019-01-10 18:26:07.170966',70,'fiction,literature&novels fiction,literature&novels',10,23),(20,'2019-01-10 18:26:07.468359',0,'fiction,literature&novels fiction,literature&novels',10,23),(21,'2019-01-10 18:26:08.456862',0,'fiction,literature&novels fiction,literature&novels',10,23),(22,'2019-01-10 18:26:21.369989',16,'fiction,literature&novels fiction,literature&novels',10,23),(23,'2019-01-10 18:26:38.147222',3,'fiction,literature&novels fiction,literature&novels',10,23),(24,'2019-01-10 18:26:42.030379',2,'fiction,literature&novels fiction,literature&novels',10,23),(25,'2019-01-11 00:12:46.950051',97,'fiction,literature&novels fiction,literature&novels',10,54),(26,'2019-01-12 02:31:46.795040',12,'fiction,literature&novels fiction,literature&novels',10,54),(27,'2019-01-13 05:42:57.188790',0,'health&fitness health&fitness',10,58),(28,'2019-01-13 05:43:18.692124',4428,'fiction,literature&novels fiction,literature&novels',10,58),(29,'2019-01-13 12:51:15.873446',0,'science&technology science&technology',10,63),(30,'2019-01-13 12:52:11.980772',0,'science&technology science&technology',10,63),(31,'2019-01-13 12:52:22.101413',0,'science&technology science&technology',10,63),(32,'2019-01-16 06:58:32.433154',0,'business&finance business&finance',10,23),(33,'2019-01-16 06:58:32.535997',0,'business&finance business&finance',10,23),(34,'2019-01-17 04:32:12.364573',0,'youngadult youngadult',10,54),(35,'2019-01-17 04:33:23.001883',0,'youngadult youngadult',10,23),(36,'2019-01-17 04:33:26.780644',0,'youngadult youngadult',10,54),(37,'2019-01-17 04:33:46.722966',0,'youngadult youngadult',10,54),(38,'2019-01-17 04:33:51.116514',0,'youngadult youngadult',10,54),(39,'2019-01-17 16:34:32.086367',84,'fiction,literature&novels fiction,literature&novels',10,67),(40,'2019-01-18 06:32:22.136076',0,'health&fitness health&fitness',10,70);
/*!40000 ALTER TABLE `rapp_genreview` ENABLE KEYS */;
UNLOCK TABLES;

--
-- Table structure for table `rapp_gmailid`
--

DROP TABLE IF EXISTS `rapp_gmailid`;
/*!40101 SET @saved_cs_client     = @@character_set_client */;
/*!40101 SET character_set_client = utf8 */;
CREATE TABLE `rapp_gmailid` (
  `id` int(11) NOT NULL AUTO_INCREMENT,
  `user_id` int(11) NOT NULL,
  PRIMARY KEY (`id`),
  KEY `rapp_gmailid_user_id_666af66b_fk_auth_user_id` (`user_id`),
  CONSTRAINT `rapp_gmailid_user_id_666af66b_fk_auth_user_id` FOREIGN KEY (`user_id`) REFERENCES `auth_user` (`id`)
) ENGINE=InnoDB AUTO_INCREMENT=3 DEFAULT CHARSET=utf8;
/*!40101 SET character_set_client = @saved_cs_client */;

--
-- Dumping data for table `rapp_gmailid`
--

LOCK TABLES `rapp_gmailid` WRITE;
/*!40000 ALTER TABLE `rapp_gmailid` DISABLE KEYS */;
INSERT INTO `rapp_gmailid` VALUES (1,66),(2,68);
/*!40000 ALTER TABLE `rapp_gmailid` ENABLE KEYS */;
UNLOCK TABLES;

--
-- Table structure for table `rapp_highlight`
--

DROP TABLE IF EXISTS `rapp_highlight`;
/*!40101 SET @saved_cs_client     = @@character_set_client */;
/*!40101 SET character_set_client = utf8 */;
CREATE TABLE `rapp_highlight` (
  `id` int(11) NOT NULL AUTO_INCREMENT,
  `cfirange` longtext NOT NULL,
  `time` datetime(6) NOT NULL,
  `ebook_id` int(11) NOT NULL,
  `user_id` int(11) NOT NULL,
  `color` varchar(255) NOT NULL,
  `note` tinyint(1) NOT NULL,
  `text` longtext,
  `selectedtext` longtext NOT NULL,
  PRIMARY KEY (`id`),
  KEY `rapp_highlight_ebook_id_b9b1acc9_fk_rapp_ebooks_id` (`ebook_id`),
  KEY `rapp_highlight_user_id_66f9a3ce_fk_auth_user_id` (`user_id`),
  CONSTRAINT `rapp_highlight_ebook_id_b9b1acc9_fk_rapp_ebooks_id` FOREIGN KEY (`ebook_id`) REFERENCES `rapp_ebooks` (`id`),
  CONSTRAINT `rapp_highlight_user_id_66f9a3ce_fk_auth_user_id` FOREIGN KEY (`user_id`) REFERENCES `auth_user` (`id`)
) ENGINE=InnoDB AUTO_INCREMENT=190 DEFAULT CHARSET=utf8;
/*!40101 SET character_set_client = @saved_cs_client */;

--
-- Dumping data for table `rapp_highlight`
--

LOCK TABLES `rapp_highlight` WRITE;
/*!40000 ALTER TABLE `rapp_highlight` DISABLE KEYS */;
INSERT INTO `rapp_highlight` VALUES (189,'epubcfi(/6/2[item4]!/4/26[chap01]/12,/1:641,/1:1023)','2019-01-13 12:45:57.130086',166,63,'rgb(201, 237, 237)',0,NULL,' day when the negroes would have something to teach the British in the way of civilization. So at any rate ran the account of Tam Dyke, who did not share the preacher\'s views. \'It\'s all nonsense, Davie. The Bible says that the children of Ham were to be our servants. If I were the minister I wouldn\'t let a nigger into the pulpit. I wouldn\'t let him farther than the Sabbath school');
/*!40000 ALTER TABLE `rapp_highlight` ENABLE KEYS */;
UNLOCK TABLES;

--
-- Table structure for table `rapp_keyvalue`
--

DROP TABLE IF EXISTS `rapp_keyvalue`;
/*!40101 SET @saved_cs_client     = @@character_set_client */;
/*!40101 SET character_set_client = utf8 */;
CREATE TABLE `rapp_keyvalue` (
  `id` int(11) NOT NULL AUTO_INCREMENT,
  `key` varchar(255) NOT NULL,
  `value` int(11) NOT NULL,
  PRIMARY KEY (`id`)
) ENGINE=InnoDB AUTO_INCREMENT=3 DEFAULT CHARSET=utf8;
/*!40101 SET character_set_client = @saved_cs_client */;

--
-- Dumping data for table `rapp_keyvalue`
--

LOCK TABLES `rapp_keyvalue` WRITE;
/*!40000 ALTER TABLE `rapp_keyvalue` DISABLE KEYS */;
INSERT INTO `rapp_keyvalue` VALUES (1,'ebook',224),(2,'image',224);
/*!40000 ALTER TABLE `rapp_keyvalue` ENABLE KEYS */;
UNLOCK TABLES;

--
-- Table structure for table `rapp_lastpage`
--

DROP TABLE IF EXISTS `rapp_lastpage`;
/*!40101 SET @saved_cs_client     = @@character_set_client */;
/*!40101 SET character_set_client = utf8 */;
CREATE TABLE `rapp_lastpage` (
  `id` int(11) NOT NULL AUTO_INCREMENT,
  `ebook_id` int(11) NOT NULL,
  `user_id` int(11) NOT NULL,
  `time` datetime(6) NOT NULL,
  `epubcfi` longtext NOT NULL,
  PRIMARY KEY (`id`),
  KEY `rapp_lastpage_ebook_id_02a4e3de_fk_rapp_ebooks_id` (`ebook_id`),
  KEY `rapp_lastpage_user_id_1626741d_fk_auth_user_id` (`user_id`),
  CONSTRAINT `rapp_lastpage_ebook_id_02a4e3de_fk_rapp_ebooks_id` FOREIGN KEY (`ebook_id`) REFERENCES `rapp_ebooks` (`id`),
  CONSTRAINT `rapp_lastpage_user_id_1626741d_fk_auth_user_id` FOREIGN KEY (`user_id`) REFERENCES `auth_user` (`id`)
) ENGINE=InnoDB AUTO_INCREMENT=19 DEFAULT CHARSET=utf8;
/*!40101 SET character_set_client = @saved_cs_client */;

--
-- Dumping data for table `rapp_lastpage`
--

LOCK TABLES `rapp_lastpage` WRITE;
/*!40000 ALTER TABLE `rapp_lastpage` DISABLE KEYS */;
INSERT INTO `rapp_lastpage` VALUES (2,50,23,'2019-01-10 17:06:45.768455','epubcfi(/6/2[item3]!/4/478/1:0)'),(3,116,23,'2019-01-10 17:08:10.979498','epubcfi(/6/2[item6]!/4/72/7:0)'),(4,36,23,'2019-01-10 17:09:33.768198','epubcfi(/6/2[item4]!/4/30[pgepubid00003]/1:0)'),(5,76,23,'2019-01-10 17:22:07.371076','epubcfi(/6/6[item6]!/4/20/1:1665)'),(6,30,23,'2019-01-17 08:58:48.589442','epubcfi(/6/20[item13]!/4/180/1:130)'),(7,34,23,'2019-01-10 20:43:49.040103','epubcfi(/6/10[item8]!/4/54[chap20]/8/1:332)'),(8,38,23,'2019-01-10 17:26:57.545490','epubcfi(/6/4[item5]!/4/2/4[pgepubid00000]/2/1:0)'),(9,52,23,'2019-01-10 20:44:49.624311','epubcfi(/6/2[item21]!/4/10[pgepubid00000]/1:0)'),(10,57,23,'2019-01-10 17:29:01.144587','epubcfi(/6/18[item12]!/4/274/1:455)'),(11,66,23,'2019-01-17 08:46:53.219542','epubcfi(/6/4[item120]!/4/78/1:0)'),(12,68,23,'2019-01-10 21:16:35.756324','epubcfi(/6/8[item7]!/4/256/1:0)'),(13,68,54,'2019-01-11 00:15:02.644097','epubcfi(/6/2[item4]!/4/432/1:0)'),(14,30,54,'2019-01-17 04:30:57.168123','epubcfi(/6/24[item15]!/4/338/1:0)'),(15,46,54,'2019-01-17 04:30:52.534234','epubcfi(/6/2[item2]!/4/2[pgepubid00000]/1:0)'),(16,38,68,'2019-01-17 17:13:49.491446','epubcfi(/6/24[item15]!/4/2/2[pgepubid00015]/2/2[id_12]/1:0)'),(17,227,68,'2019-01-17 17:13:43.740286','epubcfi(/6/6[item6]!/4/96[chap12]/24/1:224)'),(18,41,23,'2019-01-18 04:25:03.682557','epubcfi(/6/2[item3]!/4/4[pgepubid00000]/1:0)');
/*!40000 ALTER TABLE `rapp_lastpage` ENABLE KEYS */;
UNLOCK TABLES;

--
-- Table structure for table `rapp_lastpagesample`
--

DROP TABLE IF EXISTS `rapp_lastpagesample`;
/*!40101 SET @saved_cs_client     = @@character_set_client */;
/*!40101 SET character_set_client = utf8 */;
CREATE TABLE `rapp_lastpagesample` (
  `id` int(11) NOT NULL AUTO_INCREMENT,
  `epubcfi` longtext NOT NULL,
  `time` datetime(6) NOT NULL,
  `ebook_id` int(11) NOT NULL,
  `user_id` int(11) NOT NULL,
  PRIMARY KEY (`id`),
  KEY `rapp_lastpagesample_ebook_id_77152a8c_fk_rapp_ebooks_id` (`ebook_id`),
  KEY `rapp_lastpagesample_user_id_86019696_fk_auth_user_id` (`user_id`),
  CONSTRAINT `rapp_lastpagesample_ebook_id_77152a8c_fk_rapp_ebooks_id` FOREIGN KEY (`ebook_id`) REFERENCES `rapp_ebooks` (`id`),
  CONSTRAINT `rapp_lastpagesample_user_id_86019696_fk_auth_user_id` FOREIGN KEY (`user_id`) REFERENCES `auth_user` (`id`)
) ENGINE=InnoDB AUTO_INCREMENT=5 DEFAULT CHARSET=utf8;
/*!40101 SET character_set_client = @saved_cs_client */;

--
-- Dumping data for table `rapp_lastpagesample`
--

LOCK TABLES `rapp_lastpagesample` WRITE;
/*!40000 ALTER TABLE `rapp_lastpagesample` DISABLE KEYS */;
INSERT INTO `rapp_lastpagesample` VALUES (1,'epubcfi(/6/4[item5]!/4/2/34/1:0)','2019-01-13 06:57:10.191102',38,58),(2,'epubcfi(/6/2[item4]!/4/4[pgepubid00000]/1:0)','2019-01-13 12:47:51.172525',166,63),(3,'epubcfi(/6/2[item4]!/4/4[pgepubid00000]/1:0)','2019-01-13 14:07:36.241109',30,58),(4,'epubcfi(/6/2[item4]!/4/4[pgepubid00000]/1:0)','2019-01-21 17:58:11.772879',76,63);
/*!40000 ALTER TABLE `rapp_lastpagesample` ENABLE KEYS */;
UNLOCK TABLES;

--
-- Table structure for table `rapp_music`
--

DROP TABLE IF EXISTS `rapp_music`;
/*!40101 SET @saved_cs_client     = @@character_set_client */;
/*!40101 SET character_set_client = utf8 */;
CREATE TABLE `rapp_music` (
  `id` int(11) NOT NULL AUTO_INCREMENT,
  `name` varchar(255) NOT NULL,
  `artist` varchar(255) DEFAULT NULL,
  `image` varchar(100) NOT NULL,
  `duration` int(11) NOT NULL,
  `media` varchar(100) NOT NULL,
  `listennum` int(11) NOT NULL,
  `priority` int(11) NOT NULL,
  `publishdate` datetime(6) NOT NULL,
  `genre_id` int(11) NOT NULL,
  PRIMARY KEY (`id`),
  KEY `rapp_music_genre_id_8dad2e55_fk_rapp_musicgenre_id` (`genre_id`),
  CONSTRAINT `rapp_music_genre_id_8dad2e55_fk_rapp_musicgenre_id` FOREIGN KEY (`genre_id`) REFERENCES `rapp_musicgenre` (`id`)
) ENGINE=InnoDB AUTO_INCREMENT=6 DEFAULT CHARSET=utf8;
/*!40101 SET character_set_client = @saved_cs_client */;

--
-- Dumping data for table `rapp_music`
--

LOCK TABLES `rapp_music` WRITE;
/*!40000 ALTER TABLE `rapp_music` DISABLE KEYS */;
INSERT INTO `rapp_music` VALUES (1,'Blue Deja Vu Music for Studying',NULL,'musicimages/dejavu.jpg',320,'music/Blue-Deja-Vu-Music-for-Studying.mp3',5,6,'2018-11-02 12:08:12.203049',1),(2,'Focus Music 1',NULL,'musicimages/focus-music.jpg',1518,'music/MusicStudy-FOCUS.mp3',0,7,'2018-11-02 12:10:40.130997',1),(3,'Natural Soothing of Waterfall and Bird',NULL,'musicimages/waterfall.jpg',900,'music/natural_soothing_of_waterfall_and_bird.mp3',3,8,'2018-11-02 12:12:31.574717',2),(4,'Study Aid Music Piano',NULL,'musicimages/piano.jpeg',586,'music/Study-Aid-Music-Piano.mp3',4,10,'2018-11-02 12:14:16.752684',5),(5,'Healing Water',NULL,'musicimages/healingwater.jpeg',330,'music/Study-Music-Healing-Water.mp3',0,8,'2018-11-05 08:31:19.947672',1);
/*!40000 ALTER TABLE `rapp_music` ENABLE KEYS */;
UNLOCK TABLES;

--
-- Table structure for table `rapp_music_tag`
--

DROP TABLE IF EXISTS `rapp_music_tag`;
/*!40101 SET @saved_cs_client     = @@character_set_client */;
/*!40101 SET character_set_client = utf8 */;
CREATE TABLE `rapp_music_tag` (
  `id` int(11) NOT NULL AUTO_INCREMENT,
  `music_id` int(11) NOT NULL,
  `musictag_id` int(11) NOT NULL,
  PRIMARY KEY (`id`),
  UNIQUE KEY `rapp_music_tag_music_id_musictag_id_5fbc287e_uniq` (`music_id`,`musictag_id`),
  KEY `rapp_music_tag_musictag_id_ff190a21_fk_rapp_musictag_id` (`musictag_id`),
  CONSTRAINT `rapp_music_tag_music_id_e60156a6_fk_rapp_music_id` FOREIGN KEY (`music_id`) REFERENCES `rapp_music` (`id`),
  CONSTRAINT `rapp_music_tag_musictag_id_ff190a21_fk_rapp_musictag_id` FOREIGN KEY (`musictag_id`) REFERENCES `rapp_musictag` (`id`)
) ENGINE=InnoDB AUTO_INCREMENT=6 DEFAULT CHARSET=utf8;
/*!40101 SET character_set_client = @saved_cs_client */;

--
-- Dumping data for table `rapp_music_tag`
--

LOCK TABLES `rapp_music_tag` WRITE;
/*!40000 ALTER TABLE `rapp_music_tag` DISABLE KEYS */;
INSERT INTO `rapp_music_tag` VALUES (1,1,2),(2,1,6),(3,1,7),(4,5,8),(5,5,9);
/*!40000 ALTER TABLE `rapp_music_tag` ENABLE KEYS */;
UNLOCK TABLES;

--
-- Table structure for table `rapp_musicgenre`
--

DROP TABLE IF EXISTS `rapp_musicgenre`;
/*!40101 SET @saved_cs_client     = @@character_set_client */;
/*!40101 SET character_set_client = utf8 */;
CREATE TABLE `rapp_musicgenre` (
  `id` int(11) NOT NULL AUTO_INCREMENT,
  `name` varchar(255) NOT NULL,
  `image` varchar(100) DEFAULT NULL,
  PRIMARY KEY (`id`)
) ENGINE=InnoDB AUTO_INCREMENT=6 DEFAULT CHARSET=utf8;
/*!40101 SET character_set_client = @saved_cs_client */;

--
-- Dumping data for table `rapp_musicgenre`
--

LOCK TABLES `rapp_musicgenre` WRITE;
/*!40000 ALTER TABLE `rapp_musicgenre` DISABLE KEYS */;
INSERT INTO `rapp_musicgenre` VALUES (1,'Study Music','musicgenre/studymusic.jpeg'),(2,'Relaxing Music','musicgenre/relaxingmusic.jpeg'),(3,'Peaceful Music','musicgenre/peacefulmusic.png'),(4,'Instrumental Music','musicgenre/instrumentalmusic.jpg'),(5,'Memory Music','musicgenre/memorymusic.jpg');
/*!40000 ALTER TABLE `rapp_musicgenre` ENABLE KEYS */;
UNLOCK TABLES;

--
-- Table structure for table `rapp_musiclis`
--

DROP TABLE IF EXISTS `rapp_musiclis`;
/*!40101 SET @saved_cs_client     = @@character_set_client */;
/*!40101 SET character_set_client = utf8 */;
CREATE TABLE `rapp_musiclis` (
  `id` int(11) NOT NULL AUTO_INCREMENT,
  `time` datetime(6) NOT NULL,
  `music_id` int(11) NOT NULL,
  `user_id` int(11) NOT NULL,
  `queue` tinyint(1) NOT NULL,
  PRIMARY KEY (`id`),
  KEY `rapp_musiclis_music_id_e5cb268f_fk_rapp_music_id` (`music_id`),
  KEY `rapp_musiclis_user_id_2b1b83d3_fk_auth_user_id` (`user_id`),
  CONSTRAINT `rapp_musiclis_music_id_e5cb268f_fk_rapp_music_id` FOREIGN KEY (`music_id`) REFERENCES `rapp_music` (`id`),
  CONSTRAINT `rapp_musiclis_user_id_2b1b83d3_fk_auth_user_id` FOREIGN KEY (`user_id`) REFERENCES `auth_user` (`id`)
) ENGINE=InnoDB AUTO_INCREMENT=644 DEFAULT CHARSET=utf8;
/*!40101 SET character_set_client = @saved_cs_client */;

--
-- Dumping data for table `rapp_musiclis`
--

LOCK TABLES `rapp_musiclis` WRITE;
/*!40000 ALTER TABLE `rapp_musiclis` DISABLE KEYS */;
INSERT INTO `rapp_musiclis` VALUES (31,'2018-11-04 06:44:50.106063',4,23,0),(32,'2018-11-04 06:45:22.290222',3,23,0),(33,'2018-11-04 06:46:49.898174',2,23,0),(34,'2018-11-04 06:51:25.201871',1,23,0),(39,'2018-11-04 07:02:19.591669',3,23,0),(40,'2018-11-04 07:07:31.668665',4,23,0),(41,'2018-11-04 07:10:17.312984',3,23,0),(42,'2018-11-04 07:27:08.312194',3,23,0),(43,'2018-11-04 07:51:52.977888',3,23,0),(44,'2018-11-04 07:52:50.790037',3,23,0),(45,'2018-11-04 07:59:32.262842',3,23,0),(46,'2018-11-04 08:00:26.564619',1,23,0),(47,'2018-11-04 08:04:30.107758',1,23,0),(48,'2018-11-04 08:04:33.594557',1,23,0),(49,'2018-11-04 08:04:34.897282',1,23,0),(50,'2018-11-04 08:04:35.811910',1,23,0),(51,'2018-11-04 08:07:27.963858',1,23,0),(52,'2018-11-04 08:07:48.552107',1,23,0),(53,'2018-11-04 08:07:57.612026',1,23,0),(54,'2018-11-04 08:07:59.135006',1,23,0),(55,'2018-11-04 09:07:34.903847',1,23,0),(56,'2018-11-04 09:07:51.094498',1,23,0),(57,'2018-11-04 09:09:28.070501',1,23,0),(58,'2018-11-04 09:09:57.454752',3,23,0),(59,'2018-11-04 09:14:19.986193',1,23,0),(60,'2018-11-04 09:14:34.464748',4,23,0),(61,'2018-11-04 09:14:45.223344',1,23,0),(62,'2018-11-04 09:15:01.258199',4,23,0),(63,'2018-11-04 09:15:20.927368',1,23,0),(64,'2018-11-04 09:25:43.537386',4,23,0),(65,'2018-11-04 09:25:52.261107',1,23,0),(66,'2018-11-04 09:26:08.220708',4,23,0),(67,'2018-11-04 09:26:28.069515',1,23,0),(68,'2018-11-04 09:26:46.666299',4,23,0),(69,'2018-11-04 09:26:58.143265',1,23,0),(70,'2018-11-04 09:28:23.151064',4,23,0),(71,'2018-11-04 09:28:36.791509',1,23,0),(72,'2018-11-04 09:29:32.457268',4,23,0),(73,'2018-11-04 09:29:56.179120',1,23,0),(74,'2018-11-04 09:31:25.298388',4,23,0),(75,'2018-11-04 09:31:53.144677',4,23,0),(76,'2018-11-04 09:32:03.990252',1,23,0),(77,'2018-11-04 09:33:15.142690',4,23,0),(78,'2018-11-04 09:33:57.128165',4,23,0),(79,'2018-11-04 09:34:06.570481',1,23,0),(80,'2018-11-04 09:34:48.995637',4,23,0),(81,'2018-11-04 09:35:09.127276',1,23,0),(82,'2018-11-04 09:37:01.499318',4,23,0),(83,'2018-11-04 09:37:45.890051',4,23,0),(84,'2018-11-04 09:40:33.039169',4,23,0),(85,'2018-11-04 09:41:19.545432',4,23,0),(86,'2018-11-04 09:42:40.608836',4,23,0),(87,'2018-11-04 09:45:06.797647',4,23,0),(88,'2018-11-04 09:46:07.171107',4,23,0),(89,'2018-11-04 09:48:13.212627',4,23,0),(90,'2018-11-04 09:49:40.496406',4,23,0),(91,'2018-11-04 09:52:42.994089',4,23,0),(92,'2018-11-04 09:54:24.832803',4,23,0),(93,'2018-11-04 09:54:48.143497',1,23,0),(94,'2018-11-04 09:58:05.066719',4,23,0),(95,'2018-11-04 09:59:01.863457',1,23,0),(96,'2018-11-04 10:02:20.385225',4,23,0),(97,'2018-11-04 10:02:32.302808',4,23,0),(98,'2018-11-04 10:02:37.297199',4,23,0),(99,'2018-11-04 10:02:38.222572',4,23,0),(100,'2018-11-04 10:02:39.410642',4,23,0),(101,'2018-11-04 10:02:42.098190',4,23,0),(102,'2018-11-04 10:02:42.112451',4,23,0),(103,'2018-11-04 10:02:45.023014',4,23,0),(104,'2018-11-04 10:02:46.026617',4,23,0),(105,'2018-11-04 10:02:47.865821',4,23,0),(106,'2018-11-04 10:02:53.823883',4,23,0),(107,'2018-11-04 10:02:54.840724',4,23,0),(108,'2018-11-04 10:02:54.853097',4,23,0),(109,'2018-11-04 10:02:59.638705',1,23,0),(110,'2018-11-04 10:03:03.565606',1,23,0),(111,'2018-11-04 10:03:07.138523',1,23,0),(112,'2018-11-04 10:03:09.337019',1,23,0),(113,'2018-11-04 10:03:10.895427',1,23,0),(114,'2018-11-04 10:03:12.740822',1,23,0),(115,'2018-11-04 10:03:12.748455',1,23,0),(116,'2018-11-04 10:08:29.476024',4,23,0),(117,'2018-11-04 10:08:32.725539',4,23,0),(118,'2018-11-04 10:08:33.938520',4,23,0),(119,'2018-11-04 10:08:35.847144',4,23,0),(120,'2018-11-04 10:08:36.880812',4,23,0),(121,'2018-11-04 10:08:38.083490',4,23,0),(122,'2018-11-04 10:08:45.637524',4,23,0),(123,'2018-11-04 10:08:46.682894',4,23,0),(124,'2018-11-04 10:08:51.858562',4,23,0),(125,'2018-11-04 10:08:53.032515',4,23,0),(126,'2018-11-04 10:08:58.839150',4,23,0),(127,'2018-11-04 10:09:04.203137',4,23,0),(128,'2018-11-04 10:09:17.897767',4,23,0),(129,'2018-11-04 10:09:25.441517',4,23,0),(130,'2018-11-04 10:09:30.839331',4,23,0),(131,'2018-11-04 10:09:32.511049',4,23,0),(132,'2018-11-04 10:09:34.654688',4,23,0),(133,'2018-11-04 10:09:54.163977',1,23,0),(134,'2018-11-04 10:10:00.097381',1,23,0),(135,'2018-11-04 10:10:03.138405',1,23,0),(136,'2018-11-04 10:10:04.399064',1,23,0),(137,'2018-11-04 10:10:05.189460',1,23,0),(138,'2018-11-04 10:10:06.107769',1,23,0),(139,'2018-11-04 10:10:06.994500',1,23,0),(140,'2018-11-04 10:10:15.730061',4,23,0),(141,'2018-11-04 10:11:26.839842',4,23,0),(142,'2018-11-04 10:11:31.678677',4,23,0),(143,'2018-11-04 10:11:36.928174',1,23,0),(144,'2018-11-04 10:11:39.929165',1,23,0),(145,'2018-11-04 10:15:15.565376',4,23,0),(146,'2018-11-04 10:15:22.625012',1,23,0),(147,'2018-11-04 10:15:28.576474',1,23,0),(148,'2018-11-04 10:15:29.911302',1,23,0),(149,'2018-11-04 10:15:32.233522',1,23,0),(150,'2018-11-04 10:15:36.339405',4,23,0),(151,'2018-11-04 10:15:39.816967',4,23,0),(152,'2018-11-04 10:15:40.792727',4,23,0),(153,'2018-11-04 10:16:18.377673',4,23,0),(154,'2018-11-04 10:16:25.820549',1,23,0),(155,'2018-11-04 10:16:30.771379',4,23,0),(156,'2018-11-04 10:16:37.077446',1,23,0),(157,'2018-11-04 10:16:40.372380',4,23,0),(158,'2018-11-04 10:18:07.572797',4,23,0),(159,'2018-11-04 10:18:11.692593',1,23,0),(160,'2018-11-04 10:20:45.976693',4,23,0),(161,'2018-11-04 10:22:41.600348',4,23,0),(162,'2018-11-04 10:22:48.624293',1,23,0),(163,'2018-11-04 10:23:06.164588',1,23,0),(164,'2018-11-04 10:26:20.703130',4,23,0),(165,'2018-11-04 10:29:46.171344',4,23,0),(166,'2018-11-04 10:31:07.173435',4,23,0),(167,'2018-11-04 10:31:46.008414',4,23,0),(168,'2018-11-04 10:32:26.646643',4,23,0),(169,'2018-11-04 10:33:26.191317',4,23,0),(170,'2018-11-04 10:34:01.516046',4,23,0),(171,'2018-11-04 10:35:58.276809',4,23,0),(172,'2018-11-04 10:36:26.411101',4,23,0),(173,'2018-11-04 10:36:52.704726',4,23,0),(174,'2018-11-04 10:37:16.645197',4,23,0),(175,'2018-11-04 10:37:28.548525',4,23,0),(176,'2018-11-04 10:37:51.931857',4,23,0),(177,'2018-11-04 10:38:28.928420',4,23,0),(178,'2018-11-04 10:38:58.104836',4,23,0),(179,'2018-11-04 10:39:56.111941',4,23,0),(180,'2018-11-04 10:40:36.504688',4,23,0),(181,'2018-11-04 10:41:10.733756',4,23,0),(182,'2018-11-04 10:41:41.852295',4,23,0),(183,'2018-11-04 10:42:13.699784',4,23,0),(184,'2018-11-04 10:42:32.862100',4,23,0),(185,'2018-11-04 10:42:45.728395',4,23,0),(186,'2018-11-04 10:43:23.827219',4,23,0),(187,'2018-11-04 10:44:26.579610',4,23,0),(188,'2018-11-04 10:45:27.921739',4,23,0),(189,'2018-11-04 10:45:56.426336',4,23,0),(190,'2018-11-04 10:46:12.576895',4,23,0),(191,'2018-11-04 10:47:07.460099',4,23,0),(192,'2018-11-04 10:47:37.294439',4,23,0),(193,'2018-11-04 10:47:55.271976',4,23,0),(194,'2018-11-04 10:48:47.912194',4,23,0),(195,'2018-11-04 10:49:54.410617',4,23,0),(196,'2018-11-04 10:51:12.853478',4,23,0),(197,'2018-11-04 11:01:53.426540',4,23,0),(198,'2018-11-04 11:03:28.346726',4,23,0),(199,'2018-11-04 11:24:17.076806',4,23,0),(200,'2018-11-04 11:26:27.298495',4,23,0),(201,'2018-11-04 11:26:33.591151',3,23,1),(202,'2018-11-04 11:26:45.886443',4,23,0),(203,'2018-11-04 11:27:22.947872',4,23,0),(204,'2018-11-04 11:40:51.047254',4,23,0),(205,'2018-11-04 11:40:55.497936',3,23,1),(206,'2018-11-04 11:41:07.279224',4,23,0),(207,'2018-11-04 11:41:44.377506',4,23,0),(208,'2018-11-04 11:42:16.001886',4,23,0),(209,'2018-11-04 11:42:37.368516',4,23,0),(210,'2018-11-04 11:42:41.102091',1,23,0),(211,'2018-11-04 11:46:21.756093',4,23,0),(212,'2018-11-04 12:04:34.888766',4,23,0),(213,'2018-11-04 12:05:52.835900',4,23,0),(214,'2018-11-04 12:06:26.311813',4,23,0),(215,'2018-11-04 12:09:30.382285',4,23,0),(216,'2018-11-04 12:11:01.927671',4,23,0),(217,'2018-11-04 12:11:42.179869',4,23,0),(218,'2018-11-04 12:12:01.854625',4,23,0),(219,'2018-11-04 12:12:21.952204',4,23,0),(220,'2018-11-04 12:12:55.871197',4,23,0),(221,'2018-11-04 12:13:13.531689',4,23,0),(222,'2018-11-04 12:13:36.357736',4,23,0),(223,'2018-11-04 12:16:05.470867',4,23,0),(224,'2018-11-04 12:16:40.060883',4,23,0),(225,'2018-11-04 12:22:25.747518',4,23,0),(226,'2018-11-04 12:22:30.111043',3,23,1),(227,'2018-11-04 12:22:59.911428',3,23,1),(228,'2018-11-04 12:22:59.916111',3,23,1),(229,'2018-11-04 12:22:59.923513',3,23,1),(230,'2018-11-04 12:22:59.924654',3,23,1),(231,'2018-11-04 12:23:11.203943',3,23,1),(232,'2018-11-04 12:23:32.660413',3,23,1),(233,'2018-11-04 12:23:51.043402',4,23,0),(234,'2018-11-04 12:23:56.891728',3,23,1),(235,'2018-11-04 12:25:40.962860',4,23,0),(236,'2018-11-04 12:25:44.970898',3,23,1),(237,'2018-11-04 12:25:50.246745',2,23,0),(238,'2018-11-04 12:25:54.131223',1,23,0),(239,'2018-11-04 12:27:44.754962',4,23,0),(240,'2018-11-04 12:27:48.074539',1,23,0),(241,'2018-11-04 12:27:54.194557',2,23,0),(242,'2018-11-04 12:27:55.825727',3,23,1),(243,'2018-11-04 12:27:58.056976',4,23,0),(244,'2018-11-04 12:28:26.574876',4,23,0),(245,'2018-11-04 12:28:28.616897',1,23,0),(246,'2018-11-04 12:28:34.627155',2,23,0),(247,'2018-11-04 12:28:50.376226',1,23,0),(248,'2018-11-04 12:30:21.603992',4,23,0),(249,'2018-11-04 12:32:39.570425',4,23,0),(250,'2018-11-04 12:32:41.806555',3,23,1),(251,'2018-11-04 12:32:42.480735',2,23,0),(252,'2018-11-04 12:32:43.249111',1,23,0),(253,'2018-11-04 12:32:52.485674',1,23,0),(254,'2018-11-04 12:34:35.902919',4,23,0),(255,'2018-11-04 12:34:37.257080',3,23,1),(256,'2018-11-04 12:34:37.869441',2,23,0),(257,'2018-11-04 12:34:38.372412',1,23,0),(258,'2018-11-04 12:34:39.334897',4,23,0),(259,'2018-11-04 12:34:42.953024',1,23,0),(260,'2018-11-04 12:34:45.217205',3,23,1),(261,'2018-11-04 12:34:48.592512',2,23,0),(262,'2018-11-04 12:34:57.563197',1,23,0),(263,'2018-11-04 12:34:57.685664',3,23,1),(264,'2018-11-04 12:34:58.870415',4,23,0),(265,'2018-11-04 12:35:54.798232',4,23,0),(266,'2018-11-04 12:35:56.984924',4,23,0),(267,'2018-11-04 12:35:58.383375',1,23,0),(268,'2018-11-04 12:36:00.990561',3,23,1),(269,'2018-11-04 12:36:03.065671',2,23,0),(270,'2018-11-04 12:37:22.658525',4,23,0),(271,'2018-11-04 12:39:01.001711',4,23,0),(272,'2018-11-04 12:39:09.722850',4,23,0),(273,'2018-11-04 12:39:11.395517',1,23,0),(274,'2018-11-04 12:39:14.553228',3,23,1),(275,'2018-11-04 12:39:18.483604',2,23,0),(276,'2018-11-04 12:40:10.654486',4,23,0),(277,'2018-11-04 12:40:11.883136',4,23,0),(278,'2018-11-04 12:40:16.367414',1,23,0),(279,'2018-11-04 12:40:17.622345',3,23,1),(280,'2018-11-04 12:40:18.663005',2,23,0),(281,'2018-11-04 12:41:06.927569',4,23,0),(282,'2018-11-04 12:41:08.162459',4,23,0),(283,'2018-11-04 12:41:09.407268',1,23,0),(284,'2018-11-04 12:41:09.856475',3,23,1),(285,'2018-11-04 12:41:10.702674',2,23,0),(286,'2018-11-04 12:42:58.723587',4,23,0),(287,'2018-11-04 12:43:00.840767',1,23,0),(288,'2018-11-04 12:43:02.294412',3,23,1),(289,'2018-11-04 12:43:04.211182',2,23,0),(290,'2018-11-04 12:43:10.268730',3,23,1),(291,'2018-11-04 12:46:02.062484',4,23,0),(292,'2018-11-04 12:46:05.285487',1,23,0),(293,'2018-11-04 12:46:07.038281',3,23,1),(294,'2018-11-04 12:46:31.075903',4,23,0),(295,'2018-11-04 12:46:33.438379',1,23,0),(296,'2018-11-04 12:46:35.808198',3,23,1),(297,'2018-11-04 12:46:37.219623',2,23,0),(298,'2018-11-04 12:47:20.484906',4,23,0),(299,'2018-11-04 12:47:23.302280',1,23,0),(300,'2018-11-04 12:47:24.400367',3,23,1),(301,'2018-11-04 12:47:25.420556',2,23,0),(302,'2018-11-04 12:54:02.623361',4,23,0),(303,'2018-11-04 12:54:05.407712',4,23,0),(304,'2018-11-04 12:54:08.249809',1,23,0),(305,'2018-11-04 12:54:10.658041',3,23,1),(306,'2018-11-04 12:54:12.124840',2,23,0),(307,'2018-11-04 12:55:30.475583',4,23,0),(308,'2018-11-04 12:55:34.055903',4,23,0),(309,'2018-11-04 12:55:37.386215',1,23,0),(310,'2018-11-04 12:55:40.887108',3,23,1),(311,'2018-11-04 12:55:43.686835',2,23,0),(312,'2018-11-04 12:56:27.534374',4,23,0),(313,'2018-11-04 12:56:31.538600',4,23,0),(314,'2018-11-04 12:56:32.816208',1,23,0),(315,'2018-11-04 12:56:34.576424',3,23,1),(316,'2018-11-04 12:56:36.363160',2,23,0),(317,'2018-11-04 12:56:40.547847',3,23,1),(318,'2018-11-04 12:57:45.152008',4,23,0),(319,'2018-11-04 12:57:46.044696',4,23,0),(320,'2018-11-04 12:57:51.452234',1,23,0),(321,'2018-11-04 12:57:52.798703',3,23,1),(322,'2018-11-04 12:57:54.006639',2,23,0),(323,'2018-11-04 12:57:56.782987',3,23,1),(324,'2018-11-04 12:57:59.793063',1,23,0),(325,'2018-11-04 12:59:38.931192',4,23,0),(326,'2018-11-04 12:59:43.419695',1,23,0),(327,'2018-11-04 12:59:54.821776',1,23,0),(328,'2018-11-04 12:59:56.321582',3,23,1),(329,'2018-11-04 13:00:00.310821',2,23,0),(330,'2018-11-04 13:00:06.518783',1,23,0),(331,'2018-11-04 13:00:07.931889',4,23,0),(332,'2018-11-04 13:00:38.907696',4,23,0),(333,'2018-11-04 13:07:16.151289',4,23,0),(334,'2018-11-04 13:07:20.029069',3,23,1),(335,'2018-11-04 13:07:22.896151',2,23,0),(336,'2018-11-04 13:07:25.252208',1,23,0),(337,'2018-11-04 13:07:31.406918',4,23,0),(338,'2018-11-04 13:07:35.683286',1,23,0),(339,'2018-11-04 13:07:40.494552',3,23,1),(340,'2018-11-04 13:07:42.479649',2,23,0),(341,'2018-11-04 13:07:52.472791',1,23,0),(342,'2018-11-04 13:07:56.446947',4,23,0),(343,'2018-11-04 13:08:02.399795',4,23,0),(344,'2018-11-04 13:08:03.957198',4,23,0),(345,'2018-11-04 13:08:06.677296',1,23,0),(346,'2018-11-04 13:08:07.856968',3,23,1),(347,'2018-11-04 13:08:13.008457',2,23,0),(348,'2018-11-04 13:08:37.437237',3,23,1),(349,'2018-11-04 13:09:02.924636',4,23,0),(350,'2018-11-04 13:09:04.774372',4,23,0),(351,'2018-11-04 13:09:05.855918',1,23,0),(352,'2018-11-04 13:09:06.275122',3,23,1),(353,'2018-11-04 13:09:08.535016',2,23,0),(354,'2018-11-04 13:09:10.562412',3,23,1),(355,'2018-11-04 13:09:11.278071',1,23,0),(356,'2018-11-04 13:09:11.924884',4,23,0),(357,'2018-11-04 13:09:14.643583',1,23,0),(358,'2018-11-04 13:09:28.886895',2,23,0),(359,'2018-11-04 13:09:31.035109',3,23,1),(360,'2018-11-04 13:09:31.052654',3,23,1),(361,'2018-11-04 13:09:33.051868',1,23,0),(362,'2018-11-04 13:09:34.546699',3,23,1),(363,'2018-11-04 13:09:41.676879',4,23,0),(364,'2018-11-04 13:10:27.040395',4,23,0),(365,'2018-11-04 13:10:28.335973',1,23,0),(366,'2018-11-04 13:10:30.685805',4,23,0),(367,'2018-11-04 13:10:46.965890',4,23,0),(368,'2018-11-04 13:10:49.585589',4,23,0),(369,'2018-11-04 13:10:56.105283',4,23,0),(370,'2018-11-04 13:10:59.426406',1,23,0),(371,'2018-11-04 13:11:04.028458',1,23,0),(372,'2018-11-04 13:11:16.618713',4,23,0),(373,'2018-11-04 13:11:24.069536',1,23,0),(374,'2018-11-04 13:11:31.958402',1,23,0),(375,'2018-11-04 13:12:07.974362',1,23,0),(376,'2018-11-04 13:32:02.987387',4,23,0),(377,'2018-11-04 14:18:22.661303',1,23,0),(378,'2018-11-04 14:52:12.348365',4,23,0),(379,'2018-11-04 15:16:52.080202',2,23,0),(380,'2018-11-05 06:31:54.670171',2,23,0),(381,'2018-11-05 06:32:01.491678',1,23,0),(382,'2018-11-05 06:32:53.641221',2,23,0),(383,'2018-11-05 06:32:55.287589',1,23,0),(384,'2018-11-05 06:32:57.734448',2,23,0),(385,'2018-11-05 06:33:14.947602',4,23,0),(386,'2018-11-05 06:33:16.935357',1,23,0),(387,'2018-11-05 06:33:18.158302',4,23,0),(388,'2018-11-05 06:33:28.492885',4,23,0),(389,'2018-11-05 06:33:30.313276',1,23,0),(390,'2018-11-05 06:33:31.597745',2,23,0),(391,'2018-11-05 06:33:40.533621',1,23,0),(392,'2018-11-05 06:33:41.611802',2,23,0),(393,'2018-11-05 06:33:49.084376',1,23,0),(394,'2018-11-05 06:33:53.940686',4,23,0),(395,'2018-11-05 06:37:43.324394',4,23,0),(396,'2018-11-05 06:37:49.965119',4,23,0),(397,'2018-11-05 06:37:56.310767',1,23,0),(398,'2018-11-05 06:37:57.134848',3,23,1),(399,'2018-11-05 06:37:58.007293',2,23,0),(400,'2018-11-05 06:42:46.439833',4,23,0),(401,'2018-11-05 06:42:48.981443',4,23,0),(402,'2018-11-05 06:42:50.668744',1,23,0),(403,'2018-11-05 06:42:54.404785',3,23,1),(404,'2018-11-05 06:42:57.484951',2,23,0),(405,'2018-11-05 06:44:04.305839',2,23,0),(406,'2018-11-05 06:44:14.220720',4,23,0),(407,'2018-11-05 06:44:15.072882',4,23,0),(408,'2018-11-05 06:44:17.988935',1,23,0),(409,'2018-11-05 06:44:18.762297',3,23,1),(410,'2018-11-05 06:44:20.761513',2,23,0),(411,'2018-11-05 06:45:08.051248',4,23,0),(412,'2018-11-05 06:45:09.606945',4,23,0),(413,'2018-11-05 06:45:11.976940',1,23,0),(414,'2018-11-05 06:45:12.670199',3,23,1),(415,'2018-11-05 06:45:14.110166',2,23,0),(416,'2018-11-05 06:46:00.593114',4,23,0),(417,'2018-11-05 06:46:03.166494',4,23,0),(418,'2018-11-05 06:46:03.859242',1,23,0),(419,'2018-11-05 06:46:04.725109',3,23,1),(420,'2018-11-05 06:46:06.163376',2,23,0),(421,'2018-11-05 06:47:57.230547',4,23,0),(422,'2018-11-05 06:47:59.757276',3,23,1),(423,'2018-11-05 06:48:00.539121',2,23,0),(424,'2018-11-05 06:49:00.458568',4,23,0),(425,'2018-11-05 06:49:02.582661',4,23,0),(426,'2018-11-05 06:49:03.251677',1,23,0),(427,'2018-11-05 06:49:04.032607',3,23,1),(428,'2018-11-05 06:49:04.819913',2,23,0),(429,'2018-11-05 06:50:04.131219',4,23,0),(430,'2018-11-05 06:50:06.375757',1,23,0),(431,'2018-11-05 06:50:07.017707',3,23,1),(432,'2018-11-05 06:50:07.941612',2,23,0),(433,'2018-11-05 06:50:58.363218',4,23,0),(434,'2018-11-05 06:50:59.408496',4,23,0),(435,'2018-11-05 06:51:02.705279',1,23,0),(436,'2018-11-05 06:51:03.634074',3,23,1),(437,'2018-11-05 06:51:05.432887',2,23,0),(438,'2018-11-05 06:51:07.984442',4,23,0),(439,'2018-11-05 06:53:41.830781',2,23,0),(440,'2018-11-05 06:53:46.366041',1,23,0),(441,'2018-11-05 06:53:57.154797',1,23,0),(442,'2018-11-05 06:54:51.935071',2,23,0),(443,'2018-11-05 06:56:28.173053',2,23,0),(444,'2018-11-05 06:56:31.352257',1,23,0),(445,'2018-11-05 08:13:00.348742',2,23,0),(446,'2018-11-05 08:18:51.734547',4,23,0),(447,'2018-11-05 08:19:44.929949',2,23,0),(448,'2018-11-05 08:20:45.364655',2,23,0),(449,'2018-11-05 08:20:58.134048',2,23,0),(450,'2018-11-05 08:21:02.419509',2,23,0),(451,'2018-11-05 08:21:03.485592',2,23,0),(452,'2018-11-05 08:21:04.121460',2,23,0),(453,'2018-11-05 08:21:04.628837',2,23,0),(454,'2018-11-05 08:21:04.845600',2,23,0),(455,'2018-11-05 08:21:05.083769',2,23,0),(456,'2018-11-05 08:21:05.257828',2,23,0),(457,'2018-11-05 08:21:55.332213',2,23,0),(458,'2018-11-05 08:21:55.333690',2,23,0),(459,'2018-11-05 08:21:55.335298',2,23,0),(460,'2018-11-05 08:22:00.303900',2,23,0),(461,'2018-11-05 08:22:02.950220',2,23,0),(462,'2018-11-05 08:31:34.907502',5,23,1),(463,'2018-11-05 08:31:48.898293',5,23,1),(464,'2018-11-05 08:31:51.816109',5,23,1),(465,'2018-11-05 08:31:53.400474',5,23,1),(466,'2018-11-05 08:38:29.810224',2,23,0),(467,'2018-11-05 08:40:07.230614',2,23,0),(468,'2018-11-05 08:40:19.992210',2,23,0),(469,'2018-11-05 08:40:55.849368',2,23,0),(470,'2018-11-05 08:41:43.311363',2,23,0),(471,'2018-11-05 08:43:51.445361',1,23,0),(472,'2018-11-05 08:43:54.145782',2,23,0),(473,'2018-11-05 09:16:30.397609',4,23,0),(474,'2018-11-05 09:16:34.631716',4,23,0),(475,'2018-11-05 09:17:21.844899',4,23,0),(476,'2018-11-05 09:17:24.155832',4,23,0),(477,'2018-11-05 09:17:30.815105',1,23,0),(478,'2018-11-05 09:17:48.690828',1,23,0),(479,'2018-11-05 09:17:50.606963',2,23,0),(480,'2018-11-05 09:18:02.154317',3,23,1),(481,'2018-11-05 09:18:05.798570',4,23,0),(482,'2018-11-05 09:18:12.660723',5,23,1),(483,'2018-11-05 09:18:17.339002',1,23,0),(484,'2018-11-05 09:18:19.794284',5,23,1),(485,'2018-11-05 09:18:22.145522',1,23,0),(486,'2018-11-05 09:18:27.162515',3,23,1),(487,'2018-11-05 09:18:29.981583',5,23,1),(488,'2018-11-05 09:18:32.151340',4,23,0),(489,'2018-11-05 09:18:37.534246',1,23,0),(490,'2018-11-05 09:18:38.773796',2,23,0),(491,'2018-11-05 09:18:39.715154',1,23,0),(492,'2018-11-05 09:18:51.082311',3,23,1),(493,'2018-11-05 09:18:54.343839',1,23,0),(494,'2018-11-05 09:18:54.394054',2,23,0),(495,'2018-11-05 09:18:55.988459',2,23,0),(496,'2018-11-05 09:19:00.001310',1,23,0),(497,'2018-11-05 09:19:04.376550',3,23,1),(498,'2018-11-05 09:19:05.465230',4,23,0),(499,'2018-11-05 09:19:35.959941',1,23,0),(500,'2018-11-05 09:19:37.820074',2,23,0),(501,'2018-11-05 09:19:39.333250',1,23,0),(502,'2018-11-05 09:20:10.144202',3,23,1),(503,'2018-11-05 09:20:11.413895',4,23,0),(504,'2018-11-05 09:21:30.949344',1,23,0),(505,'2018-11-05 09:21:40.738157',2,23,0),(506,'2018-11-05 09:22:42.542320',3,23,1),(507,'2018-11-05 09:22:46.440520',4,23,0),(508,'2018-11-05 09:22:49.267618',3,23,1),(509,'2018-11-05 09:22:54.118967',1,23,0),(510,'2018-11-05 09:22:57.070310',2,23,0),(511,'2018-11-05 09:23:34.634358',3,23,1),(512,'2018-11-05 09:23:35.620828',4,23,0),(513,'2018-11-05 09:23:38.949260',5,23,1),(514,'2018-11-05 09:23:43.274012',1,23,0),(515,'2018-11-05 09:23:44.225244',2,23,0),(516,'2018-11-05 09:24:36.176482',1,23,0),(517,'2018-11-05 09:24:39.109831',2,23,0),(518,'2018-11-05 09:25:20.081120',1,23,0),(519,'2018-11-05 09:25:21.576984',2,23,0),(520,'2018-11-05 09:28:33.047094',1,23,0),(521,'2018-11-05 09:28:34.181631',2,23,0),(522,'2018-11-05 09:29:01.373576',1,23,0),(523,'2018-11-05 09:29:06.058121',2,23,0),(524,'2018-11-05 09:30:33.249417',1,23,0),(525,'2018-11-05 09:30:34.828766',2,23,0),(526,'2018-11-05 09:33:42.359031',1,23,0),(527,'2018-11-05 09:33:44.795277',2,23,0),(528,'2018-11-05 09:34:33.828579',1,23,0),(529,'2018-11-05 09:34:34.951667',2,23,0),(530,'2018-11-05 09:35:43.138022',1,23,0),(531,'2018-11-05 09:35:45.550953',2,23,0),(532,'2018-11-05 09:37:14.689840',1,23,0),(533,'2018-11-05 09:37:15.809931',2,23,0),(534,'2018-11-05 09:38:53.864669',1,23,0),(535,'2018-11-05 09:38:55.244351',2,23,0),(536,'2018-11-05 09:39:10.356728',1,23,0),(537,'2018-11-05 09:40:08.725317',2,23,0),(538,'2018-11-05 09:40:33.557575',1,23,0),(539,'2018-11-05 09:40:34.690168',2,23,0),(540,'2018-11-05 09:40:36.858929',1,23,0),(541,'2018-11-05 09:40:39.443310',3,23,1),(542,'2018-11-05 09:40:42.773209',4,23,0),(543,'2018-11-05 09:40:53.752479',1,23,0),(544,'2018-11-05 09:41:10.070359',5,23,1),(545,'2018-11-05 09:41:12.678342',1,23,0),(546,'2018-11-05 09:41:17.010943',3,23,1),(547,'2018-11-05 09:41:19.705728',1,23,0),(548,'2018-11-05 09:41:21.469200',1,23,0),(549,'2018-11-05 09:41:33.367549',5,23,1),(550,'2018-11-05 09:41:35.982783',3,23,1),(551,'2018-11-05 09:41:39.100378',1,23,0),(552,'2018-11-05 09:41:41.746872',5,23,1),(553,'2018-11-05 09:41:44.128268',1,23,0),(554,'2018-11-05 09:41:44.235766',3,23,1),(555,'2018-11-05 09:42:00.405025',3,23,1),(556,'2018-11-05 09:42:10.212110',5,23,1),(557,'2018-11-05 09:42:36.613447',3,23,1),(558,'2018-11-05 09:43:30.504512',1,23,0),(559,'2018-11-05 09:46:49.298151',4,23,0),(560,'2018-11-05 09:52:14.982838',1,23,0),(561,'2018-11-05 09:52:16.494537',2,23,0),(562,'2018-11-05 09:52:19.828925',3,23,1),(563,'2018-11-05 09:55:07.998460',4,23,0),(564,'2018-11-05 10:12:54.404262',4,23,0),(565,'2018-11-05 10:24:08.122999',4,23,0),(566,'2018-11-05 10:26:03.745341',4,23,0),(567,'2018-11-05 10:28:39.519455',4,23,0),(568,'2018-11-05 11:00:54.944058',4,23,0),(569,'2018-11-05 11:01:29.935771',4,23,0),(570,'2018-11-05 11:02:37.939263',4,23,0),(571,'2018-11-05 11:02:53.205732',4,23,0),(572,'2018-11-05 11:03:26.921121',4,23,0),(573,'2018-11-05 11:29:42.579877',4,23,0),(574,'2018-11-05 11:30:59.781944',4,23,0),(575,'2018-11-05 11:31:01.132216',4,23,0),(576,'2018-11-05 11:31:13.859626',3,23,1),(577,'2018-11-05 11:31:31.596445',4,23,0),(578,'2018-11-05 11:40:05.376453',4,23,0),(579,'2018-11-05 11:40:34.110189',4,23,0),(580,'2018-11-05 11:42:06.693118',4,23,0),(581,'2018-11-05 11:42:28.558987',4,23,0),(582,'2018-11-05 11:43:20.048274',4,23,0),(583,'2018-11-05 11:43:57.991550',4,23,0),(584,'2018-11-05 11:45:36.989768',3,23,1),(585,'2018-11-05 11:46:26.365778',4,23,0),(586,'2018-11-05 11:46:46.278841',4,23,0),(587,'2018-11-05 11:48:14.992689',4,23,0),(588,'2018-11-05 11:55:26.913047',4,23,0),(589,'2018-11-05 11:55:57.432937',4,23,0),(590,'2018-11-05 11:58:32.227619',4,23,0),(591,'2018-11-05 11:59:42.351759',4,23,0),(592,'2018-11-05 12:00:12.159127',4,23,0),(593,'2018-11-05 12:00:49.842547',4,23,0),(594,'2018-11-05 12:01:22.939399',4,23,0),(595,'2018-11-05 12:02:51.562948',4,23,0),(596,'2018-11-05 12:03:46.495429',4,23,0),(597,'2018-11-05 12:04:18.812911',4,23,0),(598,'2018-11-05 12:05:19.982921',4,23,0),(599,'2018-11-05 12:08:40.299823',4,23,0),(600,'2018-11-05 12:20:31.596220',4,23,0),(601,'2018-11-23 13:40:26.681951',5,23,1),(602,'2018-11-30 15:31:09.273240',3,23,1),(603,'2018-11-30 15:33:34.044545',1,23,0),(604,'2018-11-30 16:12:27.477813',4,23,0),(605,'2018-11-30 16:12:33.208320',3,23,1),(606,'2018-11-30 16:13:06.129936',1,23,0),(607,'2018-11-30 16:13:16.942608',2,23,0),(608,'2018-11-30 16:13:29.898207',4,23,0),(609,'2018-11-30 16:14:00.077990',4,23,0),(610,'2018-11-30 16:14:35.918658',4,23,1),(611,'2018-11-30 16:14:43.219706',5,23,1),(612,'2018-11-30 16:14:45.268059',4,23,1),(613,'2018-11-30 16:17:02.586947',4,23,1),(614,'2018-11-30 16:17:14.546496',4,23,1),(615,'2018-11-30 16:18:00.330694',4,23,1),(616,'2018-11-30 16:19:24.741411',4,23,1),(617,'2018-11-30 16:19:34.737927',4,23,1),(618,'2018-11-30 16:22:35.772025',4,23,1),(619,'2018-11-30 16:25:03.201039',4,23,1),(620,'2018-11-30 16:25:23.902445',4,23,1),(621,'2018-11-30 16:25:38.276351',3,23,1),(622,'2018-11-30 16:26:06.094593',3,23,1),(623,'2018-11-30 16:26:39.128716',3,23,1),(624,'2018-11-30 16:27:03.849132',3,23,1),(625,'2018-11-30 16:27:33.874677',3,23,1),(626,'2018-11-30 16:28:02.649402',3,23,1),(627,'2018-11-30 16:31:14.978780',5,23,1),(628,'2018-11-30 16:31:35.263171',3,23,1),(629,'2018-11-30 16:33:46.652499',3,23,1),(630,'2018-11-30 16:34:13.838388',3,23,1),(631,'2018-11-30 16:34:13.847171',3,23,1),(632,'2018-11-30 16:34:26.546975',3,23,1),(633,'2018-11-30 16:35:12.637643',3,23,1),(634,'2018-11-30 16:37:07.042420',3,23,1),(635,'2018-11-30 16:37:32.832449',3,23,1),(636,'2018-12-02 04:36:35.508612',5,23,1),(637,'2018-12-03 15:05:01.604776',3,23,1),(638,'2018-12-03 15:31:40.482646',3,23,1),(639,'2018-12-12 16:56:35.072604',3,23,1),(640,'2018-12-12 16:56:50.546407',3,23,1),(641,'2019-01-17 04:16:45.666859',4,54,1),(642,'2019-01-17 04:16:45.676213',4,54,1),(643,'2019-01-17 04:16:45.685068',4,54,1);
/*!40000 ALTER TABLE `rapp_musiclis` ENABLE KEYS */;
UNLOCK TABLES;

--
-- Table structure for table `rapp_musictag`
--

DROP TABLE IF EXISTS `rapp_musictag`;
/*!40101 SET @saved_cs_client     = @@character_set_client */;
/*!40101 SET character_set_client = utf8 */;
CREATE TABLE `rapp_musictag` (
  `id` int(11) NOT NULL AUTO_INCREMENT,
  `name` varchar(255) NOT NULL,
  PRIMARY KEY (`id`)
) ENGINE=InnoDB AUTO_INCREMENT=10 DEFAULT CHARSET=utf8;
/*!40101 SET character_set_client = @saved_cs_client */;

--
-- Dumping data for table `rapp_musictag`
--

LOCK TABLES `rapp_musictag` WRITE;
/*!40000 ALTER TABLE `rapp_musictag` DISABLE KEYS */;
INSERT INTO `rapp_musictag` VALUES (1,'piano'),(2,'booster'),(3,'nature'),(4,'waterfall'),(5,'bird'),(6,'focus'),(7,'existence'),(8,'healing'),(9,'water');
/*!40000 ALTER TABLE `rapp_musictag` ENABLE KEYS */;
UNLOCK TABLES;

--
-- Table structure for table `rapp_newreleaseview`
--

DROP TABLE IF EXISTS `rapp_newreleaseview`;
/*!40101 SET @saved_cs_client     = @@character_set_client */;
/*!40101 SET character_set_client = utf8 */;
CREATE TABLE `rapp_newreleaseview` (
  `id` int(11) NOT NULL AUTO_INCREMENT,
  `time` datetime(6) NOT NULL,
  `duration` int(11) NOT NULL,
  `user_id` int(11) NOT NULL,
  PRIMARY KEY (`id`),
  KEY `rapp_newreleaseview_user_id_a3b053ee_fk_auth_user_id` (`user_id`),
  CONSTRAINT `rapp_newreleaseview_user_id_a3b053ee_fk_auth_user_id` FOREIGN KEY (`user_id`) REFERENCES `auth_user` (`id`)
) ENGINE=InnoDB AUTO_INCREMENT=3 DEFAULT CHARSET=utf8;
/*!40101 SET character_set_client = @saved_cs_client */;

--
-- Dumping data for table `rapp_newreleaseview`
--

LOCK TABLES `rapp_newreleaseview` WRITE;
/*!40000 ALTER TABLE `rapp_newreleaseview` DISABLE KEYS */;
INSERT INTO `rapp_newreleaseview` VALUES (1,'2019-01-10 12:53:25.303828',1,23),(2,'2019-01-10 18:26:45.050842',0,23);
/*!40000 ALTER TABLE `rapp_newreleaseview` ENABLE KEYS */;
UNLOCK TABLES;

--
-- Table structure for table `rapp_notefile`
--

DROP TABLE IF EXISTS `rapp_notefile`;
/*!40101 SET @saved_cs_client     = @@character_set_client */;
/*!40101 SET character_set_client = utf8 */;
CREATE TABLE `rapp_notefile` (
  `id` int(11) NOT NULL AUTO_INCREMENT,
  `name` varchar(255) NOT NULL,
  `date` date NOT NULL,
  `ebook_id` int(11) NOT NULL,
  `user_id` int(11) NOT NULL,
  PRIMARY KEY (`id`),
  KEY `rapp_notefile_ebook_id_09524811_fk_rapp_ebooks_id` (`ebook_id`),
  KEY `rapp_notefile_user_id_5325c38b_fk_auth_user_id` (`user_id`),
  CONSTRAINT `rapp_notefile_ebook_id_09524811_fk_rapp_ebooks_id` FOREIGN KEY (`ebook_id`) REFERENCES `rapp_ebooks` (`id`),
  CONSTRAINT `rapp_notefile_user_id_5325c38b_fk_auth_user_id` FOREIGN KEY (`user_id`) REFERENCES `auth_user` (`id`)
) ENGINE=InnoDB AUTO_INCREMENT=11 DEFAULT CHARSET=utf8;
/*!40101 SET character_set_client = @saved_cs_client */;

--
-- Dumping data for table `rapp_notefile`
--

LOCK TABLES `rapp_notefile` WRITE;
/*!40000 ALTER TABLE `rapp_notefile` DISABLE KEYS */;
/*!40000 ALTER TABLE `rapp_notefile` ENABLE KEYS */;
UNLOCK TABLES;

--
-- Table structure for table `rapp_notefileitem`
--

DROP TABLE IF EXISTS `rapp_notefileitem`;
/*!40101 SET @saved_cs_client     = @@character_set_client */;
/*!40101 SET character_set_client = utf8 */;
CREATE TABLE `rapp_notefileitem` (
  `id` int(11) NOT NULL AUTO_INCREMENT,
  `note` longtext NOT NULL,
  `text` longtext NOT NULL,
  `notefile_id` int(11) NOT NULL,
  PRIMARY KEY (`id`),
  KEY `rapp_notefileitem_notefile_id_dbdaae69_fk_rapp_notefile_id` (`notefile_id`),
  CONSTRAINT `rapp_notefileitem_notefile_id_dbdaae69_fk_rapp_notefile_id` FOREIGN KEY (`notefile_id`) REFERENCES `rapp_notefile` (`id`)
) ENGINE=InnoDB AUTO_INCREMENT=38 DEFAULT CHARSET=utf8;
/*!40101 SET character_set_client = @saved_cs_client */;

--
-- Dumping data for table `rapp_notefileitem`
--

LOCK TABLES `rapp_notefileitem` WRITE;
/*!40000 ALTER TABLE `rapp_notefileitem` DISABLE KEYS */;
/*!40000 ALTER TABLE `rapp_notefileitem` ENABLE KEYS */;
UNLOCK TABLES;

--
-- Table structure for table `rapp_notes`
--

DROP TABLE IF EXISTS `rapp_notes`;
/*!40101 SET @saved_cs_client     = @@character_set_client */;
/*!40101 SET character_set_client = utf8 */;
CREATE TABLE `rapp_notes` (
  `id` int(11) NOT NULL AUTO_INCREMENT,
  `title` varchar(255) NOT NULL,
  `text` longtext NOT NULL,
  `user_id` int(11) NOT NULL,
  PRIMARY KEY (`id`),
  KEY `rapp_notes_user_id_1b0bd80a_fk_auth_user_id` (`user_id`),
  CONSTRAINT `rapp_notes_user_id_1b0bd80a_fk_auth_user_id` FOREIGN KEY (`user_id`) REFERENCES `auth_user` (`id`)
) ENGINE=InnoDB DEFAULT CHARSET=utf8;
/*!40101 SET character_set_client = @saved_cs_client */;

--
-- Dumping data for table `rapp_notes`
--

LOCK TABLES `rapp_notes` WRITE;
/*!40000 ALTER TABLE `rapp_notes` DISABLE KEYS */;
/*!40000 ALTER TABLE `rapp_notes` ENABLE KEYS */;
UNLOCK TABLES;

--
-- Table structure for table `rapp_offer`
--

DROP TABLE IF EXISTS `rapp_offer`;
/*!40101 SET @saved_cs_client     = @@character_set_client */;
/*!40101 SET character_set_client = utf8 */;
CREATE TABLE `rapp_offer` (
  `id` int(11) NOT NULL AUTO_INCREMENT,
  `name1` varchar(255) NOT NULL,
  `name2` varchar(255) NOT NULL,
  `offerhighlimit` int(11) DEFAULT NULL,
  `trueoffer` tinyint(1) NOT NULL,
  `offerlowlimit` int(11) DEFAULT NULL,
  `percentbool` tinyint(1) NOT NULL,
  PRIMARY KEY (`id`)
) ENGINE=InnoDB AUTO_INCREMENT=2 DEFAULT CHARSET=utf8;
/*!40101 SET character_set_client = @saved_cs_client */;

--
-- Dumping data for table `rapp_offer`
--

LOCK TABLES `rapp_offer` WRITE;
/*!40000 ALTER TABLE `rapp_offer` DISABLE KEYS */;
INSERT INTO `rapp_offer` VALUES (1,'30-40%','OFF',40,0,30,1);
/*!40000 ALTER TABLE `rapp_offer` ENABLE KEYS */;
UNLOCK TABLES;

--
-- Table structure for table `rapp_offer_ebooks`
--

DROP TABLE IF EXISTS `rapp_offer_ebooks`;
/*!40101 SET @saved_cs_client     = @@character_set_client */;
/*!40101 SET character_set_client = utf8 */;
CREATE TABLE `rapp_offer_ebooks` (
  `id` int(11) NOT NULL AUTO_INCREMENT,
  `offer_id` int(11) NOT NULL,
  `ebooks_id` int(11) NOT NULL,
  PRIMARY KEY (`id`),
  UNIQUE KEY `rapp_offer_ebooks_offer_id_ebooks_id_6e4f400f_uniq` (`offer_id`,`ebooks_id`),
  KEY `rapp_offer_ebooks_ebooks_id_c2ddaa68_fk_rapp_ebooks_id` (`ebooks_id`),
  CONSTRAINT `rapp_offer_ebooks_ebooks_id_c2ddaa68_fk_rapp_ebooks_id` FOREIGN KEY (`ebooks_id`) REFERENCES `rapp_ebooks` (`id`),
  CONSTRAINT `rapp_offer_ebooks_offer_id_f35628fe_fk_rapp_offer_id` FOREIGN KEY (`offer_id`) REFERENCES `rapp_offer` (`id`)
) ENGINE=InnoDB AUTO_INCREMENT=25 DEFAULT CHARSET=utf8;
/*!40101 SET character_set_client = @saved_cs_client */;

--
-- Dumping data for table `rapp_offer_ebooks`
--

LOCK TABLES `rapp_offer_ebooks` WRITE;
/*!40000 ALTER TABLE `rapp_offer_ebooks` DISABLE KEYS */;
INSERT INTO `rapp_offer_ebooks` VALUES (8,1,30),(10,1,33),(11,1,36),(13,1,38),(19,1,52),(24,1,57),(1,1,75),(3,1,76),(9,1,95),(12,1,101),(14,1,102),(15,1,104),(16,1,105),(17,1,106),(21,1,116),(22,1,117),(2,1,140),(5,1,143),(6,1,145),(7,1,151),(18,1,174),(20,1,180),(4,1,206),(23,1,248);
/*!40000 ALTER TABLE `rapp_offer_ebooks` ENABLE KEYS */;
UNLOCK TABLES;

--
-- Table structure for table `rapp_payment`
--

DROP TABLE IF EXISTS `rapp_payment`;
/*!40101 SET @saved_cs_client     = @@character_set_client */;
/*!40101 SET character_set_client = utf8 */;
CREATE TABLE `rapp_payment` (
  `id` int(11) NOT NULL AUTO_INCREMENT,
  `paymentid` varchar(40) NOT NULL,
  `amount` double NOT NULL,
  `time` datetime(6) NOT NULL,
  `ebook_id` int(11) NOT NULL,
  `user_id` int(11) NOT NULL,
  `duration` varchar(255) NOT NULL,
  PRIMARY KEY (`id`),
  KEY `rapp_payment_ebook_id_7b9f4f6a_fk_rapp_ebooks_id` (`ebook_id`),
  KEY `rapp_payment_user_id_5f9c43de_fk_auth_user_id` (`user_id`),
  CONSTRAINT `rapp_payment_ebook_id_7b9f4f6a_fk_rapp_ebooks_id` FOREIGN KEY (`ebook_id`) REFERENCES `rapp_ebooks` (`id`),
  CONSTRAINT `rapp_payment_user_id_5f9c43de_fk_auth_user_id` FOREIGN KEY (`user_id`) REFERENCES `auth_user` (`id`)
) ENGINE=InnoDB DEFAULT CHARSET=utf8;
/*!40101 SET character_set_client = @saved_cs_client */;

--
-- Dumping data for table `rapp_payment`
--

LOCK TABLES `rapp_payment` WRITE;
/*!40000 ALTER TABLE `rapp_payment` DISABLE KEYS */;
/*!40000 ALTER TABLE `rapp_payment` ENABLE KEYS */;
UNLOCK TABLES;

--
-- Table structure for table `rapp_percentageread`
--

DROP TABLE IF EXISTS `rapp_percentageread`;
/*!40101 SET @saved_cs_client     = @@character_set_client */;
/*!40101 SET character_set_client = utf8 */;
CREATE TABLE `rapp_percentageread` (
  `id` int(11) NOT NULL AUTO_INCREMENT,
  `percent` double DEFAULT NULL,
  `ebook_id` int(11) NOT NULL,
  `user_id` int(11) NOT NULL,
  PRIMARY KEY (`id`),
  KEY `rapp_percentageread_ebook_id_2dd1fa0a_fk_rapp_ebooks_id` (`ebook_id`),
  KEY `rapp_percentageread_user_id_e8c94665_fk_auth_user_id` (`user_id`),
  CONSTRAINT `rapp_percentageread_ebook_id_2dd1fa0a_fk_rapp_ebooks_id` FOREIGN KEY (`ebook_id`) REFERENCES `rapp_ebooks` (`id`),
  CONSTRAINT `rapp_percentageread_user_id_e8c94665_fk_auth_user_id` FOREIGN KEY (`user_id`) REFERENCES `auth_user` (`id`)
) ENGINE=InnoDB AUTO_INCREMENT=23 DEFAULT CHARSET=utf8;
/*!40101 SET character_set_client = @saved_cs_client */;

--
-- Dumping data for table `rapp_percentageread`
--

LOCK TABLES `rapp_percentageread` WRITE;
/*!40000 ALTER TABLE `rapp_percentageread` DISABLE KEYS */;
INSERT INTO `rapp_percentageread` VALUES (12,0.617283950617284,68,23),(13,8.95061728395062,68,54),(14,1.23456790123457,68,63),(15,6.79012345679013,68,60),(16,0.892857142857143,104,54),(17,27.3137697516923,30,54),(18,48.7584650112849,30,23),(19,32.0000000000001,46,54),(20,3.57142857142857,41,23),(21,0.847457627118644,38,68),(22,15.7039711191334,227,68);
/*!40000 ALTER TABLE `rapp_percentageread` ENABLE KEYS */;
UNLOCK TABLES;

--
-- Table structure for table `rapp_playlist`
--

DROP TABLE IF EXISTS `rapp_playlist`;
/*!40101 SET @saved_cs_client     = @@character_set_client */;
/*!40101 SET character_set_client = utf8 */;
CREATE TABLE `rapp_playlist` (
  `id` int(11) NOT NULL AUTO_INCREMENT,
  `name` varchar(255) NOT NULL,
  `user_id` int(11) NOT NULL,
  PRIMARY KEY (`id`),
  KEY `rapp_playlist_user_id_cb2fa7fd_fk_auth_user_id` (`user_id`),
  CONSTRAINT `rapp_playlist_user_id_cb2fa7fd_fk_auth_user_id` FOREIGN KEY (`user_id`) REFERENCES `auth_user` (`id`)
) ENGINE=InnoDB AUTO_INCREMENT=7 DEFAULT CHARSET=utf8;
/*!40101 SET character_set_client = @saved_cs_client */;

--
-- Dumping data for table `rapp_playlist`
--

LOCK TABLES `rapp_playlist` WRITE;
/*!40000 ALTER TABLE `rapp_playlist` DISABLE KEYS */;
INSERT INTO `rapp_playlist` VALUES (1,'Playlist 1',23),(2,'Playlist 2',23),(3,'Playlist 3',23),(4,'Playlist 4',23),(5,'Playlist 5',23),(6,'Playlist 6',23);
/*!40000 ALTER TABLE `rapp_playlist` ENABLE KEYS */;
UNLOCK TABLES;

--
-- Table structure for table `rapp_playlist_music`
--

DROP TABLE IF EXISTS `rapp_playlist_music`;
/*!40101 SET @saved_cs_client     = @@character_set_client */;
/*!40101 SET character_set_client = utf8 */;
CREATE TABLE `rapp_playlist_music` (
  `id` int(11) NOT NULL AUTO_INCREMENT,
  `playlist_id` int(11) NOT NULL,
  `music_id` int(11) NOT NULL,
  PRIMARY KEY (`id`),
  UNIQUE KEY `rapp_playlist_music_playlist_id_music_id_7ad1ab3c_uniq` (`playlist_id`,`music_id`),
  KEY `rapp_playlist_music_music_id_d1fff053_fk_rapp_music_id` (`music_id`),
  CONSTRAINT `rapp_playlist_music_music_id_d1fff053_fk_rapp_music_id` FOREIGN KEY (`music_id`) REFERENCES `rapp_music` (`id`),
  CONSTRAINT `rapp_playlist_music_playlist_id_7974795e_fk_rapp_playlist_id` FOREIGN KEY (`playlist_id`) REFERENCES `rapp_playlist` (`id`)
) ENGINE=InnoDB AUTO_INCREMENT=16 DEFAULT CHARSET=utf8;
/*!40101 SET character_set_client = @saved_cs_client */;

--
-- Dumping data for table `rapp_playlist_music`
--

LOCK TABLES `rapp_playlist_music` WRITE;
/*!40000 ALTER TABLE `rapp_playlist_music` DISABLE KEYS */;
INSERT INTO `rapp_playlist_music` VALUES (1,1,2),(15,1,4),(11,2,3),(4,2,4),(12,3,3),(5,3,5),(6,4,1),(8,4,5),(10,5,1),(14,6,1);
/*!40000 ALTER TABLE `rapp_playlist_music` ENABLE KEYS */;
UNLOCK TABLES;

--
-- Table structure for table `rapp_publisherpayment`
--

DROP TABLE IF EXISTS `rapp_publisherpayment`;
/*!40101 SET @saved_cs_client     = @@character_set_client */;
/*!40101 SET character_set_client = utf8 */;
CREATE TABLE `rapp_publisherpayment` (
  `id` int(11) NOT NULL AUTO_INCREMENT,
  `paymentid` varchar(40) NOT NULL,
  `amount` double NOT NULL,
  `time` datetime(6) NOT NULL,
  `publisher_id` int(11) NOT NULL,
  PRIMARY KEY (`id`),
  KEY `rapp_publisherpaymen_publisher_id_8046906d_fk_rapp_publ` (`publisher_id`),
  CONSTRAINT `rapp_publisherpaymen_publisher_id_8046906d_fk_rapp_publ` FOREIGN KEY (`publisher_id`) REFERENCES `rapp_publishers` (`id`)
) ENGINE=InnoDB DEFAULT CHARSET=utf8;
/*!40101 SET character_set_client = @saved_cs_client */;

--
-- Dumping data for table `rapp_publisherpayment`
--

LOCK TABLES `rapp_publisherpayment` WRITE;
/*!40000 ALTER TABLE `rapp_publisherpayment` DISABLE KEYS */;
/*!40000 ALTER TABLE `rapp_publisherpayment` ENABLE KEYS */;
UNLOCK TABLES;

--
-- Table structure for table `rapp_publishers`
--

DROP TABLE IF EXISTS `rapp_publishers`;
/*!40101 SET @saved_cs_client     = @@character_set_client */;
/*!40101 SET character_set_client = utf8 */;
CREATE TABLE `rapp_publishers` (
  `id` int(11) NOT NULL AUTO_INCREMENT,
  `name` varchar(255) NOT NULL,
  PRIMARY KEY (`id`),
  UNIQUE KEY `name` (`name`)
) ENGINE=InnoDB AUTO_INCREMENT=22 DEFAULT CHARSET=utf8;
/*!40101 SET character_set_client = @saved_cs_client */;

--
-- Dumping data for table `rapp_publishers`
--

LOCK TABLES `rapp_publishers` WRITE;
/*!40000 ALTER TABLE `rapp_publishers` DISABLE KEYS */;
INSERT INTO `rapp_publishers` VALUES (16,'Createspace Independent Pub'),(21,'Edward Bellamy'),(19,'J. Lesslie Hall'),(18,'None'),(20,'Trial Publisher');
/*!40000 ALTER TABLE `rapp_publishers` ENABLE KEYS */;
UNLOCK TABLES;

--
-- Table structure for table `rapp_rateduser`
--

DROP TABLE IF EXISTS `rapp_rateduser`;
/*!40101 SET @saved_cs_client     = @@character_set_client */;
/*!40101 SET character_set_client = utf8 */;
CREATE TABLE `rapp_rateduser` (
  `id` int(11) NOT NULL AUTO_INCREMENT,
  `rating` int(11) NOT NULL,
  `ebook_id` int(11) NOT NULL,
  `user_id` int(11) NOT NULL,
  PRIMARY KEY (`id`),
  KEY `rapp_rateduser_ebook_id_1f79097c_fk_rapp_ebooks_id` (`ebook_id`),
  KEY `rapp_rateduser_user_id_6d049d49_fk_auth_user_id` (`user_id`),
  CONSTRAINT `rapp_rateduser_ebook_id_1f79097c_fk_rapp_ebooks_id` FOREIGN KEY (`ebook_id`) REFERENCES `rapp_ebooks` (`id`),
  CONSTRAINT `rapp_rateduser_user_id_6d049d49_fk_auth_user_id` FOREIGN KEY (`user_id`) REFERENCES `auth_user` (`id`)
) ENGINE=InnoDB AUTO_INCREMENT=16 DEFAULT CHARSET=utf8;
/*!40101 SET character_set_client = @saved_cs_client */;

--
-- Dumping data for table `rapp_rateduser`
--

LOCK TABLES `rapp_rateduser` WRITE;
/*!40000 ALTER TABLE `rapp_rateduser` DISABLE KEYS */;
INSERT INTO `rapp_rateduser` VALUES (10,3,68,23),(11,1,30,54),(12,3,30,23),(13,2,46,54),(14,3,38,68),(15,3,227,68);
/*!40000 ALTER TABLE `rapp_rateduser` ENABLE KEYS */;
UNLOCK TABLES;

--
-- Table structure for table `rapp_readlocation`
--

DROP TABLE IF EXISTS `rapp_readlocation`;
/*!40101 SET @saved_cs_client     = @@character_set_client */;
/*!40101 SET character_set_client = utf8 */;
CREATE TABLE `rapp_readlocation` (
  `id` int(11) NOT NULL AUTO_INCREMENT,
  `location` int(11) NOT NULL,
  `phase` varchar(10) NOT NULL,
  `readmodel_id` int(11) NOT NULL,
  PRIMARY KEY (`id`),
  KEY `rapp_readlocation_readmodel_id_0cf5d089_fk_rapp_perc` (`readmodel_id`),
  CONSTRAINT `rapp_readlocation_readmodel_id_0cf5d089_fk_rapp_perc` FOREIGN KEY (`readmodel_id`) REFERENCES `rapp_percentageread` (`id`)
) ENGINE=InnoDB AUTO_INCREMENT=1139 DEFAULT CHARSET=utf8;
/*!40101 SET character_set_client = @saved_cs_client */;

--
-- Dumping data for table `rapp_readlocation`
--

LOCK TABLES `rapp_readlocation` WRITE;
/*!40000 ALTER TABLE `rapp_readlocation` DISABLE KEYS */;
INSERT INTO `rapp_readlocation` VALUES (511,91,'left',12),(512,92,'right',12),(513,14,'left',13),(514,15,'full',13),(515,16,'right',13),(516,0,'left',13),(517,1,'right',13),(518,26,'left',13),(519,27,'full',13),(520,28,'right',13),(521,30,'left',13),(522,31,'full',13),(523,32,'right',13),(524,24,'left',13),(525,25,'full',13),(526,26,'right',13),(527,1,'left',13),(528,2,'full',13),(529,3,'full',13),(530,4,'right',13),(531,15,'left',14),(532,16,'full',14),(533,17,'right',14),(534,87,'left',15),(535,88,'full',15),(536,89,'full',15),(537,90,'full',15),(538,91,'right',15),(539,111,'left',15),(540,112,'full',15),(541,113,'full',15),(542,114,'full',15),(543,115,'full',15),(544,116,'full',15),(545,117,'full',15),(546,118,'right',15),(547,25,'left',13),(548,3,'left',16),(549,4,'right',16),(550,2,'left',16),(551,3,'right',16),(552,4,'left',16),(553,13,'left',16),(554,14,'right',16),(555,18,'left',17),(556,19,'full',17),(557,20,'full',17),(558,21,'right',17),(559,20,'right',17),(560,45,'left',17),(561,46,'full',17),(562,47,'right',17),(563,39,'left',17),(564,40,'full',17),(565,41,'right',17),(566,52,'left',17),(567,53,'full',17),(568,54,'full',17),(569,55,'right',17),(570,68,'left',17),(571,69,'full',17),(572,70,'full',17),(573,71,'right',17),(574,85,'left',17),(575,86,'full',17),(576,87,'right',17),(577,102,'left',17),(578,103,'full',17),(579,104,'full',17),(580,105,'right',17),(581,119,'left',17),(582,120,'full',17),(583,121,'right',17),(584,134,'left',17),(585,135,'full',17),(586,136,'full',17),(587,137,'full',17),(588,138,'right',17),(589,151,'left',17),(590,152,'full',17),(591,153,'right',17),(592,167,'left',17),(593,168,'full',17),(594,169,'full',17),(595,170,'right',17),(596,183,'left',17),(597,184,'full',17),(598,185,'right',17),(599,232,'left',17),(600,233,'full',17),(601,234,'full',17),(602,235,'right',17),(603,249,'left',17),(604,250,'full',17),(605,251,'full',17),(606,252,'right',17),(607,265,'left',17),(608,266,'full',17),(609,267,'full',17),(610,268,'right',17),(611,216,'left',17),(612,217,'full',17),(613,218,'full',17),(614,219,'right',17),(615,185,'left',17),(616,186,'full',17),(617,187,'full',17),(618,188,'right',17),(619,201,'left',17),(620,202,'full',17),(621,203,'right',17),(622,196,'left',17),(623,197,'full',17),(624,198,'right',17),(625,224,'left',17),(626,225,'full',17),(627,226,'right',17),(628,239,'left',17),(629,240,'full',17),(630,241,'right',17),(631,252,'left',17),(632,253,'full',17),(633,254,'right',17),(634,313,'left',17),(635,314,'full',17),(636,315,'right',17),(637,325,'left',17),(638,326,'full',17),(639,327,'full',17),(640,328,'right',17),(641,340,'left',17),(642,341,'full',17),(643,342,'right',17),(644,305,'left',17),(645,306,'full',17),(646,307,'right',17),(647,289,'left',17),(648,290,'full',17),(649,291,'right',17),(650,332,'left',17),(651,333,'full',17),(652,334,'right',17),(653,361,'left',17),(654,362,'full',17),(655,363,'right',17),(656,375,'left',17),(657,376,'full',17),(658,377,'right',17),(659,388,'left',17),(660,377,'left',17),(661,378,'full',17),(662,379,'right',17),(663,383,'left',17),(664,384,'full',17),(665,385,'right',17),(666,385,'left',17),(667,386,'full',17),(668,387,'right',17),(669,168,'left',18),(670,169,'full',18),(671,170,'right',18),(672,172,'left',18),(673,173,'full',18),(674,174,'right',18),(675,182,'left',18),(676,183,'full',18),(677,184,'right',18),(678,404,'left',17),(679,405,'full',17),(680,406,'right',17),(681,190,'left',18),(682,191,'full',18),(683,192,'right',18),(684,414,'left',17),(685,415,'full',17),(686,416,'right',17),(687,188,'left',18),(688,189,'full',18),(689,190,'full',18),(690,191,'right',18),(691,424,'left',17),(692,425,'full',17),(693,426,'full',17),(694,427,'right',17),(695,203,'left',18),(696,204,'full',18),(697,205,'full',18),(698,206,'right',18),(699,429,'left',17),(700,430,'full',17),(701,431,'full',17),(702,432,'right',17),(703,198,'left',18),(704,199,'full',18),(705,200,'full',18),(706,201,'right',18),(707,209,'left',18),(708,210,'full',18),(709,211,'right',18),(710,441,'left',17),(711,442,'right',17),(712,214,'left',18),(713,215,'full',18),(714,216,'full',18),(715,217,'right',18),(716,220,'left',18),(717,221,'full',18),(718,222,'full',18),(719,223,'right',18),(720,418,'left',17),(721,419,'full',17),(722,420,'full',17),(723,421,'right',17),(724,232,'left',18),(725,233,'full',18),(726,234,'full',18),(727,235,'right',18),(728,412,'left',17),(729,413,'full',17),(730,414,'full',17),(731,415,'right',17),(732,402,'left',17),(733,403,'full',17),(734,404,'full',17),(735,405,'right',17),(736,392,'left',17),(737,393,'full',17),(738,394,'right',17),(739,226,'left',18),(740,227,'full',18),(741,228,'full',18),(742,229,'right',18),(743,389,'full',17),(744,390,'full',17),(745,391,'right',17),(746,376,'left',17),(747,377,'full',17),(748,369,'left',17),(749,370,'full',17),(750,371,'right',17),(751,373,'left',18),(752,374,'full',18),(753,375,'right',18),(754,387,'left',17),(755,388,'right',17),(756,441,'left',18),(757,442,'right',18),(758,396,'left',17),(759,397,'full',17),(760,398,'right',17),(761,237,'left',18),(762,238,'full',18),(763,239,'full',18),(764,240,'right',18),(765,242,'left',18),(766,243,'full',18),(767,244,'full',18),(768,245,'right',18),(769,249,'left',18),(770,250,'full',18),(771,251,'full',18),(772,252,'right',18),(773,199,'left',18),(774,205,'left',18),(775,206,'full',18),(776,207,'right',18),(777,216,'left',18),(778,217,'full',18),(779,218,'full',18),(780,219,'right',18),(781,219,'left',18),(782,220,'full',18),(783,221,'right',18),(784,221,'left',18),(785,223,'full',18),(786,224,'right',18),(787,224,'left',18),(788,225,'full',18),(789,226,'right',18),(790,228,'right',18),(791,228,'left',18),(792,229,'full',18),(793,230,'right',18),(794,230,'left',18),(795,231,'full',18),(796,232,'right',18),(797,234,'left',18),(798,235,'full',18),(799,236,'right',18),(800,236,'left',18),(801,237,'full',18),(802,238,'right',18),(803,244,'left',18),(804,245,'full',18),(805,246,'right',18),(806,332,'left',18),(807,333,'right',18),(808,329,'left',18),(809,330,'full',18),(810,331,'right',18),(811,339,'left',18),(812,340,'full',18),(813,341,'full',18),(814,342,'right',18),(815,334,'left',18),(816,335,'full',18),(817,336,'right',18),(818,336,'left',18),(819,337,'full',18),(820,338,'full',18),(821,339,'right',18),(822,323,'left',18),(823,324,'full',18),(824,325,'full',18),(825,326,'right',18),(826,315,'left',18),(827,316,'full',18),(828,317,'full',18),(829,318,'right',18),(830,311,'left',18),(831,312,'full',18),(832,313,'full',18),(833,314,'right',18),(834,300,'left',18),(835,301,'full',18),(836,302,'full',18),(837,303,'right',18),(838,303,'left',18),(839,304,'full',18),(840,305,'right',18),(841,193,'left',18),(842,194,'full',18),(843,195,'full',18),(844,196,'right',18),(845,201,'left',18),(846,202,'full',18),(847,203,'right',18),(848,206,'left',18),(849,207,'full',18),(850,208,'full',18),(851,209,'right',18),(852,211,'left',18),(853,212,'full',18),(854,213,'full',18),(855,214,'right',18),(856,235,'left',18),(857,236,'full',18),(858,237,'right',18),(859,276,'left',18),(860,277,'full',18),(861,278,'full',18),(862,279,'right',18),(863,287,'left',18),(864,288,'full',18),(865,289,'full',18),(866,290,'right',18),(867,298,'left',18),(868,299,'full',18),(869,300,'full',18),(870,301,'right',18),(871,310,'left',18),(872,311,'full',18),(873,312,'right',18),(874,321,'left',18),(875,322,'full',18),(876,323,'right',18),(877,407,'left',17),(878,408,'full',17),(879,409,'full',17),(880,410,'right',17),(881,383,'left',18),(882,384,'full',18),(883,385,'right',18),(884,424,'left',18),(885,425,'full',18),(886,426,'full',18),(887,427,'right',18),(888,435,'left',18),(889,436,'full',18),(890,437,'full',18),(891,438,'right',18),(892,196,'left',18),(893,197,'full',18),(894,198,'right',18),(895,394,'left',17),(896,395,'full',17),(897,396,'right',17),(898,217,'left',18),(899,219,'full',18),(900,220,'right',18),(901,229,'left',18),(902,230,'full',18),(903,406,'full',17),(904,407,'right',17),(905,252,'left',18),(906,253,'full',18),(907,254,'right',18),(908,273,'left',18),(909,274,'full',18),(910,275,'full',18),(911,276,'right',18),(912,284,'left',18),(913,285,'full',18),(914,286,'full',18),(915,287,'right',18),(916,286,'right',18),(917,416,'full',17),(918,417,'right',17),(919,306,'left',18),(920,307,'full',18),(921,308,'right',18),(922,325,'left',18),(923,326,'full',18),(924,327,'full',18),(925,328,'right',18),(926,381,'left',17),(927,382,'full',17),(928,383,'right',17),(929,372,'left',18),(930,373,'full',18),(931,374,'right',18),(932,380,'left',18),(933,381,'right',18),(934,9,'left',19),(935,10,'full',19),(936,11,'full',19),(937,12,'right',19),(938,291,'left',18),(939,292,'full',18),(940,293,'right',18),(941,142,'left',18),(942,143,'right',18),(943,15,'left',19),(944,16,'full',19),(945,17,'full',19),(946,18,'right',19),(947,21,'left',19),(948,22,'full',19),(949,23,'full',19),(950,24,'right',19),(951,370,'left',18),(952,371,'full',18),(953,372,'right',18),(954,304,'left',18),(955,305,'full',18),(956,306,'right',18),(957,33,'left',19),(958,34,'full',19),(959,35,'full',19),(960,36,'right',19),(961,388,'left',18),(962,389,'full',18),(963,390,'right',18),(964,390,'left',18),(965,391,'full',18),(966,392,'right',18),(967,30,'left',19),(968,31,'full',19),(969,32,'full',19),(970,33,'right',19),(971,38,'left',19),(972,39,'full',19),(973,40,'right',19),(974,406,'left',18),(975,407,'full',18),(976,408,'right',18),(977,408,'left',18),(978,409,'full',18),(979,410,'right',18),(980,415,'left',18),(981,416,'full',18),(982,417,'right',18),(983,417,'left',18),(984,418,'full',18),(985,419,'right',18),(986,335,'left',18),(987,336,'full',18),(988,337,'right',18),(989,266,'left',18),(990,267,'right',18),(991,260,'left',18),(992,261,'full',18),(993,262,'right',18),(994,16,'left',19),(995,18,'full',19),(996,19,'right',19),(997,302,'left',18),(998,303,'full',18),(999,304,'right',18),(1000,262,'left',18),(1001,263,'full',18),(1002,264,'full',18),(1003,265,'right',18),(1004,2,'left',19),(1005,3,'full',19),(1006,4,'full',19),(1007,5,'right',19),(1008,0,'left',19),(1009,1,'full',19),(1010,2,'right',19),(1011,371,'left',18),(1012,308,'left',18),(1013,309,'full',18),(1014,310,'right',18),(1015,274,'left',18),(1016,276,'full',18),(1017,277,'right',18),(1018,267,'left',18),(1019,268,'full',18),(1020,269,'right',18),(1021,248,'left',18),(1022,249,'full',18),(1023,250,'right',18),(1024,246,'left',18),(1025,247,'full',18),(1026,248,'right',18),(1027,312,'left',18),(1028,314,'full',18),(1029,315,'right',18),(1030,297,'left',18),(1031,298,'full',18),(1032,299,'right',18),(1033,307,'left',18),(1034,308,'full',18),(1035,318,'left',18),(1036,319,'full',18),(1037,320,'full',18),(1038,321,'right',18),(1039,344,'left',18),(1040,345,'full',18),(1041,346,'full',18),(1042,347,'right',18),(1043,347,'left',18),(1044,348,'full',18),(1045,349,'full',18),(1046,350,'right',18),(1047,341,'right',18),(1048,354,'left',18),(1049,355,'full',18),(1050,356,'full',18),(1051,357,'right',18),(1052,360,'left',18),(1053,361,'full',18),(1054,362,'full',18),(1055,363,'right',18),(1056,359,'left',18),(1057,360,'full',18),(1058,361,'right',18),(1059,350,'left',18),(1060,351,'full',18),(1061,352,'full',18),(1062,353,'right',18),(1063,341,'left',18),(1064,342,'full',18),(1065,343,'full',18),(1066,344,'right',18),(1067,306,'full',18),(1068,307,'right',18),(1069,3,'left',20),(1070,13,'left',13),(1071,14,'full',13),(1072,15,'right',13),(1073,321,'left',21),(1074,322,'full',21),(1075,323,'full',21),(1076,324,'right',21),(1077,94,'left',22),(1078,95,'full',22),(1079,96,'right',22),(1080,101,'left',22),(1081,102,'full',22),(1082,103,'right',22),(1083,127,'left',22),(1084,128,'full',22),(1085,129,'right',22),(1086,132,'left',22),(1087,133,'full',22),(1088,134,'full',22),(1089,135,'right',22),(1090,107,'left',22),(1091,108,'full',22),(1092,109,'right',22),(1093,129,'left',22),(1094,130,'right',22),(1095,130,'left',22),(1096,131,'full',22),(1097,132,'right',22),(1098,132,'full',22),(1099,133,'right',22),(1100,136,'left',22),(1101,137,'full',22),(1102,138,'full',22),(1103,139,'right',22),(1104,146,'left',22),(1105,147,'full',22),(1106,148,'full',22),(1107,149,'full',22),(1108,150,'right',22),(1109,150,'left',22),(1110,151,'full',22),(1111,152,'full',22),(1112,153,'right',22),(1113,153,'left',22),(1114,154,'full',22),(1115,155,'full',22),(1116,156,'right',22),(1117,156,'left',22),(1118,157,'full',22),(1119,158,'full',22),(1120,159,'right',22),(1121,162,'left',22),(1122,163,'full',22),(1123,164,'right',22),(1124,183,'left',22),(1125,184,'right',22),(1126,181,'left',22),(1127,182,'full',22),(1128,183,'right',22),(1129,190,'left',22),(1130,191,'full',22),(1131,192,'full',22),(1132,193,'right',22),(1133,161,'left',22),(1134,162,'right',22),(1135,103,'left',22),(1136,104,'full',22),(1137,105,'full',22),(1138,106,'right',22);
/*!40000 ALTER TABLE `rapp_readlocation` ENABLE KEYS */;
UNLOCK TABLES;

--
-- Table structure for table `rapp_readview`
--

DROP TABLE IF EXISTS `rapp_readview`;
/*!40101 SET @saved_cs_client     = @@character_set_client */;
/*!40101 SET character_set_client = utf8 */;
CREATE TABLE `rapp_readview` (
  `id` int(11) NOT NULL AUTO_INCREMENT,
  `time` datetime(6) NOT NULL,
  `duration` int(11) NOT NULL,
  `profilevector` longtext NOT NULL,
  `ebook_id` int(11) NOT NULL,
  `user_id` int(11) NOT NULL,
  PRIMARY KEY (`id`),
  KEY `rapp_readview_ebook_id_687eb873_fk_rapp_ebooks_id` (`ebook_id`),
  KEY `rapp_readview_user_id_678e5602_fk_auth_user_id` (`user_id`),
  CONSTRAINT `rapp_readview_ebook_id_687eb873_fk_rapp_ebooks_id` FOREIGN KEY (`ebook_id`) REFERENCES `rapp_ebooks` (`id`),
  CONSTRAINT `rapp_readview_user_id_678e5602_fk_auth_user_id` FOREIGN KEY (`user_id`) REFERENCES `auth_user` (`id`)
) ENGINE=InnoDB AUTO_INCREMENT=277 DEFAULT CHARSET=utf8;
/*!40101 SET character_set_client = @saved_cs_client */;

--
-- Dumping data for table `rapp_readview`
--

LOCK TABLES `rapp_readview` WRITE;
/*!40000 ALTER TABLE `rapp_readview` DISABLE KEYS */;
INSERT INTO `rapp_readview` VALUES (146,'2019-01-10 22:22:41.075794',0,'j.m.barrie j.m.barrie j.m.barrie none fiction,literature&novels fiction,literature&novels 	adventurestories 	adventurestories 	adventurestories 	adventurestories 	fantasyfiction 	fantasyfiction 	fantasyfiction 	fantasyfiction',68,23),(148,'2019-01-10 22:23:01.340767',0,'j.m.barrie j.m.barrie j.m.barrie none fiction,literature&novels fiction,literature&novels 	adventurestories 	adventurestories 	adventurestories 	adventurestories 	fantasyfiction 	fantasyfiction 	fantasyfiction 	fantasyfiction',68,23),(149,'2019-01-10 22:23:40.958237',0,'j.m.barrie j.m.barrie j.m.barrie none fiction,literature&novels fiction,literature&novels 	adventurestories 	adventurestories 	adventurestories 	adventurestories 	fantasyfiction 	fantasyfiction 	fantasyfiction 	fantasyfiction',68,23),(150,'2019-01-10 22:24:10.705170',0,'j.m.barrie j.m.barrie j.m.barrie none fiction,literature&novels fiction,literature&novels 	adventurestories 	adventurestories 	adventurestories 	adventurestories 	fantasyfiction 	fantasyfiction 	fantasyfiction 	fantasyfiction',68,23),(151,'2019-01-10 22:28:24.051547',0,'j.m.barrie j.m.barrie j.m.barrie none fiction,literature&novels fiction,literature&novels 	adventurestories 	adventurestories 	adventurestories 	adventurestories 	fantasyfiction 	fantasyfiction 	fantasyfiction 	fantasyfiction',68,23),(152,'2019-01-10 22:28:29.097940',0,'j.m.barrie j.m.barrie j.m.barrie none fiction,literature&novels fiction,literature&novels 	adventurestories 	adventurestories 	adventurestories 	adventurestories 	fantasyfiction 	fantasyfiction 	fantasyfiction 	fantasyfiction',68,23),(153,'2019-01-10 22:46:15.778301',0,'j.m.barrie j.m.barrie j.m.barrie none fiction,literature&novels fiction,literature&novels 	adventurestories 	adventurestories 	adventurestories 	adventurestories 	fantasyfiction 	fantasyfiction 	fantasyfiction 	fantasyfiction',68,23),(154,'2019-01-10 22:49:34.455834',0,'j.m.barrie j.m.barrie j.m.barrie none fiction,literature&novels fiction,literature&novels 	adventurestories 	adventurestories 	adventurestories 	adventurestories 	fantasyfiction 	fantasyfiction 	fantasyfiction 	fantasyfiction',68,23),(155,'2019-01-10 23:50:49.616232',0,'j.m.barrie j.m.barrie j.m.barrie none fiction,literature&novels fiction,literature&novels 	adventurestories 	adventurestories 	adventurestories 	adventurestories 	fantasyfiction 	fantasyfiction 	fantasyfiction 	fantasyfiction',68,54),(156,'2019-01-10 23:51:13.103204',0,'j.m.barrie j.m.barrie j.m.barrie none fiction,literature&novels fiction,literature&novels 	adventurestories 	adventurestories 	adventurestories 	adventurestories 	fantasyfiction 	fantasyfiction 	fantasyfiction 	fantasyfiction',68,54),(157,'2019-01-10 23:51:15.222537',0,'j.m.barrie j.m.barrie j.m.barrie none fiction,literature&novels fiction,literature&novels 	adventurestories 	adventurestories 	adventurestories 	adventurestories 	fantasyfiction 	fantasyfiction 	fantasyfiction 	fantasyfiction',68,54),(158,'2019-01-10 23:51:17.709193',0,'j.m.barrie j.m.barrie j.m.barrie none fiction,literature&novels fiction,literature&novels 	adventurestories 	adventurestories 	adventurestories 	adventurestories 	fantasyfiction 	fantasyfiction 	fantasyfiction 	fantasyfiction',68,54),(159,'2019-01-10 23:51:57.382702',0,'j.m.barrie j.m.barrie j.m.barrie none fiction,literature&novels fiction,literature&novels 	adventurestories 	adventurestories 	adventurestories 	adventurestories 	fantasyfiction 	fantasyfiction 	fantasyfiction 	fantasyfiction',68,54),(160,'2019-01-10 23:52:52.293514',0,'j.m.barrie j.m.barrie j.m.barrie none fiction,literature&novels fiction,literature&novels 	adventurestories 	adventurestories 	adventurestories 	adventurestories 	fantasyfiction 	fantasyfiction 	fantasyfiction 	fantasyfiction',68,54),(161,'2019-01-10 23:53:08.005387',0,'j.m.barrie j.m.barrie j.m.barrie none fiction,literature&novels fiction,literature&novels 	adventurestories 	adventurestories 	adventurestories 	adventurestories 	fantasyfiction 	fantasyfiction 	fantasyfiction 	fantasyfiction',68,54),(162,'2019-01-11 00:10:49.850876',0,'j.m.barrie j.m.barrie j.m.barrie none fiction,literature&novels fiction,literature&novels 	adventurestories 	adventurestories 	adventurestories 	adventurestories 	fantasyfiction 	fantasyfiction 	fantasyfiction 	fantasyfiction',68,54),(163,'2019-01-11 00:12:14.158862',0,'j.m.barrie j.m.barrie j.m.barrie none fiction,literature&novels fiction,literature&novels 	adventurestories 	adventurestories 	adventurestories 	adventurestories 	fantasyfiction 	fantasyfiction 	fantasyfiction 	fantasyfiction',68,54),(164,'2019-01-11 00:14:27.633154',0,'j.m.barrie j.m.barrie j.m.barrie none fiction,literature&novels fiction,literature&novels 	adventurestories 	adventurestories 	adventurestories 	adventurestories 	fantasyfiction 	fantasyfiction 	fantasyfiction 	fantasyfiction',68,54),(165,'2019-01-11 00:14:33.720064',3,'j.m.barrie j.m.barrie j.m.barrie none fiction,literature&novels fiction,literature&novels 	adventurestories 	adventurestories 	adventurestories 	adventurestories 	fantasyfiction 	fantasyfiction 	fantasyfiction 	fantasyfiction',68,54),(166,'2019-01-11 01:33:37.249142',0,'j.m.barrie j.m.barrie j.m.barrie none fiction,literature&novels fiction,literature&novels 	adventurestories 	adventurestories 	adventurestories 	adventurestories 	fantasyfiction 	fantasyfiction 	fantasyfiction 	fantasyfiction',68,54),(167,'2019-01-12 02:31:04.299438',0,'j.m.barrie j.m.barrie j.m.barrie none fiction,literature&novels fiction,literature&novels 	adventurestories 	adventurestories 	adventurestories 	adventurestories 	fantasyfiction 	fantasyfiction 	fantasyfiction 	fantasyfiction',68,54),(168,'2019-01-12 02:32:01.770799',0,'j.m.barrie j.m.barrie j.m.barrie none fiction,literature&novels fiction,literature&novels 	adventurestories 	adventurestories 	adventurestories 	adventurestories 	fantasyfiction 	fantasyfiction 	fantasyfiction 	fantasyfiction',68,54),(169,'2019-01-12 02:32:13.778586',0,'j.m.barrie j.m.barrie j.m.barrie none fiction,literature&novels fiction,literature&novels 	adventurestories 	adventurestories 	adventurestories 	adventurestories 	fantasyfiction 	fantasyfiction 	fantasyfiction 	fantasyfiction',68,54),(170,'2019-01-12 07:40:47.556884',0,'j.m.barrie j.m.barrie j.m.barrie none fiction,literature&novels fiction,literature&novels 	adventurestories 	adventurestories 	adventurestories 	adventurestories 	fantasyfiction 	fantasyfiction 	fantasyfiction 	fantasyfiction',68,60),(171,'2019-01-13 05:22:55.361610',0,'j.m.barrie j.m.barrie j.m.barrie none fiction,literature&novels fiction,literature&novels 	adventurestories 	adventurestories 	adventurestories 	adventurestories 	fantasyfiction 	fantasyfiction 	fantasyfiction 	fantasyfiction',68,58),(172,'2019-01-13 05:42:33.809937',0,'j.m.barrie j.m.barrie j.m.barrie none fiction,literature&novels fiction,literature&novels 	adventurestories 	adventurestories 	adventurestories 	adventurestories 	fantasyfiction 	fantasyfiction 	fantasyfiction 	fantasyfiction',68,58),(173,'2019-01-13 07:47:03.359300',0,'j.m.barrie j.m.barrie j.m.barrie none fiction,literature&novels fiction,literature&novels 	adventurestories 	adventurestories 	adventurestories 	adventurestories 	fantasyfiction 	fantasyfiction 	fantasyfiction 	fantasyfiction',68,54),(174,'2019-01-13 07:48:26.364815',0,'j.m.barrie j.m.barrie j.m.barrie none fiction,literature&novels fiction,literature&novels 	adventurestories 	adventurestories 	adventurestories 	adventurestories 	fantasyfiction 	fantasyfiction 	fantasyfiction 	fantasyfiction',68,54),(175,'2019-01-13 12:23:06.931985',0,'j.m.barrie j.m.barrie j.m.barrie none fiction,literature&novels fiction,literature&novels 	adventurestories 	adventurestories 	adventurestories 	adventurestories 	fantasyfiction 	fantasyfiction 	fantasyfiction 	fantasyfiction',68,58),(176,'2019-01-13 12:43:22.672428',0,'j.m.barrie j.m.barrie j.m.barrie none fiction,literature&novels fiction,literature&novels 	adventurestories 	adventurestories 	adventurestories 	adventurestories 	fantasyfiction 	fantasyfiction 	fantasyfiction 	fantasyfiction',68,63),(177,'2019-01-13 12:48:40.584377',0,'j.m.barrie j.m.barrie j.m.barrie none fiction,literature&novels fiction,literature&novels 	adventurestories 	adventurestories 	adventurestories 	adventurestories 	fantasyfiction 	fantasyfiction 	fantasyfiction 	fantasyfiction',68,63),(178,'2019-01-13 12:55:09.521912',0,'j.m.barrie j.m.barrie j.m.barrie none fiction,literature&novels fiction,literature&novels 	adventurestories 	adventurestories 	adventurestories 	adventurestories 	fantasyfiction 	fantasyfiction 	fantasyfiction 	fantasyfiction',68,63),(179,'2019-01-13 13:22:01.454626',0,'j.m.barrie j.m.barrie j.m.barrie none fiction,literature&novels fiction,literature&novels 	adventurestories 	adventurestories 	adventurestories 	adventurestories 	fantasyfiction 	fantasyfiction 	fantasyfiction 	fantasyfiction',68,23),(180,'2019-01-13 13:23:24.534772',0,'j.m.barrie j.m.barrie j.m.barrie none fiction,literature&novels fiction,literature&novels 	adventurestories 	adventurestories 	adventurestories 	adventurestories 	fantasyfiction 	fantasyfiction 	fantasyfiction 	fantasyfiction',68,64),(181,'2019-01-13 13:23:57.260243',0,'j.m.barrie j.m.barrie j.m.barrie none fiction,literature&novels fiction,literature&novels 	adventurestories 	adventurestories 	adventurestories 	adventurestories 	fantasyfiction 	fantasyfiction 	fantasyfiction 	fantasyfiction',68,23),(182,'2019-01-13 13:25:15.592075',0,'j.m.barrie j.m.barrie j.m.barrie none fiction,literature&novels fiction,literature&novels 	adventurestories 	adventurestories 	adventurestories 	adventurestories 	fantasyfiction 	fantasyfiction 	fantasyfiction 	fantasyfiction',68,23),(183,'2019-01-13 13:25:31.394584',0,'j.m.barrie j.m.barrie j.m.barrie none fiction,literature&novels fiction,literature&novels 	adventurestories 	adventurestories 	adventurestories 	adventurestories 	fantasyfiction 	fantasyfiction 	fantasyfiction 	fantasyfiction',68,23),(184,'2019-01-13 14:06:26.002426',0,'j.m.barrie j.m.barrie j.m.barrie none fiction,literature&novels fiction,literature&novels 	adventurestories 	adventurestories 	adventurestories 	adventurestories 	fantasyfiction 	fantasyfiction 	fantasyfiction 	fantasyfiction',68,58),(185,'2019-01-13 15:18:44.185009',0,'j.m.barrie j.m.barrie j.m.barrie none fiction,literature&novels fiction,literature&novels 	adventurestories 	adventurestories 	adventurestories 	adventurestories 	fantasyfiction 	fantasyfiction 	fantasyfiction 	fantasyfiction',68,60),(186,'2019-01-14 06:04:56.476746',0,'j.m.barrie j.m.barrie j.m.barrie none fiction,literature&novels fiction,literature&novels 	adventurestories 	adventurestories 	adventurestories 	adventurestories 	fantasyfiction 	fantasyfiction 	fantasyfiction 	fantasyfiction',68,54),(187,'2019-01-14 06:19:13.571561',0,'j.m.barrie j.m.barrie j.m.barrie none fiction,literature&novels fiction,literature&novels 	adventurestories 	adventurestories 	adventurestories 	adventurestories 	fantasyfiction 	fantasyfiction 	fantasyfiction 	fantasyfiction',68,54),(188,'2019-01-14 13:03:19.213557',0,'j.m.barrie j.m.barrie j.m.barrie none fiction,literature&novels fiction,literature&novels 	adventurestories 	adventurestories 	adventurestories 	adventurestories 	fantasyfiction 	fantasyfiction 	fantasyfiction 	fantasyfiction',68,54),(189,'2019-01-15 02:25:26.992238',0,'j.m.barrie j.m.barrie j.m.barrie none fiction,literature&novels fiction,literature&novels 	adventurestories 	adventurestories 	adventurestories 	adventurestories 	fantasyfiction 	fantasyfiction 	fantasyfiction 	fantasyfiction',68,54),(190,'2019-01-15 12:36:28.598772',0,'j.m.barrie j.m.barrie j.m.barrie none fiction,literature&novels fiction,literature&novels 	adventurestories 	adventurestories 	adventurestories 	adventurestories 	fantasyfiction 	fantasyfiction 	fantasyfiction 	fantasyfiction',68,54),(191,'2019-01-15 18:42:27.584280',0,'j.m.barrie j.m.barrie j.m.barrie none fiction,literature&novels fiction,literature&novels 	adventurestories 	adventurestories 	adventurestories 	adventurestories 	fantasyfiction 	fantasyfiction 	fantasyfiction 	fantasyfiction',68,23),(192,'2019-01-16 06:54:56.518226',0,'j.m.barrie j.m.barrie j.m.barrie none fiction,literature&novels fiction,literature&novels 	adventurestories 	adventurestories 	adventurestories 	adventurestories 	fantasyfiction 	fantasyfiction 	fantasyfiction 	fantasyfiction',68,23),(193,'2019-01-16 06:55:16.502361',0,'j.m.barrie j.m.barrie j.m.barrie none fiction,literature&novels fiction,literature&novels 	adventurestories 	adventurestories 	adventurestories 	adventurestories 	fantasyfiction 	fantasyfiction 	fantasyfiction 	fantasyfiction',68,23),(194,'2019-01-16 06:55:57.877451',0,'j.m.barrie j.m.barrie j.m.barrie none fiction,literature&novels fiction,literature&novels 	adventurestories 	adventurestories 	adventurestories 	adventurestories 	fantasyfiction 	fantasyfiction 	fantasyfiction 	fantasyfiction',68,23),(195,'2019-01-16 06:56:23.304886',0,'j.m.barrie j.m.barrie j.m.barrie none fiction,literature&novels fiction,literature&novels 	adventurestories 	adventurestories 	adventurestories 	adventurestories 	fantasyfiction 	fantasyfiction 	fantasyfiction 	fantasyfiction',68,23),(196,'2019-01-16 06:57:44.006082',0,'j.m.barrie j.m.barrie j.m.barrie none fiction,literature&novels fiction,literature&novels 	adventurestories 	adventurestories 	adventurestories 	adventurestories 	fantasyfiction 	fantasyfiction 	fantasyfiction 	fantasyfiction',68,23),(197,'2019-01-16 07:00:29.643060',0,'j.m.barrie j.m.barrie j.m.barrie none fiction,literature&novels fiction,literature&novels 	adventurestories 	adventurestories 	adventurestories 	adventurestories 	fantasyfiction 	fantasyfiction 	fantasyfiction 	fantasyfiction',68,23),(198,'2019-01-16 07:08:47.503324',0,'j.m.barrie j.m.barrie j.m.barrie none fiction,literature&novels fiction,literature&novels 	adventurestories 	adventurestories 	adventurestories 	adventurestories 	fantasyfiction 	fantasyfiction 	fantasyfiction 	fantasyfiction',68,23),(199,'2019-01-16 12:24:50.986291',0,'j.m.barrie j.m.barrie j.m.barrie none fiction,literature&novels fiction,literature&novels 	adventurestories 	adventurestories 	adventurestories 	adventurestories 	fantasyfiction 	fantasyfiction 	fantasyfiction 	fantasyfiction',68,23),(200,'2019-01-16 12:25:28.998220',0,'j.m.barrie j.m.barrie j.m.barrie none fiction,literature&novels fiction,literature&novels 	adventurestories 	adventurestories 	adventurestories 	adventurestories 	fantasyfiction 	fantasyfiction 	fantasyfiction 	fantasyfiction',68,66),(201,'2019-01-16 16:13:48.457961',0,'j.m.barrie j.m.barrie j.m.barrie none fiction,literature&novels fiction,literature&novels 	adventurestories 	adventurestories 	adventurestories 	adventurestories 	fantasyfiction 	fantasyfiction 	fantasyfiction 	fantasyfiction',68,23),(202,'2019-01-16 16:15:54.398762',0,'j.m.barrie j.m.barrie j.m.barrie none fiction,literature&novels fiction,literature&novels 	adventurestories 	adventurestories 	adventurestories 	adventurestories 	fantasyfiction 	fantasyfiction 	fantasyfiction 	fantasyfiction',68,23),(203,'2019-01-16 16:16:37.359739',0,'j.m.barrie j.m.barrie j.m.barrie none fiction,literature&novels fiction,literature&novels 	adventurestories 	adventurestories 	adventurestories 	adventurestories 	fantasyfiction 	fantasyfiction 	fantasyfiction 	fantasyfiction',68,55),(204,'2019-01-16 16:16:48.652970',0,'j.m.barrie j.m.barrie j.m.barrie none fiction,literature&novels fiction,literature&novels 	adventurestories 	adventurestories 	adventurestories 	adventurestories 	fantasyfiction 	fantasyfiction 	fantasyfiction 	fantasyfiction',68,55),(205,'2019-01-16 16:16:53.043799',0,'j.m.barrie j.m.barrie j.m.barrie none fiction,literature&novels fiction,literature&novels 	adventurestories 	adventurestories 	adventurestories 	adventurestories 	fantasyfiction 	fantasyfiction 	fantasyfiction 	fantasyfiction',68,55),(206,'2019-01-16 16:18:37.878821',0,'j.m.barrie j.m.barrie j.m.barrie none fiction,literature&novels fiction,literature&novels 	adventurestories 	adventurestories 	adventurestories 	adventurestories 	fantasyfiction 	fantasyfiction 	fantasyfiction 	fantasyfiction',68,55),(207,'2019-01-16 16:25:08.461108',0,'j.m.barrie j.m.barrie j.m.barrie none fiction,literature&novels fiction,literature&novels 	adventurestories 	adventurestories 	adventurestories 	adventurestories 	fantasyfiction 	fantasyfiction 	fantasyfiction 	fantasyfiction',68,55),(208,'2019-01-16 19:38:25.347351',0,'danieldefoe danieldefoe danieldefoe none fiction,literature&novels fiction,literature&novels 	adventurestories 	adventurestories 	adventurestories 	adventurestories fiction fiction fiction fiction',104,54),(209,'2019-01-17 04:15:27.937517',0,'j.m.barrie j.m.barrie j.m.barrie none fiction,literature&novels fiction,literature&novels 	adventurestories 	adventurestories 	adventurestories 	adventurestories 	fantasyfiction 	fantasyfiction 	fantasyfiction 	fantasyfiction',68,54),(210,'2019-01-17 04:16:01.330310',250,'janeausten janeausten janeausten none fiction,literature&novels fiction,literature&novels languageandliterature languageandliterature languageandliterature languageandliterature youngwomen--fiction youngwomen--fiction youngwomen--fiction youngwomen--fiction 	lovestories 	lovestories 	lovestories 	lovestories courtship courtship courtship courtship',30,54),(211,'2019-01-17 04:23:21.607170',0,'janeausten janeausten janeausten none fiction,literature&novels fiction,literature&novels languageandliterature languageandliterature languageandliterature languageandliterature youngwomen--fiction youngwomen--fiction youngwomen--fiction youngwomen--fiction 	lovestories 	lovestories 	lovestories 	lovestories courtship courtship courtship courtship',30,23),(212,'2019-01-17 04:23:23.870337',0,'franzkafka franzkafka franzkafka none fiction,literature&novels fiction,literature&novels languageandliterature languageandliterature languageandliterature languageandliterature psychologicalfiction psychologicalfiction psychologicalfiction psychologicalfiction',46,54),(213,'2019-01-17 04:24:24.224646',113,'janeausten janeausten janeausten none fiction,literature&novels fiction,literature&novels languageandliterature languageandliterature languageandliterature languageandliterature youngwomen--fiction youngwomen--fiction youngwomen--fiction youngwomen--fiction 	lovestories 	lovestories 	lovestories 	lovestories courtship courtship courtship courtship',30,54),(214,'2019-01-17 04:24:39.195796',11,'janeausten janeausten janeausten none fiction,literature&novels fiction,literature&novels languageandliterature languageandliterature languageandliterature languageandliterature youngwomen--fiction youngwomen--fiction youngwomen--fiction youngwomen--fiction 	lovestories 	lovestories 	lovestories 	lovestories courtship courtship courtship courtship',30,23),(215,'2019-01-17 04:29:34.438675',94,'janeausten janeausten janeausten none fiction,literature&novels fiction,literature&novels languageandliterature languageandliterature languageandliterature languageandliterature youngwomen--fiction youngwomen--fiction youngwomen--fiction youngwomen--fiction 	lovestories 	lovestories 	lovestories 	lovestories courtship courtship courtship courtship',30,23),(216,'2019-01-17 04:29:34.682255',42,'franzkafka franzkafka franzkafka none fiction,literature&novels fiction,literature&novels languageandliterature languageandliterature languageandliterature languageandliterature psychologicalfiction psychologicalfiction psychologicalfiction psychologicalfiction',46,54),(217,'2019-01-17 04:33:15.627284',0,'j.m.barrie j.m.barrie j.m.barrie none fiction,literature&novels fiction,literature&novels 	adventurestories 	adventurestories 	adventurestories 	adventurestories 	fantasyfiction 	fantasyfiction 	fantasyfiction 	fantasyfiction',68,23),(218,'2019-01-17 04:33:56.230784',0,'j.m.barrie j.m.barrie j.m.barrie none fiction,literature&novels fiction,literature&novels 	adventurestories 	adventurestories 	adventurestories 	adventurestories 	fantasyfiction 	fantasyfiction 	fantasyfiction 	fantasyfiction',68,23),(219,'2019-01-17 04:34:18.111030',0,'j.m.barrie j.m.barrie j.m.barrie none fiction,literature&novels fiction,literature&novels 	adventurestories 	adventurestories 	adventurestories 	adventurestories 	fantasyfiction 	fantasyfiction 	fantasyfiction 	fantasyfiction',68,54),(220,'2019-01-17 04:42:58.263292',0,'j.m.barrie j.m.barrie j.m.barrie none fiction,literature&novels fiction,literature&novels 	adventurestories 	adventurestories 	adventurestories 	adventurestories 	fantasyfiction 	fantasyfiction 	fantasyfiction 	fantasyfiction',68,23),(221,'2019-01-17 04:43:16.336953',0,'janeausten janeausten janeausten none fiction,literature&novels fiction,literature&novels languageandliterature languageandliterature languageandliterature languageandliterature youngwomen--fiction youngwomen--fiction youngwomen--fiction youngwomen--fiction 	lovestories 	lovestories 	lovestories 	lovestories courtship courtship courtship courtship',30,23),(222,'2019-01-17 04:57:07.598584',0,'j.m.barrie j.m.barrie j.m.barrie none fiction,literature&novels fiction,literature&novels 	adventurestories 	adventurestories 	adventurestories 	adventurestories 	fantasyfiction 	fantasyfiction 	fantasyfiction 	fantasyfiction',68,23),(223,'2019-01-17 04:57:29.305859',0,'janeausten janeausten janeausten none fiction,literature&novels fiction,literature&novels languageandliterature languageandliterature languageandliterature languageandliterature youngwomen--fiction youngwomen--fiction youngwomen--fiction youngwomen--fiction 	lovestories 	lovestories 	lovestories 	lovestories courtship courtship courtship courtship',30,23),(224,'2019-01-17 05:02:21.903614',0,'j.m.barrie j.m.barrie j.m.barrie none fiction,literature&novels fiction,literature&novels 	adventurestories 	adventurestories 	adventurestories 	adventurestories 	fantasyfiction 	fantasyfiction 	fantasyfiction 	fantasyfiction',68,23),(225,'2019-01-17 05:02:31.426774',0,'janeausten janeausten janeausten none fiction,literature&novels fiction,literature&novels languageandliterature languageandliterature languageandliterature languageandliterature youngwomen--fiction youngwomen--fiction youngwomen--fiction youngwomen--fiction 	lovestories 	lovestories 	lovestories 	lovestories courtship courtship courtship courtship',30,23),(226,'2019-01-17 05:03:50.690636',7,'janeausten janeausten janeausten none fiction,literature&novels fiction,literature&novels languageandliterature languageandliterature languageandliterature languageandliterature youngwomen--fiction youngwomen--fiction youngwomen--fiction youngwomen--fiction 	lovestories 	lovestories 	lovestories 	lovestories courtship courtship courtship courtship',30,23),(227,'2019-01-17 05:11:45.851402',0,'j.m.barrie j.m.barrie j.m.barrie none fiction,literature&novels fiction,literature&novels 	adventurestories 	adventurestories 	adventurestories 	adventurestories 	fantasyfiction 	fantasyfiction 	fantasyfiction 	fantasyfiction',68,23),(228,'2019-01-17 05:11:48.108958',1,'janeausten janeausten janeausten none fiction,literature&novels fiction,literature&novels languageandliterature languageandliterature languageandliterature languageandliterature youngwomen--fiction youngwomen--fiction youngwomen--fiction youngwomen--fiction 	lovestories 	lovestories 	lovestories 	lovestories courtship courtship courtship courtship',30,23),(229,'2019-01-17 07:18:24.367031',0,'j.m.barrie j.m.barrie j.m.barrie none fiction,literature&novels fiction,literature&novels 	adventurestories 	adventurestories 	adventurestories 	adventurestories 	fantasyfiction 	fantasyfiction 	fantasyfiction 	fantasyfiction',68,54),(230,'2019-01-17 07:43:14.047249',0,'j.m.barrie j.m.barrie j.m.barrie none fiction,literature&novels fiction,literature&novels 	adventurestories 	adventurestories 	adventurestories 	adventurestories 	fantasyfiction 	fantasyfiction 	fantasyfiction 	fantasyfiction',68,23),(231,'2019-01-17 07:43:20.964399',0,'janeausten janeausten janeausten none fiction,literature&novels fiction,literature&novels languageandliterature languageandliterature languageandliterature languageandliterature youngwomen--fiction youngwomen--fiction youngwomen--fiction youngwomen--fiction 	lovestories 	lovestories 	lovestories 	lovestories courtship courtship courtship courtship',30,23),(232,'2019-01-17 07:43:40.652396',0,'janeausten janeausten janeausten none fiction,literature&novels fiction,literature&novels languageandliterature languageandliterature languageandliterature languageandliterature youngwomen--fiction youngwomen--fiction youngwomen--fiction youngwomen--fiction 	lovestories 	lovestories 	lovestories 	lovestories courtship courtship courtship courtship',30,23),(233,'2019-01-17 07:49:30.934777',0,'j.m.barrie j.m.barrie j.m.barrie none fiction,literature&novels fiction,literature&novels 	adventurestories 	adventurestories 	adventurestories 	adventurestories 	fantasyfiction 	fantasyfiction 	fantasyfiction 	fantasyfiction',68,23),(234,'2019-01-17 07:49:47.518224',0,'janeausten janeausten janeausten none fiction,literature&novels fiction,literature&novels languageandliterature languageandliterature languageandliterature languageandliterature youngwomen--fiction youngwomen--fiction youngwomen--fiction youngwomen--fiction 	lovestories 	lovestories 	lovestories 	lovestories courtship courtship courtship courtship',30,23),(235,'2019-01-17 07:50:23.677918',0,'j.m.barrie j.m.barrie j.m.barrie none fiction,literature&novels fiction,literature&novels 	adventurestories 	adventurestories 	adventurestories 	adventurestories 	fantasyfiction 	fantasyfiction 	fantasyfiction 	fantasyfiction',68,23),(236,'2019-01-17 07:50:35.424820',0,'janeausten janeausten janeausten none fiction,literature&novels fiction,literature&novels languageandliterature languageandliterature languageandliterature languageandliterature youngwomen--fiction youngwomen--fiction youngwomen--fiction youngwomen--fiction 	lovestories 	lovestories 	lovestories 	lovestories courtship courtship courtship courtship',30,23),(237,'2019-01-17 07:56:31.592590',0,'j.m.barrie j.m.barrie j.m.barrie none fiction,literature&novels fiction,literature&novels 	adventurestories 	adventurestories 	adventurestories 	adventurestories 	fantasyfiction 	fantasyfiction 	fantasyfiction 	fantasyfiction',68,23),(238,'2019-01-17 07:56:40.148003',0,'janeausten janeausten janeausten none fiction,literature&novels fiction,literature&novels languageandliterature languageandliterature languageandliterature languageandliterature youngwomen--fiction youngwomen--fiction youngwomen--fiction youngwomen--fiction 	lovestories 	lovestories 	lovestories 	lovestories courtship courtship courtship courtship',30,23),(239,'2019-01-17 08:00:48.602231',0,'j.m.barrie j.m.barrie j.m.barrie none fiction,literature&novels fiction,literature&novels 	adventurestories 	adventurestories 	adventurestories 	adventurestories 	fantasyfiction 	fantasyfiction 	fantasyfiction 	fantasyfiction',68,23),(240,'2019-01-17 08:14:18.266537',0,'j.m.barrie j.m.barrie j.m.barrie none fiction,literature&novels fiction,literature&novels 	adventurestories 	adventurestories 	adventurestories 	adventurestories 	fantasyfiction 	fantasyfiction 	fantasyfiction 	fantasyfiction',68,23),(241,'2019-01-17 08:19:59.498636',69,'janeausten janeausten janeausten none fiction,literature&novels fiction,literature&novels languageandliterature languageandliterature languageandliterature languageandliterature youngwomen--fiction youngwomen--fiction youngwomen--fiction youngwomen--fiction 	lovestories 	lovestories 	lovestories 	lovestories courtship courtship courtship courtship',30,23),(242,'2019-01-17 08:29:10.274423',0,'j.m.barrie j.m.barrie j.m.barrie none fiction,literature&novels fiction,literature&novels 	adventurestories 	adventurestories 	adventurestories 	adventurestories 	fantasyfiction 	fantasyfiction 	fantasyfiction 	fantasyfiction',68,23),(243,'2019-01-17 08:32:43.294752',0,'janeausten janeausten janeausten none fiction,literature&novels fiction,literature&novels languageandliterature languageandliterature languageandliterature languageandliterature youngwomen--fiction youngwomen--fiction youngwomen--fiction youngwomen--fiction 	lovestories 	lovestories 	lovestories 	lovestories courtship courtship courtship courtship',30,23),(244,'2019-01-17 08:32:46.412770',0,'robertlouisstevenson robertlouisstevenson robertlouisstevenson none fiction,literature&novels fiction,literature&novels seastories seastories seastories seastories 	adventurestories 	adventurestories 	adventurestories 	adventurestories',66,23),(245,'2019-01-17 08:33:51.879885',779,'robertlouisstevenson robertlouisstevenson robertlouisstevenson none fiction,literature&novels fiction,literature&novels seastories seastories seastories seastories 	adventurestories 	adventurestories 	adventurestories 	adventurestories',66,23),(246,'2019-01-17 08:34:25.677732',0,'janeausten janeausten janeausten none fiction,literature&novels fiction,literature&novels languageandliterature languageandliterature languageandliterature languageandliterature youngwomen--fiction youngwomen--fiction youngwomen--fiction youngwomen--fiction 	lovestories 	lovestories 	lovestories 	lovestories courtship courtship courtship courtship',30,23),(247,'2019-01-17 08:43:33.628681',0,'j.m.barrie j.m.barrie j.m.barrie none fiction,literature&novels fiction,literature&novels 	adventurestories 	adventurestories 	adventurestories 	adventurestories 	fantasyfiction 	fantasyfiction 	fantasyfiction 	fantasyfiction',68,23),(248,'2019-01-17 08:43:35.817000',741,'janeausten janeausten janeausten none fiction,literature&novels fiction,literature&novels languageandliterature languageandliterature languageandliterature languageandliterature youngwomen--fiction youngwomen--fiction youngwomen--fiction youngwomen--fiction 	lovestories 	lovestories 	lovestories 	lovestories courtship courtship courtship courtship',30,23),(249,'2019-01-17 08:48:06.687640',0,'j.m.barrie j.m.barrie j.m.barrie none fiction,literature&novels fiction,literature&novels 	adventurestories 	adventurestories 	adventurestories 	adventurestories 	fantasyfiction 	fantasyfiction 	fantasyfiction 	fantasyfiction',68,23),(250,'2019-01-17 08:50:39.699712',0,'j.m.barrie j.m.barrie j.m.barrie none fiction,literature&novels fiction,literature&novels 	adventurestories 	adventurestories 	adventurestories 	adventurestories 	fantasyfiction 	fantasyfiction 	fantasyfiction 	fantasyfiction',68,23),(251,'2019-01-17 08:50:42.016471',107,'janeausten janeausten janeausten none fiction,literature&novels fiction,literature&novels languageandliterature languageandliterature languageandliterature languageandliterature youngwomen--fiction youngwomen--fiction youngwomen--fiction youngwomen--fiction 	lovestories 	lovestories 	lovestories 	lovestories courtship courtship courtship courtship',30,23),(252,'2019-01-17 08:53:10.044820',146,'janeausten janeausten janeausten none fiction,literature&novels fiction,literature&novels languageandliterature languageandliterature languageandliterature languageandliterature youngwomen--fiction youngwomen--fiction youngwomen--fiction youngwomen--fiction 	lovestories 	lovestories 	lovestories 	lovestories courtship courtship courtship courtship',30,23),(253,'2019-01-17 08:56:07.241163',20,'janeausten janeausten janeausten none fiction,literature&novels fiction,literature&novels languageandliterature languageandliterature languageandliterature languageandliterature youngwomen--fiction youngwomen--fiction youngwomen--fiction youngwomen--fiction 	lovestories 	lovestories 	lovestories 	lovestories courtship courtship courtship courtship',30,23),(254,'2019-01-17 08:56:47.446186',13,'janeausten janeausten janeausten none fiction,literature&novels fiction,literature&novels languageandliterature languageandliterature languageandliterature languageandliterature youngwomen--fiction youngwomen--fiction youngwomen--fiction youngwomen--fiction 	lovestories 	lovestories 	lovestories 	lovestories courtship courtship courtship courtship',30,23),(255,'2019-01-17 08:57:18.899732',0,'janeausten janeausten janeausten none fiction,literature&novels fiction,literature&novels languageandliterature languageandliterature languageandliterature languageandliterature youngwomen--fiction youngwomen--fiction youngwomen--fiction youngwomen--fiction 	lovestories 	lovestories 	lovestories 	lovestories courtship courtship courtship courtship',30,23),(256,'2019-01-17 08:57:34.458419',0,'j.m.barrie j.m.barrie j.m.barrie none fiction,literature&novels fiction,literature&novels 	adventurestories 	adventurestories 	adventurestories 	adventurestories 	fantasyfiction 	fantasyfiction 	fantasyfiction 	fantasyfiction',68,23),(257,'2019-01-17 08:57:36.631796',15,'janeausten janeausten janeausten none fiction,literature&novels fiction,literature&novels languageandliterature languageandliterature languageandliterature languageandliterature youngwomen--fiction youngwomen--fiction youngwomen--fiction youngwomen--fiction 	lovestories 	lovestories 	lovestories 	lovestories courtship courtship courtship courtship',30,23),(258,'2019-01-17 08:58:14.790434',26,'janeausten janeausten janeausten none fiction,literature&novels fiction,literature&novels languageandliterature languageandliterature languageandliterature languageandliterature youngwomen--fiction youngwomen--fiction youngwomen--fiction youngwomen--fiction 	lovestories 	lovestories 	lovestories 	lovestories courtship courtship courtship courtship',30,23),(259,'2019-01-17 16:07:46.875296',0,'jonathanswift jonathanswift jonathanswift none fiction,literature&novels fiction,literature&novels languageandliterature languageandliterature languageandliterature languageandliterature political political political political religious religious religious religious',41,23),(260,'2019-01-17 16:13:35.631764',0,'j.m.barrie j.m.barrie j.m.barrie none fiction,literature&novels fiction,literature&novels 	adventurestories 	adventurestories 	adventurestories 	adventurestories 	fantasyfiction 	fantasyfiction 	fantasyfiction 	fantasyfiction',68,54),(261,'2019-01-17 16:34:22.292158',0,'j.m.barrie j.m.barrie j.m.barrie none fiction,literature&novels fiction,literature&novels 	adventurestories 	adventurestories 	adventurestories 	adventurestories 	fantasyfiction 	fantasyfiction 	fantasyfiction 	fantasyfiction',68,54),(262,'2019-01-17 16:35:40.899038',0,'j.m.barrie j.m.barrie j.m.barrie none fiction,literature&novels fiction,literature&novels 	adventurestories 	adventurestories 	adventurestories 	adventurestories 	fantasyfiction 	fantasyfiction 	fantasyfiction 	fantasyfiction',68,54),(263,'2019-01-17 17:09:36.319823',40,'arthurconandoyle arthurconandoyle arthurconandoyle none fiction,literature&novels fiction,literature&novels languageandliterature languageandliterature languageandliterature languageandliterature holmes,sherlock holmes,sherlock holmes,sherlock holmes,sherlock detectiveandmysterystories detectiveandmysterystories detectiveandmysterystories detectiveandmysterystories',38,68),(264,'2019-01-17 17:10:17.455111',192,'arthurconandoyle arthurconandoyle arthurconandoyle none fiction,literature&novels fiction,literature&novels languageandliterature languageandliterature languageandliterature languageandliterature holmes,sherlock holmes,sherlock holmes,sherlock holmes,sherlock detectiveandmysterystories detectiveandmysterystories detectiveandmysterystories detectiveandmysterystories',38,68),(265,'2019-01-17 17:10:29.936578',26,'edwardbellamy edwardbellamy edwardbellamy none fiction,literature&novels fiction,literature&novels 	sciencefiction 	sciencefiction 	sciencefiction 	sciencefiction 	sociallife 	sociallife 	sociallife 	sociallife romance romance romance romance utopian utopian utopian utopian',227,68),(266,'2019-01-17 17:12:56.124403',16,'edwardbellamy edwardbellamy edwardbellamy none fiction,literature&novels fiction,literature&novels 	sciencefiction 	sciencefiction 	sciencefiction 	sciencefiction 	sociallife 	sociallife 	sociallife 	sociallife romance romance romance romance utopian utopian utopian utopian',227,68),(267,'2019-01-18 04:24:57.559386',3,'jonathanswift jonathanswift jonathanswift none fiction,literature&novels fiction,literature&novels languageandliterature languageandliterature languageandliterature languageandliterature political political political political religious religious religious religious',41,23),(268,'2019-01-18 06:10:54.701595',0,'j.m.barrie j.m.barrie j.m.barrie none fiction,literature&novels fiction,literature&novels 	adventurestories 	adventurestories 	adventurestories 	adventurestories 	fantasyfiction 	fantasyfiction 	fantasyfiction 	fantasyfiction',68,54),(269,'2019-01-18 06:29:43.115941',0,'j.m.barrie j.m.barrie j.m.barrie none fiction,literature&novels fiction,literature&novels 	adventurestories 	adventurestories 	adventurestories 	adventurestories 	fantasyfiction 	fantasyfiction 	fantasyfiction 	fantasyfiction',68,70),(270,'2019-01-18 06:30:52.898206',0,'j.m.barrie j.m.barrie j.m.barrie none fiction,literature&novels fiction,literature&novels 	adventurestories 	adventurestories 	adventurestories 	adventurestories 	fantasyfiction 	fantasyfiction 	fantasyfiction 	fantasyfiction',68,70),(271,'2019-01-18 06:32:34.808059',0,'j.m.barrie j.m.barrie j.m.barrie none fiction,literature&novels fiction,literature&novels 	adventurestories 	adventurestories 	adventurestories 	adventurestories 	fantasyfiction 	fantasyfiction 	fantasyfiction 	fantasyfiction',68,70),(272,'2019-01-18 06:36:46.854835',0,'j.m.barrie j.m.barrie j.m.barrie none fiction,literature&novels fiction,literature&novels 	adventurestories 	adventurestories 	adventurestories 	adventurestories 	fantasyfiction 	fantasyfiction 	fantasyfiction 	fantasyfiction',68,70),(273,'2019-01-18 06:37:04.485493',0,'j.m.barrie j.m.barrie j.m.barrie none fiction,literature&novels fiction,literature&novels 	adventurestories 	adventurestories 	adventurestories 	adventurestories 	fantasyfiction 	fantasyfiction 	fantasyfiction 	fantasyfiction',68,70),(274,'2019-01-18 06:37:12.665792',0,'j.m.barrie j.m.barrie j.m.barrie none fiction,literature&novels fiction,literature&novels 	adventurestories 	adventurestories 	adventurestories 	adventurestories 	fantasyfiction 	fantasyfiction 	fantasyfiction 	fantasyfiction',68,70),(275,'2019-01-21 16:51:42.702611',0,'j.m.barrie j.m.barrie j.m.barrie none fiction,literature&novels fiction,literature&novels 	adventurestories 	adventurestories 	adventurestories 	adventurestories 	fantasyfiction 	fantasyfiction 	fantasyfiction 	fantasyfiction',68,54),(276,'2019-01-21 17:58:16.365344',0,'j.m.barrie j.m.barrie j.m.barrie none fiction,literature&novels fiction,literature&novels 	adventurestories 	adventurestories 	adventurestories 	adventurestories 	fantasyfiction 	fantasyfiction 	fantasyfiction 	fantasyfiction',68,63);
/*!40000 ALTER TABLE `rapp_readview` ENABLE KEYS */;
UNLOCK TABLES;

--
-- Table structure for table `rapp_sampleview`
--

DROP TABLE IF EXISTS `rapp_sampleview`;
/*!40101 SET @saved_cs_client     = @@character_set_client */;
/*!40101 SET character_set_client = utf8 */;
CREATE TABLE `rapp_sampleview` (
  `id` int(11) NOT NULL AUTO_INCREMENT,
  `time` datetime(6) NOT NULL,
  `duration` int(11) NOT NULL,
  `profilevector` longtext NOT NULL,
  `ebook_id` int(11) NOT NULL,
  `user_id` int(11) NOT NULL,
  PRIMARY KEY (`id`),
  KEY `rapp_sampleview_ebook_id_2d75bd10_fk_rapp_ebooks_id` (`ebook_id`),
  KEY `rapp_sampleview_user_id_59d10457_fk_auth_user_id` (`user_id`),
  CONSTRAINT `rapp_sampleview_ebook_id_2d75bd10_fk_rapp_ebooks_id` FOREIGN KEY (`ebook_id`) REFERENCES `rapp_ebooks` (`id`),
  CONSTRAINT `rapp_sampleview_user_id_59d10457_fk_auth_user_id` FOREIGN KEY (`user_id`) REFERENCES `auth_user` (`id`)
) ENGINE=InnoDB AUTO_INCREMENT=15 DEFAULT CHARSET=utf8;
/*!40101 SET character_set_client = @saved_cs_client */;

--
-- Dumping data for table `rapp_sampleview`
--

LOCK TABLES `rapp_sampleview` WRITE;
/*!40000 ALTER TABLE `rapp_sampleview` DISABLE KEYS */;
INSERT INTO `rapp_sampleview` VALUES (1,'2019-01-13 05:44:24.187099',3908,'arthurconandoyle arthurconandoyle arthurconandoyle none fiction,literature&novels fiction,literature&novels languageandliterature languageandliterature languageandliterature languageandliterature holmes,sherlock holmes,sherlock holmes,sherlock holmes,sherlock detectiveandmysterystories detectiveandmysterystories detectiveandmysterystories detectiveandmysterystories',38,58),(2,'2019-01-13 12:44:42.196328',11,'johnbuchan johnbuchan johnbuchan none fiction,literature&novels fiction,literature&novels 	adventurestories 	adventurestories 	adventurestories 	adventurestories action action action action',166,63),(3,'2019-01-13 12:47:36.301918',1,'johnbuchan johnbuchan johnbuchan none fiction,literature&novels fiction,literature&novels 	adventurestories 	adventurestories 	adventurestories 	adventurestories action action action action',166,63),(4,'2019-01-13 12:47:42.192184',1,'johnbuchan johnbuchan johnbuchan none fiction,literature&novels fiction,literature&novels 	adventurestories 	adventurestories 	adventurestories 	adventurestories action action action action',166,63),(5,'2019-01-13 12:47:46.289508',0,'johnbuchan johnbuchan johnbuchan none fiction,literature&novels fiction,literature&novels 	adventurestories 	adventurestories 	adventurestories 	adventurestories action action action action',166,63),(6,'2019-01-13 14:06:47.488437',23,'janeausten janeausten janeausten none fiction,literature&novels fiction,literature&novels languageandliterature languageandliterature languageandliterature languageandliterature youngwomen--fiction youngwomen--fiction youngwomen--fiction youngwomen--fiction 	lovestories 	lovestories 	lovestories 	lovestories courtship courtship courtship courtship',30,58),(7,'2019-01-13 14:07:11.954827',2,'janeausten janeausten janeausten none fiction,literature&novels fiction,literature&novels languageandliterature languageandliterature languageandliterature languageandliterature youngwomen--fiction youngwomen--fiction youngwomen--fiction youngwomen--fiction 	lovestories 	lovestories 	lovestories 	lovestories courtship courtship courtship courtship',30,58),(8,'2019-01-13 14:07:16.168973',2,'janeausten janeausten janeausten none fiction,literature&novels fiction,literature&novels languageandliterature languageandliterature languageandliterature languageandliterature youngwomen--fiction youngwomen--fiction youngwomen--fiction youngwomen--fiction 	lovestories 	lovestories 	lovestories 	lovestories courtship courtship courtship courtship',30,58),(9,'2019-01-13 14:07:19.843270',3,'janeausten janeausten janeausten none fiction,literature&novels fiction,literature&novels languageandliterature languageandliterature languageandliterature languageandliterature youngwomen--fiction youngwomen--fiction youngwomen--fiction youngwomen--fiction 	lovestories 	lovestories 	lovestories 	lovestories courtship courtship courtship courtship',30,58),(10,'2019-01-13 14:07:24.113494',3,'janeausten janeausten janeausten none fiction,literature&novels fiction,literature&novels languageandliterature languageandliterature languageandliterature languageandliterature youngwomen--fiction youngwomen--fiction youngwomen--fiction youngwomen--fiction 	lovestories 	lovestories 	lovestories 	lovestories courtship courtship courtship courtship',30,58),(11,'2019-01-13 14:07:28.200155',2,'janeausten janeausten janeausten none fiction,literature&novels fiction,literature&novels languageandliterature languageandliterature languageandliterature languageandliterature youngwomen--fiction youngwomen--fiction youngwomen--fiction youngwomen--fiction 	lovestories 	lovestories 	lovestories 	lovestories courtship courtship courtship courtship',30,58),(12,'2019-01-13 14:07:31.652671',3,'janeausten janeausten janeausten none fiction,literature&novels fiction,literature&novels languageandliterature languageandliterature languageandliterature languageandliterature youngwomen--fiction youngwomen--fiction youngwomen--fiction youngwomen--fiction 	lovestories 	lovestories 	lovestories 	lovestories courtship courtship courtship courtship',30,58),(13,'2019-01-17 16:35:23.576565',0,'marywollstonecraftshelley marywollstonecraftshelley marywollstonecraftshelley none fiction,literature&novels fiction,literature&novels languageandliterature languageandliterature languageandliterature languageandliterature 	sciencefiction 	sciencefiction 	sciencefiction 	sciencefiction 	horrortales 	horrortales 	horrortales 	horrortales',34,67),(14,'2019-01-21 17:57:57.725004',8,'hermannhesse hermannhesse hermannhesse none religion&spirituality religion&spirituality philosophy philosophy philosophy philosophy buddhism buddhism buddhism buddhism indiantale indiantale indiantale indiantale',76,63);
/*!40000 ALTER TABLE `rapp_sampleview` ENABLE KEYS */;
UNLOCK TABLES;

--
-- Table structure for table `rapp_searchview`
--

DROP TABLE IF EXISTS `rapp_searchview`;
/*!40101 SET @saved_cs_client     = @@character_set_client */;
/*!40101 SET character_set_client = utf8 */;
CREATE TABLE `rapp_searchview` (
  `id` int(11) NOT NULL AUTO_INCREMENT,
  `time` datetime(6) NOT NULL,
  `duration` int(11) NOT NULL,
  `profilevector` longtext NOT NULL,
  `user_id` int(11) NOT NULL,
  PRIMARY KEY (`id`),
  KEY `rapp_searchview_user_id_ca54f079_fk_auth_user_id` (`user_id`),
  CONSTRAINT `rapp_searchview_user_id_ca54f079_fk_auth_user_id` FOREIGN KEY (`user_id`) REFERENCES `auth_user` (`id`)
) ENGINE=InnoDB DEFAULT CHARSET=utf8;
/*!40101 SET character_set_client = @saved_cs_client */;

--
-- Dumping data for table `rapp_searchview`
--

LOCK TABLES `rapp_searchview` WRITE;
/*!40000 ALTER TABLE `rapp_searchview` DISABLE KEYS */;
/*!40000 ALTER TABLE `rapp_searchview` ENABLE KEYS */;
UNLOCK TABLES;

--
-- Table structure for table `rapp_subscribers`
--

DROP TABLE IF EXISTS `rapp_subscribers`;
/*!40101 SET @saved_cs_client     = @@character_set_client */;
/*!40101 SET character_set_client = utf8 */;
CREATE TABLE `rapp_subscribers` (
  `id` int(11) NOT NULL AUTO_INCREMENT,
  `subemail` varchar(254) NOT NULL,
  PRIMARY KEY (`id`)
) ENGINE=InnoDB AUTO_INCREMENT=2 DEFAULT CHARSET=utf8;
/*!40101 SET character_set_client = @saved_cs_client */;

--
-- Dumping data for table `rapp_subscribers`
--

LOCK TABLES `rapp_subscribers` WRITE;
/*!40000 ALTER TABLE `rapp_subscribers` DISABLE KEYS */;
INSERT INTO `rapp_subscribers` VALUES (1,'techentreshivam@gmail.com');
/*!40000 ALTER TABLE `rapp_subscribers` ENABLE KEYS */;
UNLOCK TABLES;

--
-- Table structure for table `rapp_subscriptiontry`
--

DROP TABLE IF EXISTS `rapp_subscriptiontry`;
/*!40101 SET @saved_cs_client     = @@character_set_client */;
/*!40101 SET character_set_client = utf8 */;
CREATE TABLE `rapp_subscriptiontry` (
  `id` int(11) NOT NULL AUTO_INCREMENT,
  `subid` varchar(255) NOT NULL,
  `publicip` varchar(255) NOT NULL,
  `subplan` int(11) NOT NULL,
  `subtime` int(11) NOT NULL,
  `amount` int(11) NOT NULL,
  `time` datetime(6) NOT NULL,
  `purchased` tinyint(1) NOT NULL,
  `user_id` int(11) DEFAULT NULL,
  `localip` varchar(255) NOT NULL,
  PRIMARY KEY (`id`),
  KEY `rapp_subscriptiontry_user_id_12638a17_fk_auth_user_id` (`user_id`),
  CONSTRAINT `rapp_subscriptiontry_user_id_12638a17_fk_auth_user_id` FOREIGN KEY (`user_id`) REFERENCES `auth_user` (`id`)
) ENGINE=InnoDB AUTO_INCREMENT=4 DEFAULT CHARSET=utf8;
/*!40101 SET character_set_client = @saved_cs_client */;

--
-- Dumping data for table `rapp_subscriptiontry`
--

LOCK TABLES `rapp_subscriptiontry` WRITE;
/*!40000 ALTER TABLE `rapp_subscriptiontry` DISABLE KEYS */;
INSERT INTO `rapp_subscriptiontry` VALUES (1,'11945295442257154940152664156317','103.37.201.45',5,12,3000,'2019-01-13 05:41:03.570482',0,58,'172.30.19.145'),(2,'20061131716226795345028974229592','103.84.61.139',3,3,594,'2019-01-13 12:48:48.858448',0,63,'192.168.0.105'),(3,'80478667195505008467016607998105','103.196.213.197',85,3,11220,'2019-01-18 06:29:59.985427',0,70,'192.168.0.4');
/*!40000 ALTER TABLE `rapp_subscriptiontry` ENABLE KEYS */;
UNLOCK TABLES;

--
-- Table structure for table `rapp_tag`
--

DROP TABLE IF EXISTS `rapp_tag`;
/*!40101 SET @saved_cs_client     = @@character_set_client */;
/*!40101 SET character_set_client = utf8 */;
CREATE TABLE `rapp_tag` (
  `id` int(11) NOT NULL AUTO_INCREMENT,
  `name` varchar(255) NOT NULL,
  PRIMARY KEY (`id`)
) ENGINE=InnoDB AUTO_INCREMENT=102 DEFAULT CHARSET=utf8;
/*!40101 SET character_set_client = @saved_cs_client */;

--
-- Dumping data for table `rapp_tag`
--

LOCK TABLES `rapp_tag` WRITE;
/*!40000 ALTER TABLE `rapp_tag` DISABLE KEYS */;
INSERT INTO `rapp_tag` VALUES (4,'Language and Literature'),(5,'Young women -- Fiction'),(6,'	Love stories'),(7,'Courtship'),(8,'	Christmas stories'),(9,'Ghost stories'),(10,'Historical fiction'),(11,'War stories'),(12,'	Science fiction'),(13,'	Horror tales'),(14,'Sea stories'),(15,'Psychological fiction'),(16,'	Adventure stories'),(17,'Children\'s stories'),(18,'	Fantasy fiction'),(19,'Vampires '),(20,'Dracula'),(21,'Holmes, Sherlock'),(22,'Detective and mystery stories'),(23,'Psychological fiction'),(24,'	Comedies'),(25,'Drama'),(26,'Political'),(27,'Religious'),(28,'Classical'),(29,'Poetry'),(30,'Erotic stories'),(31,'Young Adult'),(32,'Supernatural'),(33,'Portraits'),(34,'Fiction'),(35,'Humorous stories'),(36,'Male friendship'),(37,'traditional tales'),(38,'Dragons'),(39,' Monsters -- Poetry'),(40,'	Feminist fiction'),(41,'Political science'),(42,'Justice'),(43,'Man-woman relationships'),(44,'Young men '),(45,'Revenge'),(46,'Revenge'),(47,'Revenge'),(48,'Revenge'),(49,'Revenge'),(50,'Revenge'),(51,'Revenge'),(52,'Short Story'),(53,' Philosophy '),(54,'Abolitionists'),(55,'Domestic fiction'),(56,'	Didactic fiction'),(57,'	Social life'),(58,'	Detective and mystery stories'),(59,' Biography'),(60,'Dreams'),(61,'Courage'),(62,'Travelers'),(63,'Buddhism'),(64,'Indian Tale'),(65,'Private investigators '),(66,'Slavery'),(67,' Romance '),(68,'Optimism'),(69,'Sex and Gender'),(70,' Liberty '),(71,'Crime'),(72,'Friendship'),(73,'Communism'),(74,'Time travel'),(75,'Ethics'),(76,'Orphans'),(77,' Disabilities '),(78,'Trader'),(79,'	Mogul Empire'),(80,'History'),(81,'Folklore '),(82,' Geography'),(83,'Criticism'),(84,'Animal'),(85,'Action'),(86,'Spy'),(87,'Spy'),(88,'Treasure'),(89,'horror'),(90,'super-science'),(91,'Fashion'),(92,'Fashion'),(93,'Fashion'),(94,'Space'),(95,'Planet'),(96,'contemporary'),(97,'Culture'),(98,'Civilization'),(99,'Utopian'),(100,'Mars'),(101,'Mystery');
/*!40000 ALTER TABLE `rapp_tag` ENABLE KEYS */;
UNLOCK TABLES;

--
-- Table structure for table `rapp_transactions`
--

DROP TABLE IF EXISTS `rapp_transactions`;
/*!40101 SET @saved_cs_client     = @@character_set_client */;
/*!40101 SET character_set_client = utf8 */;
CREATE TABLE `rapp_transactions` (
  `id` int(11) NOT NULL AUTO_INCREMENT,
  `txnid` varchar(32) NOT NULL,
  PRIMARY KEY (`id`)
) ENGINE=InnoDB DEFAULT CHARSET=utf8;
/*!40101 SET character_set_client = @saved_cs_client */;

--
-- Dumping data for table `rapp_transactions`
--

LOCK TABLES `rapp_transactions` WRITE;
/*!40000 ALTER TABLE `rapp_transactions` DISABLE KEYS */;
/*!40000 ALTER TABLE `rapp_transactions` ENABLE KEYS */;
UNLOCK TABLES;

--
-- Table structure for table `rapp_uploadadmin`
--

DROP TABLE IF EXISTS `rapp_uploadadmin`;
/*!40101 SET @saved_cs_client     = @@character_set_client */;
/*!40101 SET character_set_client = utf8 */;
CREATE TABLE `rapp_uploadadmin` (
  `id` int(11) NOT NULL AUTO_INCREMENT,
  `user_id` int(11) NOT NULL,
  PRIMARY KEY (`id`),
  KEY `rapp_uploadadmin_user_id_b6ffc238_fk_auth_user_id` (`user_id`),
  CONSTRAINT `rapp_uploadadmin_user_id_b6ffc238_fk_auth_user_id` FOREIGN KEY (`user_id`) REFERENCES `auth_user` (`id`)
) ENGINE=InnoDB AUTO_INCREMENT=4 DEFAULT CHARSET=utf8;
/*!40101 SET character_set_client = @saved_cs_client */;

--
-- Dumping data for table `rapp_uploadadmin`
--

LOCK TABLES `rapp_uploadadmin` WRITE;
/*!40000 ALTER TABLE `rapp_uploadadmin` DISABLE KEYS */;
INSERT INTO `rapp_uploadadmin` VALUES (1,23),(2,54),(3,58);
/*!40000 ALTER TABLE `rapp_uploadadmin` ENABLE KEYS */;
UNLOCK TABLES;

--
-- Table structure for table `rapp_uploaded`
--

DROP TABLE IF EXISTS `rapp_uploaded`;
/*!40101 SET @saved_cs_client     = @@character_set_client */;
/*!40101 SET character_set_client = utf8 */;
CREATE TABLE `rapp_uploaded` (
  `id` int(11) NOT NULL AUTO_INCREMENT,
  `file` varchar(255) NOT NULL,
  `handled` tinyint(1) NOT NULL,
  `publisher_id` int(11) NOT NULL,
  PRIMARY KEY (`id`),
  KEY `rapp_uploaded_publisher_id_9d18087a_fk_rapp_publishers_id` (`publisher_id`),
  CONSTRAINT `rapp_uploaded_publisher_id_9d18087a_fk_rapp_publishers_id` FOREIGN KEY (`publisher_id`) REFERENCES `rapp_publishers` (`id`)
) ENGINE=InnoDB DEFAULT CHARSET=utf8;
/*!40101 SET character_set_client = @saved_cs_client */;

--
-- Dumping data for table `rapp_uploaded`
--

LOCK TABLES `rapp_uploaded` WRITE;
/*!40000 ALTER TABLE `rapp_uploaded` DISABLE KEYS */;
/*!40000 ALTER TABLE `rapp_uploaded` ENABLE KEYS */;
UNLOCK TABLES;

--
-- Table structure for table `rapp_usercart`
--

DROP TABLE IF EXISTS `rapp_usercart`;
/*!40101 SET @saved_cs_client     = @@character_set_client */;
/*!40101 SET character_set_client = utf8 */;
CREATE TABLE `rapp_usercart` (
  `id` int(11) NOT NULL AUTO_INCREMENT,
  `duration` varchar(255) NOT NULL,
  `nprice` double NOT NULL,
  `ebook_id` int(11) NOT NULL,
  `user_id` int(11) NOT NULL,
  `buyrent` varchar(10) NOT NULL,
  PRIMARY KEY (`id`),
  KEY `rapp_usercart_ebook_id_23e2e8d6_fk_rapp_ebooks_id` (`ebook_id`),
  KEY `rapp_usercart_user_id_9a0f038d_fk_auth_user_id` (`user_id`),
  CONSTRAINT `rapp_usercart_ebook_id_23e2e8d6_fk_rapp_ebooks_id` FOREIGN KEY (`ebook_id`) REFERENCES `rapp_ebooks` (`id`),
  CONSTRAINT `rapp_usercart_user_id_9a0f038d_fk_auth_user_id` FOREIGN KEY (`user_id`) REFERENCES `auth_user` (`id`)
) ENGINE=InnoDB AUTO_INCREMENT=5 DEFAULT CHARSET=utf8;
/*!40101 SET character_set_client = @saved_cs_client */;

--
-- Dumping data for table `rapp_usercart`
--

LOCK TABLES `rapp_usercart` WRITE;
/*!40000 ALTER TABLE `rapp_usercart` DISABLE KEYS */;
INSERT INTO `rapp_usercart` VALUES (1,'1 month',0,32,54,'Rent'),(2,'21 days',0,187,23,'Rent'),(3,'21 days',0,30,23,'Rent'),(4,'21 days',0,33,63,'Buy');
/*!40000 ALTER TABLE `rapp_usercart` ENABLE KEYS */;
UNLOCK TABLES;

--
-- Table structure for table `rapp_userp`
--

DROP TABLE IF EXISTS `rapp_userp`;
/*!40101 SET @saved_cs_client     = @@character_set_client */;
/*!40101 SET character_set_client = utf8 */;
CREATE TABLE `rapp_userp` (
  `id` int(11) NOT NULL AUTO_INCREMENT,
  `pub` tinyint(1) NOT NULL,
  `user_id` int(11) NOT NULL,
  `publisher_id` int(11) NOT NULL,
  `account` varchar(255) NOT NULL,
  `benname` varchar(255) NOT NULL,
  `ifsc` varchar(255) NOT NULL,
  `number` varchar(255) NOT NULL,
  PRIMARY KEY (`id`),
  UNIQUE KEY `user_id` (`user_id`),
  KEY `rapp_userp_publisher_id_14cff152_fk_rapp_publishers_id` (`publisher_id`),
  CONSTRAINT `rapp_userp_publisher_id_14cff152_fk_rapp_publishers_id` FOREIGN KEY (`publisher_id`) REFERENCES `rapp_publishers` (`id`),
  CONSTRAINT `rapp_userp_user_id_df2d092d_fk_auth_user_id` FOREIGN KEY (`user_id`) REFERENCES `auth_user` (`id`)
) ENGINE=InnoDB AUTO_INCREMENT=4 DEFAULT CHARSET=utf8;
/*!40101 SET character_set_client = @saved_cs_client */;

--
-- Dumping data for table `rapp_userp`
--

LOCK TABLES `rapp_userp` WRITE;
/*!40000 ALTER TABLE `rapp_userp` DISABLE KEYS */;
INSERT INTO `rapp_userp` VALUES (1,0,55,20,'','','',''),(2,1,56,16,'','','',''),(3,1,23,20,'','','','');
/*!40000 ALTER TABLE `rapp_userp` ENABLE KEYS */;
UNLOCK TABLES;

--
-- Table structure for table `rapp_wishlist`
--

DROP TABLE IF EXISTS `rapp_wishlist`;
/*!40101 SET @saved_cs_client     = @@character_set_client */;
/*!40101 SET character_set_client = utf8 */;
CREATE TABLE `rapp_wishlist` (
  `id` int(11) NOT NULL AUTO_INCREMENT,
  `ebook_id` int(11) NOT NULL,
  `user_id` int(11) NOT NULL,
  PRIMARY KEY (`id`),
  KEY `rapp_wishlist_ebook_id_c34dd68b_fk_rapp_ebooks_id` (`ebook_id`),
  KEY `rapp_wishlist_user_id_4bcbf59d_fk_auth_user_id` (`user_id`),
  CONSTRAINT `rapp_wishlist_ebook_id_c34dd68b_fk_rapp_ebooks_id` FOREIGN KEY (`ebook_id`) REFERENCES `rapp_ebooks` (`id`),
  CONSTRAINT `rapp_wishlist_user_id_4bcbf59d_fk_auth_user_id` FOREIGN KEY (`user_id`) REFERENCES `auth_user` (`id`)
) ENGINE=InnoDB AUTO_INCREMENT=7 DEFAULT CHARSET=utf8;
/*!40101 SET character_set_client = @saved_cs_client */;

--
-- Dumping data for table `rapp_wishlist`
--

LOCK TABLES `rapp_wishlist` WRITE;
/*!40000 ALTER TABLE `rapp_wishlist` DISABLE KEYS */;
INSERT INTO `rapp_wishlist` VALUES (1,30,23),(2,54,23),(4,36,23);
/*!40000 ALTER TABLE `rapp_wishlist` ENABLE KEYS */;
UNLOCK TABLES;

--
-- Table structure for table `watson_searchentry`
--

DROP TABLE IF EXISTS `watson_searchentry`;
/*!40101 SET @saved_cs_client     = @@character_set_client */;
/*!40101 SET character_set_client = utf8 */;
CREATE TABLE `watson_searchentry` (
  `id` int(11) NOT NULL AUTO_INCREMENT,
  `engine_slug` varchar(200) NOT NULL,
  `object_id` longtext NOT NULL,
  `object_id_int` int(11) DEFAULT NULL,
  `title` varchar(1000) NOT NULL,
  `description` longtext NOT NULL,
  `content` longtext NOT NULL,
  `url` varchar(1000) NOT NULL,
  `meta_encoded` longtext NOT NULL,
  `content_type_id` int(11) NOT NULL,
  PRIMARY KEY (`id`),
  KEY `watson_searchentry_content_type_id_bd552f03_fk_django_co` (`content_type_id`),
  KEY `watson_searchentry_engine_slug_516fbb0c` (`engine_slug`),
  KEY `watson_searchentry_object_id_int_b04aab9e` (`object_id_int`),
  FULLTEXT KEY `watson_searchentry_fulltext` (`title`,`description`,`content`),
  FULLTEXT KEY `watson_searchentry_title` (`title`),
  FULLTEXT KEY `watson_searchentry_description` (`description`),
  FULLTEXT KEY `watson_searchentry_content` (`content`)
) ENGINE=MyISAM DEFAULT CHARSET=utf8;
/*!40101 SET character_set_client = @saved_cs_client */;

--
-- Dumping data for table `watson_searchentry`
--

LOCK TABLES `watson_searchentry` WRITE;
/*!40000 ALTER TABLE `watson_searchentry` DISABLE KEYS */;
/*!40000 ALTER TABLE `watson_searchentry` ENABLE KEYS */;
UNLOCK TABLES;
/*!40103 SET TIME_ZONE=@OLD_TIME_ZONE */;

/*!40101 SET SQL_MODE=@OLD_SQL_MODE */;
/*!40014 SET FOREIGN_KEY_CHECKS=@OLD_FOREIGN_KEY_CHECKS */;
/*!40014 SET UNIQUE_CHECKS=@OLD_UNIQUE_CHECKS */;
/*!40101 SET CHARACTER_SET_CLIENT=@OLD_CHARACTER_SET_CLIENT */;
/*!40101 SET CHARACTER_SET_RESULTS=@OLD_CHARACTER_SET_RESULTS */;
/*!40101 SET COLLATION_CONNECTION=@OLD_COLLATION_CONNECTION */;
/*!40111 SET SQL_NOTES=@OLD_SQL_NOTES */;

-- Dump completed on 2019-01-23  5:31:25
